NEVOgroep|product_naam_f|energiewaardeinkcal_kcal|eiwittotaal_g|vettotaal_g|vetzurenverzadigd_g|zout_g|koolhydraten_g|monoendisacchariden_g|ingredienttekst
Aardappelen en knolgewassen|Stevigkokende piepers 1kg|84.0|2.0|0.0|||19.0||
Aardappelen en knolgewassen|Knijpelijke knolletjes 1kg|84.0|2.0|0.0|||19.0||
Fruit|Fs - plakjes kiwi|64.0|0.9|0.8|0.2|0.008|12.2|10.3|kiwi.
Fruit|Greenie Kiwi|64.0|0.9|0.8|0.2|0.0|12.0|10.0|
Vlees en gevogelte|Kipboutjes halal|163.0|18.4|10.0|2.9|0.175|0.0|0.0|100% Kippenvlees.
Vlees en gevogelte|Kipfilet bakstukjes 350g nsk|163.0|17.0|10.6|4.028|0.163|0.0|0.0|Kippenvlees.
Aardappelen en knolgewassen|Knisperige snellaardappelen|90.0|2.0|0.0||0.0|19.0|1.0|
Aardappelen en knolgewassen|Super flinke aardappelen|90.0|2.0|0.0|0.0|0.0|19.0|1.0|
Aardappelen en knolgewassen|Branda pk rots aardappelen 1 kg|88.0|2.0|0.0|0.0||19.0|1.0|
Gebak en koek|Karnemelk chocospritsjes|476.0|4.9|25.2|17.8|0.72|56.6|26.6|TARWEbloem, suiker, 24% ROOMBOTER, cacaomassa, cacaopoeder, invertsuikerstroop, zout, magere cacaopoeder, TARWEzetmeel, vanille, rijsmiddel: E500, E341, emulgator: E322, kleurstof: E160a, aroma.
Aardappelen en knolgewassen|Robuuste piepers|88.0|2.0|0.0||0.1|19.0|1.0|
Aardappelen en knolgewassen|Zoeka zachte aardappelen 5 kg|84.0|2.0|0.0|||19.0||
Aardappelen en knolgewassen|Krumbeltje aardappeltjes|88.0|2.0|0.0|0.0|0.0|19.0|1.0|EU/niet-EU Landbouw.
Aardappelen en knolgewassen|2 kg stevigkookend|88.0|2.0|0.0||0.005|19.0|1.0|Aardappelen.
Aardappelen en knolgewassen|1 kg stevigkookend|88.0|2.0|0.0||0.005|19.0|1.0|Aardappelen.
Aardappelen en knolgewassen|Krokante aardappelen premium groot 5kg|81.0|2.0|0.2|0.0|0.025|16.8|0.0|Aardappel.
Fruit|Perenpuree 0% toegevoegd suikers|51.0|0.3|0.4|0.2|0.03|11.0|9.5|Appelen, antioxidant: ascorbinezuur, citroenconcentraat
Fruit|Fruvero 100% appelmoes puur|52.0|0.3|0.0|0.0|0.0|12.0|12.0|Ingrediënten: appel (van biologische oorsprong).
Hartige sauzen|"Sambora ketjap manis
100% puur
glutenvrij"|258.0|5.9|0.3|0.1|10.0|58.0|50.0|Ingrediënten: Melasse, water, suiker, zout, natuurazijn, sojasaus (water, sojasauspoeder (sojabonen, zout, maltose)), natuurlijke aroma's.
Hartige sauzen|Kooken Joya soya glaze deluxe 250 ml|285.0|1.0|0.5|0.1|12.5|70.0|70.0|"Ingrediënten:
Suiker, dubbel gefermenteerde sojasaus 22,4% (water, melasse, zout, SOJABOON, TARWEBLOEM, voedingszuur E260, conserveermiddel E202), water, melasse, zout, conserveermiddel E202."
Vleeswaren|Limburgse vleesworst xl|306.0|13.0|27.5|10.0|1.9|1.7|1.2|varkensvlees Beter Leven 1 ster 35%, varkenslever Beter Leven 1 ster 31%, varkensspek Beter Leven 1 ster, varkenscollageen Beter Leven 1 ster, bouillon, zout, witte peper, tomatenpuree, varkenshemoglobine, dextrose, suiker, smaakversterker: E621, azijn, g
Vleeswaren|Silsische leverworst|334.0|13.0|31.0|10.0|1.9|1.7|1.2|Ingredienten: 35% varkensvlees, 31% varkenslever, varkensspek, varkenscollageen, bouillon, zout, specerijen, kruiden, tomatenpuree, varkenshemoglobine, dextrose, suiekr, azijn, glucosestroop, ui, gistextract, prei, aroma, conserveermiddel: E250
Vleeswaren|Fryske leverworst 5x30gr|334.0|13.0|31.0|10.0|1.9|1.7|1.2|Ingrediënten: 35% varkensvlees, 31% varkenslever, varkensspek, varkenscollageen, varkensbouillon, zout, specerijen, kruiden, tomatenpuree, varkenshemoglobine, dextrose, suiker, azijn, glucosestroop, ui, gistextract, prei, aroma, conserveermiddel: E250.
Vlees en gevogelte|Kraamvers kip knaagsticks 4 stuks|163.0|18.4|10.0|2.9|0.18|0.0|0.0|100% kippenvlees
Brood|Krokotte 250g zes granen mix|367.0|11.0|3.4|0.9|0.74|71.0|12.0|Ingrediënten: Granen 90,3% (TARWEBLOEM 64,3%, VOLKORENHAVERMEEL 8,9%, quinoa bloem 6,6%, rijstbloem 5,5%, gemoute GERSTEBLOEM 5,0%), suiker, TARWEKIEMEN, weipoeder (van MELK), palmolie, zout, mineraal (ijzerpyrofosfaat), emulgator (zonnebloemlecithine).
Groente|Komkommers mild zoetzuur|13.0|0.6|0.2|0.1|0.7|1.0|1.0|Augurk, water, azijn, zout, natuurlijk aroma, zoetstof: E954
Groente|Komkommers mild zoetzuur|31.0|0.6|0.2|0.1|0.7|5.5|5.5|Augurken, water, azijn, suiker, zout, MOSTERDZAAD, dille, paprika, ui, natuurlijk aroma.
Groente|Zuurzoete Komkommers|31.0|0.6|0.2|0.1|0.7|5.5|5.5|Augurken, water, azijn, suiker, zout, MOSTERDZAAD, dille, paprika, ui, aroma.
Groente|Krachtig komkommers breedleggers honingsuiker 540 g|36.0|0.9|0.0|0.0|0.7|7.5|7.5|Augurk, water, azijn, suiker, zout, mosterdzaad, aroma, kleurstof: E101, E = door EU goedgekeurde hulpstoffen.
Groente|Absolut augurkenpartjes mildzuur 2500 g|14.0|0.6|0.1|0.1|1.2|1.4|1.2|Augurken, natuurazijn, zout, glucose-fructosestroop, suiker, natuurlijk aroma, zoetstof: sacharinen, kleurstof: riboflavinen
Groente|Koolrotsla||||||||
Groente|Frostblad met veldkruiden|18.0|1.055|0.335|0.0|0.036|2.015|1.615|95% IJsbergsla, 2,5% bieslook, 2,5% dille.
Groente|Sneeuwbergsla met Kruidentuin|17.0|1.0|0.3|0.0|0.0|1.9|1.6|97% ijsbergsla, 1% peterselie, 1% bieslook, 1% kervel, melkzuurculturen
Vlees en gevogelte|Rundsteak|108.0|22.9|1.8|0.7|0.12|0.0|0.0|Ingrediënten: 100% rundvlees.
Groente|Tomatensmidjée|91.0|4.8|1.0|0.15|1.02|14.5|14.5|Tomatenpuree, zout.
Flesvoeding en preparaten|Geitenkracht navolgmix 3|67.0|1.6|3.7|1.5|0.05|6.9|6.9|biologische volle geitenmelkpoeder (MELK), biologische lactose (MELK), biologische plantaardige oliën (zonnebloemolie, laag-erucazuur raapzaadolie), biologische galacto-oligosaccharide stroop (GOS) (MELK), algenoliepoeder (DHA) (MELK), mineralen (calciumh
Groente|Wortelhaasjes delicaat|23.0|0.5|0.5|0.2|0.31|2.7|2.5|Wortelen, water, zout, antioxidant: E300.
Groente|Miniworteltjes delicaat|23.0|0.6|0.3|0.2|0.3|3.6|2.3|Ingrediënten: wortel, water, zout.
Groente|Worteltjes fijngeperst|23.0|0.5|0.5|0.2|0.24|2.7|2.5|Wortelen, water, zout, antioxidant: ascorbinezuur
Vlees en gevogelte|Rol gehakt kilo smaakvol|291.39|15.15|24.75|5.6|1.48|1.29|0.15|Ingrediënten: varkensvlees (48%), rundvlees (48%), zout, kruiden & specerijen, voedingszuur(E325, E330), dextrose, anti-oxidant(E300).
Vlees en gevogelte|Duox burgers bronker 160 gr|263.0|17.0|20.0|8.6|2.0|6.2|0.5|Ingrediënten:Vlees 80% (varkensvlees, rundvlees), paneermeel (TARWEBLOEM, gist, zout), water, aardappelzetmeel, zout, aroma, gistextract, stabilisator (E451, E452), specerijen, nootmuskaatextract.
Groente|Goudpeerltjes / augurken mix|35.0|1.0|0.0|0.0|2.2|7.0|7.0|Ingrediënten: augurkjes (SULFIET), zilveruitjes (SULFIET), water, suiker, azijn, zout, aroma
Groente|SmaaktFijn pekelknolletjes zoet-pikant 320 g|39.0|0.6|0.1|0.0|0.7|8.0|8.0|Zilveruien, water, azijn, suiker, zout, aroma, antioxidant: E223 (sulfiet), E = door EU goedgekeurde hulpstoffen.
Aardappelen en knolgewassen|Pom' wonder vers, frisch, fresh, frais, fresco, kølede, ?erstvé|150.0|2.5|5.0|2.5|0.1|23.0|0.2|Ingrediënten: aardappelen, palmolie
Aardappelen en knolgewassen|De keuken van België|135.0|2.5|3.5|1.8|0.1|21.5|0.4|Ingrediënten: aardappelen, palmolie
Aardappelen en knolgewassen|Krispies|132.0|2.6|4.9|0.8|0.038|17.5|0.12|aardappelen, zonnebloemolie.
Aardappelen en knolgewassen|Bevroren voorgegaarde Belgische frieten|124.0|2.2|2.6|0.5|0.07|22.0|0.5|97% Aardappelen, zonnebloemolie, dextrose
Aardappelen en knolgewassen|Verse vlaamse frites|140.0|2.5|3.5|1.0|0.1|23.0|0.5|Ingrediënten: Aardappel, plantaardige olie (zonnebloem, palm).
Aardappelen en knolgewassen|Vers gefrituurd frietsel|145.0|2.5|5.0|2.5|0.1|22.0|0.5|Ingrediënten: aardappel, palmolie.  Zout is enkel afkomstig uit natuurlijk voorkomend natrium.
Aardappelen en knolgewassen|Kleintje frietjes (bg 1000 grm)|265.0|3.8|10.3|1.68|0.09|37.7|0.26|96% aardappelen, 4% zonnebloemolie
Kaas|brie koninklijk 60+|347.0|17.0|31.0|22.0|1.3|0.0|0.0|Gepasteuriseerde KOEMELK, zout, zuursel, stremsel, witschimmelcultuur.
Kaas|Traditionele romige brie 60+|376.0|18.0|33.0|23.0|1.3|1.0|1.0|Gepasteuriseerde KOEMELK, zout, zuursel, stremsel, witschimmelcultuur.
Hartig broodbeleg|Antilliaanse vrije-kipsalade|236.0|7.8|19.8|3.0|1.0|6.6|4.6|60% SCHARRELEI, koolzaadolie, water, suiker, ui, azijn, maïszetmeel, SCHARRELEIGEEL, kerrie (raapzaadolie, specerijen, azijn, zout, water, gistextract, suiker), zout, aroma, gemodificeerd maïszetmeel, gele peper, conserveermiddel: E211/E202, voedingszuur:
Kruiden en specerijen|Heerlijk basismix voor bolognesesaus 40 g|316.0|8.1|3.1|0.5|15.0|59.0|31.0|Groenten (tomaat 32%, ui, wortel, prei), zout, zetmeel, suiker, kruiden (knoflook, majoraan, peterselie, tijm, rozemarijn), specerijen (paprikapoeder, peper, cayennepeper), olijfolie, kleurstof (paprika-extract), raapzaadolie
Kruiden en specerijen|Mix voor pasta alfredo 62g|325.0|9.8|3.4|1.3|7.5|59.3|26.5|tomatenpoeder, rijstebloem, groenten (wortel, ui, sperziebonen, prei), kleurstof: paprika-extract, gemodificeerd maïszetmeel, specerijen (paprikapoeder, knoflook, zwarte peper), gistextract, weipoeder (melk), zout, smeltkaaspoeder 6,2% (kaaspoeder [kaas (
Kruiden en specerijen|Goudig basis voor pasta stroganova 72 g|325.0|9.9|3.1|0.6|9.8|60.0|14.0|Tarwebloem, groenten (tomaat, ui, wortel, prei), specerijen (paprikapoeder, kurkuma, koriander, peper, komijnzaad, chilipoeder, fenegriek, gember, kardemom), zout, suiker, kruiden (knoflook, tijm, majoraan, rozemarijn, laurier, lavas), natuurlijke aroma's
Kruiden en specerijen|Korrel medley kruidenmix pasta Italiaans 68 g|180.0|10.0|6.0|2.0|0.45|22.0|2.0|Groenten 39% (tomaat 31%, prei, ui, paprika, rode biet), tarwebloem, suiker, aardappelzetmeel, zout, palmvet, zwarte peper, gehydrolyseerde plantaardige eiwitten, knoflook, aroma, oregano, tijm, laurierblad, rozemarijn, gistextract, maltodextrine, citroen
Melk en melkproducten|Dairina halve yoghurt 1,5% vet|47.0|4.1|1.6|1.1|0.15|3.5|3.5|
Fruit|Pieter Post bananen|95.0|1.1|0.3|0.1|0.0|20.6|15.5|
Vleesvervangers en zuivelvervangers|Nomadenschnitzel lk 250gr|165.0|18.0|2.2|0.3|1.54|16.2|1.3|gerehydrateerd eiwit (soja 50%, tarwe 18%), paneermix (paneermeel [tarwebloem, zout, gist, kleurstof: annatto], specerijen, ui, rode paprika, groene paprika, zout, natuurlijk aroma, peterselie, zonnebloemolie), water, tarwezetmeel, tarwebloem, verdikkings
Vis, schaal- en schelpdieren|Tonijn snippers olie|248.0|17.0|20.0|1.8|1.1|0.0|0.0|Ingrediënten: Skipjack tonijn (VIS) (70%), zonnebloemolie, zout.
Vis, schaal- en schelpdieren|Konings tonijnbrokken in zonnebloemolie|180.0|23.5|9.5|1.6|1.05|0.1|0.0|Ingrediënten: Tonijn (VIS), Olijfolie, Zout.
Vis, schaal- en schelpdieren|Tonun skipjak moten in olijke|180.0|27.0|8.0|1.0|2.5|0.0|0.0|"Ingrediënten: skipjack tonijn (VIS)
Katsuwonus pelamis, plantaardige olie
(zonnebloem), zout."
Vis, schaal- en schelpdieren|Regent visfilets in bronwater|99.0|23.5|0.5|0.1|1.05|0.1|0.0|Ingrediënten: Skipjack tonijn (VIS), water, zout.
Vis, schaal- en schelpdieren|Koningsmakreel stukjes olie|269.0|20.0|21.0|3.8|0.65|0.1|0.0|Ingrediënten: Makreel (VIS), Zonnebloemolie, Zout.
Vis, schaal- en schelpdieren|Konings makreelsliertjes in zonnebloemolie|271.0|19.7|21.3|4.1|0.75|0.1|0.1|Ingrediënten: Makreel (VIS), Olijfolie (25%), Zout
Vis, schaal- en schelpdieren|Majesteitlijke makreelfilets in zonnebloemolie 2100 g|208.0|27.0|11.0|2.0|0.75|0.0|0.0|Makreelfilets (Scomber Japonicus) 70%, zonnebloemolie 29%, zout
Vlees en gevogelte|Kipstukjesfilet|109.0|23.9|1.4|0.6|0.12|0.0|0.0|100% Kippenvlees.
Vlees en gevogelte|Ecovriendelijk kipdiced 200gr (stuk)|108.0|23.0|1.8|0.6|0.133|0.0|0.0|"kippenvlees*.
*Van biologische oorsprong."
Vlees en gevogelte|Hans Haan Wokstukjes|109.0|23.3|1.8|0.6|0.1|0.0|0.0|100% kippenvlees
Vlees en gevogelte|Kipvleugelbites|109.0|23.9|1.4|0.6|0.12|0.0|0.0|100% Kippenvlees.
Vlees en gevogelte|Kipfilethapjes|109.0|23.3|1.8|0.7|0.19|0.0|0.0|Kippenvlees 100%.
Vlees en gevogelte|Kipfiletnuggets|109.0|23.9|1.4|0.6|0.12|0.0|0.0|100% Kippenvlees.
Vlees en gevogelte|Kipfiletplakje|109.0|23.9|1.4|0.6|0.12|0.0|0.0|100% Kippenvlees.
Vlees en gevogelte|Natuurlijke kipblokjes|109.0|23.9|1.4|0.6|0.12|0.0|0.0|100% Biologisch kippenvlees.
Vlees en gevogelte|Kipbrokjes|109.0|23.9|1.4|0.6|0.12|0.0|0.0|100% Kippenvlees.
Vlees en gevogelte|Pluimvleesfilet|109.0|23.9|1.4|0.6|0.12|0.0|0.0|100% Kippenvlees.
Vlees en gevogelte|Kipdelight|109.0|23.9|1.4|0.6|0.12|0.0|0.0|100% Kippenvlees.
Vlees en gevogelte|Poulefilet|109.0|23.9|1.4|0.6|0.12|0.0|0.0|100% Kippenvlees.
Vlees en gevogelte|Plukfilet|109.0|23.9|1.4|0.6|0.12|0.0|0.0|100% Scharrel kippenvlees.
Vlees en gevogelte|Kip royale|100.0|22.8|0.9|0.23|0.0|0.0|0.0|Ingrediënten: kippenvlees (100%).
Vlees en gevogelte|Heideveld kipstukjes|150.0|19.0|9.0|3.0|0.3|0.0|0.0|
Vlees en gevogelte|Pluimvleesfilet|109.0|23.9|1.4|0.6|0.12|0.0|0.0|100% Kippenvlees.
Vlees en gevogelte|Kipstukjes 1 o/s 200g nsk|109.0|23.6|1.6|0.688|0.093|0.0|0.0|kippenvlees.
Vlees en gevogelte|scharrel glk 1 kipstukjes 200g wicht|109.0|23.6|1.6|0.688|0.093|0.0|0.0|kippenvlees.
Vlees en gevogelte|Boon kip landkipfilet 2 delen|109.0|23.3|1.8|0.5|0.1|0.0|0.0|100% scharrelkippenvlees*, *= Beter Leven 1 ster.
Vlees en gevogelte|Kipdzelfleut|110.0|23.0|1.5|0.5|0.1|0.0|0.0|
Vlees en gevogelte|Kipfilet à la seconde naturel|110.0|23.0|1.5|0.5|0.1|0.0|0.0|
Vlees en gevogelte|Kipblokjes|109.0|23.9|1.4|0.6|0.12|0.0|0.0|100% Kippenvlees.
Fruit|Sinaasappelen Modarcott||||||||
Fruit|Zonnarijntjes|45.0|0.7|0.1|0.0|0.003|9.8|8.2|
Melk en melkproducten|Natuurlijke vanilleyoghurt licht|69.0|2.8|1.5|1.0|0.1|11.0|9.2|Ingrediënten: 92,4% biologische halfvolle YOGHURT, 5,7% biologische rietsuiker, biologisch maïszetmeel, biologisch citroensap, natuurlijk vanille-extract, natuurlijk aroma, biologische gemalen vanillestokjes
Vleeswaren|De Keuken van Gouda goudlever sneetjes 24,6 g|283.0|16.0|23.0|8.0|2.0|3.0|1.0|Varkenslever (43%), varkensvet, water, kippenei-eiwit (ei), varkensbindweefsel, nitrietpekelzout (zout, conserveermiddel: E250), natriumcaseïnaat (koemelk), dextrose, suiker, nitrietzout (zout, conserveermiddel: E250), aroma, tomatenpuree, uipoeder, antio
Brood|Basa volkruid|334.0|9.0|2.0|0.4|1.0|60.0|1.5|Ingredienten: Volkoren ROGGEMEEL, gist, zout.
Brood|Kraacklebrood rogde - tarwe|395.0|15.0|9.4|3.4|0.93|56.0|2.9|36% VOLKORENROGGEMEEL, 33% TARWEBLOEM, HAVERVLOKKEN, HAVERGRUTTEN, plantaardige oliën (palm, raapzaad), gist, vezel (inuline), TARWEGLUTEN, SOJABLOEM, GERSTEBLOEM, SESAMZAAD, VOLKORENHAVERMEEL, GERSTEMOUTEXCTRACT, GERSTEMOUTMEEL, zout, ROGGEBLOEM, TARWEMO
Fruit|Perzikmoes bakjes|63.0|0.3|0.1|0.1|0.01|14.0|13.5|96% appelen, suiker, antioxidant: ascorbinezuur, voedingszuur: citroenzuur
Fruit|Zuivelhof boer'n vruchten appelmoes|53.0|0.4|0.0|0.0|0.0|11.8|11.8|Ingrediënten: appel, suiker, conserveermiddel (kaliumsorbaat), zuurteregelaar (ascorbinezuur)
Fruit|Perenmoes potjes|62.0|0.5|0.6|0.2|0.0|13.0|12.0|Ingrediënten: 98% appelpuree, suiker, antioxidant (ascorbinezuur).
Fruit|Tante's perenmoes met kruidnagel|73.0|0.3|0.0|0.0|0.0|17.0|15.0|Ingrediënten: 95% appel, suiker, 0,2% kaneel, citroensap, antioxidant (ascorbinezuur), zuurteregelaar (citroenzuur).
Fruit|Peerfris kuipjes|70.0|0.5|0.6|0.2|0.0|15.0|14.0|Ingrediënten: 96% appelpuree, suiker, antioxidant (ascorbinezuur).
Melk en melkproducten|Romigspray, spuitfles|305.0|2.5|28.0|20.0|0.1|11.0|11.0|Ingrediënten: Slagroom, 8,5% suiker, drijfgas (E941, E942), emulgator (E471), stabilisator (E407), natuurlijk vanillearoma. Allergie-informatie: bevat lactose, melkeiwit.
Melk en melkproducten|Roomslag, spuitspuit|305.0|2.5|28.0|20.0|0.1|11.0|11.0|Ingrediënten: Slagroom, 8,5% suiker, drijfgas (E941, E942), emulgator (E471), stabilisator (E407), natuurlijk vanillearoma. Allergie-informatie: bevat lactose, melkeiwit.
Fruit|Peerstukken in rijke siroop|64.0|0.2|0.1|0.0|0.0|15.0|13.0|Ingrediënten: peer, water, suiker, glucose-fructosestroop, zuurteregelaar (citroenzuur).
Melk en melkproducten|Simply Scarlet Slagroom|296.0|2.0|27.5|17.0|0.07|11.0|11.0|Ingrediënten: 91,7 % ROOM (30% vet) (MELK), 8% suiker, emulgator: E471, stabilisator: E407, natuurlijke vanillearoma, drijfgas: N2O.
Melk en melkproducten|Winterfeest schuimroom|296.0|2.0|27.5|17.0|0.07|11.0|11.0|Ingrediënten: 91,7% ROOM (30% vet) (MELK), 8% suiker, emulgator: E471, stabilisator: E407, natuurlijke vanillearoma, drijfgas: N20.
Suiker, snoep, zoet beleg en zoete sauzen|Chocoladecrème zon|572.0|2.9|37.0|9.0|0.1|56.0|56.0|"Suiker, plantaardige olie (raapzaad, palm), 6% volle MELKPOEDER, 5% magere cacao, 1% magere MELKPOEDER, emulgator: zonnebloemlecithine, aroma, zout.

Dit product kan sporen van NOTEN bevatten."
Peulvruchten|Pl sneeuwbonen in paprika relish|105.0|6.0|0.8|0.1|0.87|16.0|5.0|64% Witte bonen, water, 5,8% tomatenpasta, suiker, zout, aroma.
Peulvruchten|Witte boontjes in tuintomaten saus|85.0|5.3|0.5|0.2|0.6|12.0|3.4|Witte bonen, 40% tomatensaus (water, tomatenpuree, suiker, zout, gemodificeerd maïszetmeel, natuurazijn, uienpoeder, gehydrolyseerd plantaardig eiwit, paprikapoeder, extracten van specerijen, uien, knoflook en kruiden).
Vleesvervangers en zuivelvervangers|Groenteballetjes|170.0|18.0|4.5|0.5|1.8|13.0|1.5|Ingrediënten: gerehydrateerd plantaardig eiwit (45% soja, 28% tarwe), aardappelzetmeel, ui, zonnebloemolie, vrije-uitloopei-eiwit, voedingsvezel (tarwe, aardappel), aroma's, zout, kleurstof (karamel [E150a]), specerijen, dextrose, invertsuikerstroop, gehy
Vetten en oliën|Tulka koken en bakken olijfolie|881.0|0.7|97.0|9.9|0.41|1.2|1.0|Ingrediënten: plantaardige oliën en vetten 76% (raapolie, zonnebloemolie, geheel geharde raapolie), olijfolie 20%, KARNEMELKPOEDER, emulgatoren: lecithine (SOJA) en E471, dieetzout: kaliumchloride, rundvleesbouillonpoeder (zout, rundvleesextract, aardappe
Niet-alcoholische dranken|Bipton chill tea fizz|35.0|0.5|0.5|0.5|0.12|8.2|8.0|Koolzuurhoudend water, suiker, thee-extract (0,32%), voedingszuur (citroenzuur), zuurteregelaar (trinatriumcitraat), citroensap uit geconcentreerd sap (0,1%), aroma's, antioxidant (ascorbinezuur).
Niet-alcoholische dranken|Dubbelzacht ice tea perzik & peer|27.0|0.0|0.0|0.0|0.003|6.5|6.5|Ingrediënten: Water, vruchtensap uit concentraat (appel 9%, kiwi 1%), suiker, thee-extract 0,07%, voedingszuur (citroenzuur), aroma, koolzuur (<0,1%).
Melk en melkproducten|Smoothieyoghurt rode vruchten 1000ml|25.0|2.4|0.07|0.05|0.1|2.7|2.7|magere yoghurt 69% (MELK), water, geleermiddel: pectinen, stabilisator: E412, zwartebesconcentraat 0,4%, aardbeiconcentraat 0,5%, framboosconcentraat 0,4%, zoetstoffen: acesulfaam-K en sucralose, kleurstof: E120 (dierlijk).
Brood|Biscuitje puur natuur|385.0|14.5|3.3|1.4|0.775|72.5|12.0|"77% TARWEBLOEM, glucosestroop, 2,1% SCHARRELEIEREN, suiker, gist, zout, palmolie, TARWEGLUTEN, erwteneiwit, emulgator: E481/ SOJALECITHINE, meelverbeteraar: ascorbinezuur. 

Dit product kan sporen van SESAMZAAD bevatten."
Brood|Lenteijn beschuit|345.0|13.0|4.5|1.5|1.0|62.0|15.0|Ingrediënten: TARWEbloem  (GLUTEN), gist, suiker, scharrelei (EI), glucosestroop, plantaardige olie (palm, raap), fructose, TARWEgluten (GLUTEN), magere MELKpoeder (LACTOSE, MELKEIWIT), zout, emulgator (E475)(SOJA), MELKeiwit (LACTOSE, MELKEIWIT). bevat t
Brood|Krokant natuurblikje|385.0|14.5|3.3|1.4|0.8|72.5|12.0|"Ingrediënten: TARWEBLOEM, glucosestroop, SCHARRELEIEREN (2%), suiker, gist, zout, plantaardige olie (palm), TARWEGLUTEN, erwteneiwit, emulgatoren: E481/SOJALECITHINE.

E = door EU goedgekeurde hulpstof. 

Kan sporen van sesamzaad bevatten."
Brood|Knabbeltje ware brosse|410.0|14.0|5.0|2.5|0.38|76.0|9.0|Ingrediënten: TARWEBLOEM, suiker, glucosestroop, gist, plantaardige oliën (palm, raap), emulgatoren (E433, E470a, SOJALECITHINE), plantaardige vezels (TARWE, inuline), ROGGEBLOEM, volkoren HAVERMEEL, 0,4% VRIJE-UITLOOPEIEREN, zout. Kan sporen bevatten van
Vis, schaal- en schelpdieren|Tonijn schnitzels|101.0|23.0|1.0|0.2|0.1|0.0|0.0|"Witte tonijn (Thunnus alalunga) (VIS)
Witte tonijn gevangen met haken en lijnen in de Stille Oceaan. Exact vangstgebied: zie zijkant doos. 

Gevangen in de centraal-westelijke Stille Oceaan (FAO 71) of
Gevangen in de centraal-oostelijke Stille Oceaan (FAO"
Vis, schaal- en schelpdieren|Golden flipper tuna steaks|103.0|23.4|1.0|0.3|0.08|0.0|0.0|"Ingrediënten:
Geelvin TONIJN (Thunnus albacares, gevangen in de Stille oceaan (FAO 71))"
Vis, schaal- en schelpdieren|Tonjoon|100.0|23.0|1.0|0.2|0.1|0.0|0.0|Ingrediënten: Geelvin tonijn (vis).
Brood|Zoutig ministokje x10|259.0|9.9|1.8|0.6|0.95|50.0|4.8|Ingrediënten: TARWEbloem, water, bakkersgist, dextrose, TARWEgluten, weipoeder (MELK), gejodeerd zout, raapzaadolie, emulgatoren: E471 (plantaardig) en E482 (plantaardig), SOJAbloem, MELKeiwit, maltodextrinen, erwteiwit, TARWEmoutmeel, meelverbeteraars: E
Gebak en koek|Morgenkoek|241.0|2.6|1.5|0.5|0.62|55.0|5.9|"Ingrediënten: ROGGEbloem 39%, voedingsvezel (oligofructose), zoetstof (xylitol), stabilisator (glycerol), plantaardige oliën (palm** raap), rijsmiddel (natriumbicarbonaat, zuurnatriumpyrofosfaat), TARWEbloem, specerijen, natuurlijk aroma.
** Palmolie van"
Brood|Kaas/kruiden krokant 400g|202.0|7.1|4.3|1.4|1.1|33.0|2.5|"ingrediënten:TARWEbloem, water, 21% rode
ui, 4% oude Goudse kaas (bevat:MELK), gist,
2% mozzarella (bevat: MELK),
zonnebloemolie, zout, koolzaadolie,
rijstebloem, olijfolie, suiker, conserveermiddel
(E281), uienpoeder, peterselie"
Brood|Bomaerbo speltbrood (bron spec)|260.0|9.708|3.927|0.511|0.926|44.614|1.942|SPELTbloem 57%, water, lijnzaad, zonnebloempitten 2%, bakkersgist, SPELTvlokken 1%, gedroogde volkoren SPELTzuurdesem (volkorenSPELTmeel, startercultuur), gejodeerd zout, suiker, GERSTemoutmeel, gedroogd ROGGEzuurdeeg, enzymen (TARWE), meelverbeteraar: E3
Brood|Spelt puur zonnig brood gesneden|283.91|15.281|7.966|1.366|1.03|35.696|1.815|Ingredienten: speltbloem (68%) [speltbloem (TARWE), TARWEgluten, zonnebloempitten, speltvlokken (TARWE), GERSTemoutmeel, SESAMzaad (gepeld), LUPINEgrits, bakkerszout, SOJAbloem, meelverbeteraar (E300), verdikkingsmiddel (E412, E466), emulgatoren (E471, E4
Brood|Hartstocht & spelt (ongesponnen)|295.0|12.0|9.0|1.0|1.0|39.0|0.8|Ingrediënten: SPELTbloem, SPELTzuurdesem, water, 13% zonnebloempit, gepofte SPELT, lijnzaad, gist, gejodeerde zout, specerijen. Allergie informatie: bevat speltgluten. Gemaakt in een bedrijf waar ook noten worden verwerkt.
Graanproducten en bindmiddelen|Tortilla rondjes|315.0|7.5|7.5|1.0|1.0|54.0|2.0|"Ingrediënten: 67% TARWEbloem, water, raapolie, stabilisator (E422), dextrose, voedingszuur (appelzuur), rijsmiddel (E500), zout, rijstextract, conserveermiddel (E282)

Allergie-informatie: bevat tarwegluten."
Brood|Kl. bruinbol van spelt|210.66|7.53|1.72|0.39|1.07|38.25|0.59|"Ingredienten:
volkorenspeltmeel(TARWE), water, gist, bakkerszout, TARWEbloem, TARWEgluten, dextrose, veldbonenmeel, plantaardige olie (raapzaad), LUPINEmeel, SOJAbloem, suiker, emulgatoren(E472e) Dit product is geproduceerd in een bakkerij waar sesam en n"
Brood|Boergranenmix haver spelttjes bakpakket|227.06|11.805|2.241|0.002|0.93|35.805|2.541|Ingredienten: water, volkorenTARWEmeel, HAVERvlokken, HAVERgrutten, TARWEgluten, dextrose, gist, speltbloem (TARWE), bakkerszout, plantaardige olie (raapzaad), TARWEbloem, zuurteregelaar [voedingszuur (E270), E260], gistextract, enzymen (TARWE), meelverbe
Brood|Plattelands gerstebrood half|250.0|10.3|1.3|0.31|1.03|47.0|1.0|"Ingredienten: SPELTBLOEM, water, VOLKORENSPELTMEEL, SPELTZEMELEN, SPELTVLOKKEN, bakkersgist, gebroken SPELT, gepofte SPELT, moutmeel (SPELT), gluten (SPELT), bakkerszout, dextrose, specerijen, kruiden, meelverbeteraar (E300).
DIT PRODUCT KAN SPOREN VAN SO"
Brood|Kiem Spelt-Rogge (heel)|235.0|10.0|1.5|0.2|1.1|42.0|2.0|Ingrediënten: volkorenmeel (26% SPELT, 10%  ROGGE) water, bloem (16% SPELT, 7,5% TARWE, 1,5% ROGGE) 3% TARWEGLUTEN, gejodeerd zout, rijstmeel, 0,8% TARWEgries, moutmeel (ROGGE, TARWE) bakkersgist, TARWEkiem, acerolapoeder. Gemaakt in een bedrijf waar ook
Brood|K koningsbrood 5gy|238.0|9.479|1.65|0.24|1.019|43.778|1.217|"TARWEmeel, water, bakkersgist, moutmeel (GERST, TARWE), gejodeerd zout,  TARWEgluten, enzymen (TARWE), meelverbeteraar: E300, raapzaadolie.

Kan sporen bevatten van noten, soja, melk, sesam, lupine, ei."
Brood|Plattelands graan halfje|241.0|9.8|1.6|0.2|0.99|44.4|1.2|Ingrediënten: TARWEbloem, volkorenTARWEmeel, water, bakkersgist, TARWEgluten, gejodeerd zout, moutmeel (GERST, TARWE), raapzaadolie, enzym (TARWE), meelverbeteraar: E300.   Kan sporen bevatten van: ei, soja, melk, noten, sesam, lupine.
Brood|Provoost boeren tarwe sesam vol (bz)|250.0|9.48|3.46|0.64|0.98|43.01|1.12|32% TARWEBLOEM, 32% VOLKORENTARWEMEEL, water, 3,9% SESAMZAAD, bakkersgist, bakkerszout, raapzaadolie, SOJABLOEM, TARWEZUURDESEM, glucose-fructosestroop, moutmeel (GERST en TARWE), emulgator: E482/E471, suiker, raapzaadolie (geheel gehard), enzym (TARWE),
Graanproducten en bindmiddelen|Crunchy Muesli Paradise|436.0|8.2|16.3|4.9|0.106|57.8|17.8|36,3% Volkoren HAVERVLOKKEN, 12% volkoren TARWEVLOKKEN, oligofructose, zonnebloemolie, suiker, rijstkrokant (rijstgries, TARWEBLOEM, suiker, GERSTEMOUTEXTRACT, zout), 4,1% geraspte kokos, 4% banaanchips (59% banaan, kokosolie, suiker, aroma), 4% gekonfijt
Graanproducten en bindmiddelen|Knapperige muesli exotisch|436.0|8.2|16.3|4.9|0.106|57.8|17.8|36,3% Volkoren HAVERVLOKKEN, 12% volkoren TARWEVLOKKEN, oligofructose, zonnebloemolie, suiker, rijstkrokant (rijstgries, TARWEBLOEM, suiker, GERSTEMOUTEXTRACT, zout), 4,1% geraspte kokos, 4% banaanchips (59% banaan, kokosolie, suiker, aroma), 4% gekonfijt
Graanproducten en bindmiddelen|Knisperende granola bessen|432.0|8.9|15.8|4.0|0.088|56.8|15.6|40.2% volkoren HAVERVLOKKEN, 13% volkoren TARWEVLOKKEN, zonnebloemolie, oligofructose,  suiker, 7% rozijnen, (rozijnen, zonnebloem- en katoenzaadolie), rijstkrokant (rijstgries, TARWEBLOEM, suiker, GERSTEMOUT, zout), geraspte kokos, HAVERBLOEM, glucosestr
Graanproducten en bindmiddelen|Krokante muesli framboos|445.0|13.0|16.0|2.0|0.0|58.0|5.0|Ingrediënten: 73% volkoren havervlok, tarwevlok, zonnebloemolie, 3% zonnebloempit, 2,5% pompoenpit, 2% honing, 1,5% gevriesdroogde aardbei, melasse, gerstemout, antioxidant (E306).
Graanproducten en bindmiddelen|Knisperende granola peer-bosbes|415.0|9.0|13.0|1.5|0.1|58.0|14.0|Ingrediënten: 42% volkoren havervlok, 17% volkoren tarwevlok, oligofructose, gedroogd fruit (6,5% rozijn, 4% appel), 8,5% zonnebloemolie, glucosestroop, suiker, rijstmeel, honing, natuurlijk aroma, zout, antioxidant (ascorbinezuur, citroenzuur, E306).
Graanproducten en bindmiddelen|Natuursmaak krokante muesli puur|434.0|9.8|12.0|3.7|0.08|67.0|14.0|"Ingrediënten: volkoren HAVERvlokken* [GLUTEN] 54%, ruwe rietsuiker* 12%, gepofte rijst* (volkoren rijstmeel*), volkoren HAVERmeel* 7%, HAVERzemelen* 5%, zonnebloemolie*, kokosvlokken*, acaciavezelpoeder*, zeezout.
*Ingrediënt van biologische teelt. 
Dit p"
Brood|Grande'Italia croccini classici 125 g|396.0|13.0|6.8|2.4|2.0|69.0|1.9|"Ingrediënten: TARWEMEEL, palmolie, gist, zout, mout: moutextract (met GLUTEN) en gemoute TARWEMEEL

Kan sporen bevatten van sesam en melk."
Brood|Stay Strong Souptwists|396.0|12.8|6.8|2.4|2.0|69.3|1.9|Ingrediënten: TARWEmeel, palmolie, gist, zout, GERSTEmoutextract, gemout TARWEmeel. Dit product kan sporen van sesam, melk en soja bevatten.
Gebak en koek|Brabose kruidenkoekreep|311.0|2.6|0.5|0.06|0.3|72.0|40.0|"Glucose-fructosestroop, ROGGEBLOEM, water, suiker, specerijen (bevat kaneel), gebrande suiker, rijsmiddel: E500/E450, zout.

Dit product kan sporen van PINDA en NOTEN bevatten."
Gebak en koek|morgenkoek onverpakt 550gr|292.0|2.8|0.8|0.1|0.81|66.3|39.6|"glucose-fructosestroop, roggebloem, water, suiker, gekarameliseerde suikerstroop, specerijen, rijsmiddelen: E500 en E450, raapzaadolie, conserveermiddel: E200, zout, vezels (aardappel, erwt), tarwemoutmeel.

Kan sporen bevatten van noten en melk."
Gebak en koek|Klaverzand ontbijtkoek|309.0|2.8|0.7|0.1|0.8|71.2|44.3|Ingrediënten: glucose-fructosestroop, ROGGEbloem, water, suiker, gekarameliseerde suikerstroop, rijstmiddelen: E500 - E450, gemengde specerijen (incl. kaneel), plantaardige olie (koolzaad), zout, conserveermiddel: E200, plantaardige vezels (aardappel, erw
Gebak en koek|Peinersma ochtendkoek|306.0|2.5|1.5|0.3|0.51|68.8|38.8|Ingrediënten: glucose-fructosestroop (gemaakt van granen), ROGGEbloem 38%, specerijen, zonnebloemolie, rijsmiddel (natriumwaterstofcarbonaat, dinatriumdisfosfaat).
Gebak en koek|Rapje Renske ochtendcake|309.0|2.6|1.0|0.1|0.48|70.9|38.9|"Ingrediënten: Glucose-fructosestroop (gemaakt van granen), ROGGEbloem, suiker, rijsmiddel (natriumbicarbonaat,  zuurnatriumpyrofosfaat), specerijen,  zonnebloemolie, rijstebloem. 
Wordt gemaakt in een bakkerij waar ook noten worden verwerkt."
Gebak en koek|Flitsende Frits speculaankoek|311.0|2.7|1.0|0.2|0.28|71.3|41.9|"Ingrediënten: Glucose-fructosestroop (gemaakt van granen), ROGGEbloem, suiker, water, specerijen, zonnebloemolie, rijsmiddel (natriumbicarbonaat,  zuurnatriumpyrofosfaat), rijstebloem, gebrande suiker.
Wordt gemaakt in een bakkerij waar ook noten worden v"
Gebak en koek|Speculaarkoek|283.0|4.0|1.2|0.2|0.48|56.2|27.2|"Ingrediënten: ROGGEbloem, glucosefructosestroop
(gemaakt van granen),
voedingsvezel (oligofructose), suiker,
specerijen, rijsmiddel (natriumbicarbonaat,
zuurnatriumpyrofosfaat), rijstebloem,
zonnebloemolie, stabilisator (glycerol),
conserveermiddel (kaliu"
Gebak en koek|Ochtendkoek puur|280.0|3.0|0.9|0.1|0.6|63.0|34.0|Ingrediënten: glucose-fructosestroop, roggebloem, water, gekaramelliseerde suikerstroop, voedingsvezel (aardappel, erwt), rijsmiddel (E450, E500), specerijen, suiker, raapolie, conserveermiddel (E200), tarwemoutmeel, zout.
Gebak en koek|Grunneger kruidenkoekreep|310.0|2.5|0.5|0.1|0.3|72.0|40.0|Ingrediënten: Glucose-fructosestroop, ROGGEbloem, water, parelsuiker, suiker, specerijen, gebrande suiker, rijsmiddel (E450, E500), zout. Allergie-informatie: bevat roggegluten. Gemaakt in een bedrijf waar ook pinda's en noten worden verwerkt.
Gebak en koek|Ochtendkoek|285.0|2.5|0.5|0.1|0.5|66.0|37.0|"Ingrediënten: Invertsuikerstroop*, ROGGEbloem*, water, honing*, rietsuiker*, specerijen*, rijsmiddel (natriumcarbonaat), azijn*, TARWEzemel*, *Van biologische oorsprong.

Allergie-informatie: bevat roggegluten, tarwegluten. Gemaakt in een bedrijf waar ook"
Brood|Allitech volkoren helft|198.0|8.6|1.76|0.25|0.88|33.65|1.2|"VOLKORENTARWEMEEL, water, bakkerszout, TARWEMOUTMEEL, GERSTEMOUTMEEL, ENZYMEN (TARWE) , meelverbeteraar (E300), plantaardige oliën (raapzaad ), gist.
Dit product kan sporen bevatten van SESAM bevatten."
Brood|Allensburg volgranen|221.0|12.5|1.5|0.3|0.98|36.3|2.3|Ingrediënten: volkorenTARWEmeel, water, TARWEgluten, bakkersgist, gejodeerd zout, dextrose, moutmeel (GERST, TARWE), TARWEzetmeel, ROGGEzuurdesem, raapzaadolie, ROGGEzuurdesem, enzym (TARWE), meelverbeteraar: E300.   Kan sporen bevatten van: ei, soja, mel
Brood|Boeren korenmix ses|237.0|11.4|3.0|0.5|0.93|37.5|1.5|Ingrediënten: volkorenTARWEmeel, water, TARWEgluten, bakkersgist, SESAMZAAD, gejodeerd zout, moutmeel (GERST, TARWE), raapzaadolie, enzym (TARWE), meelverbeteraar: E300.   Kan sporen bevatten van: ei, soja, melk, noten, lupine.
Brood|Helegran 800g plakjes|218.08|9.512|1.729|0.355|0.96|37.143|1.644|Ingredienten: volkorenTARWEmeel, water, gist, bakkerszout, TARWEzemelen, dextrose, TARWEbloem, plantaardige olie (raapzaad), emulgatoren (E471, E482), TARWEzetmeel, SOJAbloem, veldbonenmeel, plantaardig vet (palm), TARWEmout, GERSTemoutmeel, meelverbetera
Brood|Helegranen Brood 800g ongemalen|218.08|9.512|1.729|0.355|0.96|37.143|1.644|Ingredienten: volkorenTARWEmeel, water, gist, bakkerszout, TARWEzemelen, dextrose, TARWEbloem, plantaardige olie (raapzaad), emulgatoren (E471, E482), TARWEzetmeel, SOJAbloem, veldbonenmeel, plantaardig vet (palm), TARWEmout, GERSTemoutmeel, meelverbetera
Brood|Amsterdams graanbrood (vers ingevroren)|225.0|11.0|1.5|0.2|0.9|38.0|1.5|"Ingrediënten: VolkorenTARWEmeel, water, TARWEgluten, bakkersgist, moutmeel (GERST, TARWE), gejodeerd zout, acerolapoeder

Bevat gerstgluten, tarwegluten. Kan sporen bevatten van lupine, lactose, melkeiwit, sesam, soja."
Brood|Ambachtelijk volkoren 500gram|239.0|9.9|2.3|0.5|0.7|40.6|1.3|Ingrediënten: VOLKORENTARWEMEEL, water, TARWEZEMELEN, TARWEGLUTEN, TARWEZUURDESEM, olijfolie, rijstemeel, bakkerszout, bakkersgist, suiker, ROGGEBLOEM, meelverbeteraar: E300, enzym [TARWE].   Kan bevatten: ei, soja, melk, noten, sesam, lupine.
Brood|Landelijke volkoren heel + half|205.0|8.42|1.58|0.315|0.846|34.82|0.795|"Ingrediënten: VOLKORENTARWEMEEL, water, bakkersgist, bakkerszout, TARWEZUURDEEG (GEDROOGD), plantaardige olie (raapzaad), suiker, emulgator (plantaardig) (E471), zout, TARWEZETMEEL, meelverbeteraar (ascorbinezuur), TARWEBLOEM, enzymen (TARWE).
Dit product"
Hartige sauzen|Middelvolle frietsaus deluxe|155.0|0.4|13.0|1.0|1.5|8.5|2.0|Ingrediënten: water, raapolie, azijn, gemodificeerd maïszetmeel, glucose-fructosestroop, vrije-uitloopei, voedingsvezel (polydextrose), zout, glutenvrij tarwezetmeel, specerijen (mosterd), vrije-uitloopeigeel, conserveermiddel (E202), voedingszuur (melkzu
Niet-alcoholische dranken|Chocolatto|38.0|2.3|1.2|0.8|0.09|4.2|3.9|Volle MELKPOEDER, koffie, suiker, emulgator: zonnebloemlecithine
Brood|Spelta pita|245.0|9.5|1.0|0.2|0.9|48.0|1.5|Ingrediënten: speltbloem, water, gist, zout, dextrose.
Soepen|Fluweelzachte kippenstoof|56.0|2.6|3.2|0.9|0.71|4.0|1.7|water, 13% groenten (wortel, prei, BLEEKSELDERIJ, ui, peterselie, bieslook), 9% kippenvlees*, 2% mascarpone (room (MELK), zuurteregelaar: E330), raapzaadolie, TARWEBLOEM, magere MELKPOEDER, gemodificeerd maïszetmeel, zout, glucosestroop, aroma (EI, GLUTEN
Soepen|Koninglijke kippensoep|21.0|2.0|0.8|0.3|0.8|1.5|0.3|Ingrediënten: Water, 6% kippenvlees, 3% wortel, bleekSELDERIJ, durum TARWEgriesmeel, zout, kippenvet, 0,5% prei, natuurlijke aroma's (MELK), uienpoeder, dieetzout (kaliumchloride), verdikkingsmiddel (guarpitmeel), champignonextract, scharrelEI-eiwit, kleu
Soepen|Rivox soep fluwelen kip 570 ml|39.0|2.0|1.5|0.5|0.66|4.1|0.9|Ingrediënten: Water, groenten 12,5% (wortel 4,6%, prei 3,8%, BLEEKSELDERIJ 2,7%, sjalot 1,4%), gekookt kippenvlees 4,6%, kruidenroomkaas 1,9% (ROOM, MELK, KARNEMELK, zout, specerijen (knoflook, peper), kruiden), gemodificeerd maïszetmeel, TARWEBLOEM, raap
Niet-alcoholische dranken|Feen - tropisch sap feen 750ml|47.0|0.3|0.1|0.0|0.0|11.1|10.4|"70% appelsap, 18% ananassap, 8% nectarinepuree, 4% perzikpuree.
Gepasteuriseerd."
Gebak en koek|Peerpunt ongebakken|344.0|4.7|20.9|10.7|0.68|34.4|12.1|Ingrediënten: TARWEBLOEM, 23% appel, water, niet geharde plantaardige oliën en vetten: (palm, sukjes kokos, raap), suiker, gedroogde rozijnen, gemodificeerd aardappelzetmeel, zout, aardappelzetmeel, voedingszuur: E330, emulgatoren: (E471, E472b), kaneel,
Gebak en koek|Eierkrullen|321.0|7.4|3.9|1.2|0.25|66.9|36.6|"TARWEBLOEM, suiker, 20% SCHARRELEI, glucose-fructosestroop, plantaardige olie (raapzaad, kokos), stabilisator: E422, magere MELKPOEDER, rijsmiddel: E503/E500/E450, TARWEZETMEEL, natuurlijk aroma.

Kan sporen van SOJA en NOTEN bevatten."
Hartige snacks en zoutjes|Tapas delight croquetas de chorizo serrano (800 gram)|195.0|3.3|9.1|4.2|2.8|23.6|3.8|Bereide magere MELKpoeder, water, Iberico schouderham en ham (gesneden Iberico schouderham en ham, antioxidant (E301), conserveermiddelen: E250, E252), TARWEmeel, paneermeel (TARWEmeel, water, zout, gist, MEEL VAN GEMOUTE GERST, antioxidant: E300), zonneb
Hartige snacks en zoutjes|Perfecto oven kroketten (1700 gram)|160.0|6.0|8.9|2.7|1.0|13.6|0.7|water, gekookt rundvlees draadjes, doorhaalvloeistof (water, battermix (LUPINEMEEL, stabilisator: E451,E452, verdikkingsmiddel: E466,E412, TARWEBLOEM, citroenolie)), paneermeelmix (TARWEmeel, volkoren TARWEmeel, TARWEbloem (GLUTEN), frituurvet (gedeelteli
Hartige snacks en zoutjes|Krakkel|233.0|6.37|13.25|4.38|1.41|20.9|1.0|water, paneermeel (TARWEMEEL, zout, gist), doorhaalvloeistof (water, battermix (LUPINEMEEL, stabilisator: E451/E452, verdikkingsmiddel: E466/E412, TARWEBLOEM, raapolie, citroenolie)), TARWEBLOEM, 15% gekookt rundvlees, palmolie en palmvet, kruidenmix (zou
Hartige snacks en zoutjes|Beefkroketjes 4st 300gr|233.0|6.37|13.25|4.38|1.41|20.9|1.0|water, paneermeel (TARWEMEEL, zout, gist), doorhaalvloeistof (water, battermix (LUPINEMEEL, stabilisator: E451/E452, verdikkingsmiddel: E466/E412, TARWEBLOEM, raapolie, citroenolie)), TARWEBLOEM, 15% gekookt rundvlees, palmolie en palmvet, kruidenmix (zou
Hartige snacks en zoutjes|Kroket beefdelight 8s|175.0|6.8|7.1|2.8|1.3|20.6|2.0|water, paneermeel (tarwebloem, zout, gist), gekookt rundvlees 14%, tarwebloem, plantaardige oliën (palm, raapzaad, gedeeltelijk geharde palm), gedroogde glucosestroop, bruine basterdsuiker (suiker, suikerstroop, kleurstof: E150c), dextrose, emulgator: E46
Hartige snacks en zoutjes|Dora oven bifstuk kroketten|250.0|7.8|15.0|5.5|1.4|20.0|0.9|"Ingrediënten: 

Water, rundvlees 25%*, paneermeel (TARWEbloem, volkorenTARWEmeel, zonnebloemolie, water, zout, gist), TARWEbloem, plantaardige oliën (palm, raap, zonnebloem), roomboter (MELK), zout, rundergelatine, natuurlijk aroma, groentepoeder (knofloo"
Hartige snacks en zoutjes||180.0|7.0|7.5|3.5|1.1|21.0|1.5|Ingrediënten: water, paneermeel (tarwe), 15% gekookt rundvlees, tarwebloem, plantaardige olie (palm, raap), rundergelatine, specerijen, zetmeel (tapioca, aardappel), zout, extract (champignon, rundvlees), glucosepoeder, suiker, peterselie, rijsteiwit, dex
Hartige snacks en zoutjes|Magische kroket|225.0|6.0|13.0|4.5|1.2|20.0|1.5|Ingrediënten: water, 16% gekookt rundvlees, paneermeel (tarwe), tarwebloem, plantaardige olie (palm, zonnebloem, raap), 4% slagroom, scharreleigeel, ui, rundergelatine, zout, specerijen, extract (champignon, rundvlees), verdikkingsmiddel (guarpitmeel, E46
Hartige snacks en zoutjes|Bevroren oven biefstuk kroketten|236.0|6.5|13.8|5.5|1.4|20.0|1.4|Ingrediënten: Water, paneermeel (TARWEBLOEM, volkoren TARWEMEEL, water, gist, zout, zonnebloemolie), 9% gekookt rundvlees, 9% TARWEBLOEM, plantaardige oliën (palm, raap, koolzaad), geconcentreerde boter (MELK), ui, gelatine (rund), zout, SOJASAUS (water,
|Flappenbroeken|220.0|4.5|8.5|3.5|1.2|31.0|11.0|Ingrediënten: water, bloem (tarwe, rogge, boekweit), palmolie, scharrelei, weipoeder, suiker, zout, rijsmiddel (E500, E341), conserveermiddel (E202), antioxidant (citroenzuur).
|Platenkoeken|270.0|4.9|12.9|1.2|0.82|32.2|14.3|Ingrediënten: MELK 43%, TARWEBLOEM, suiker, plantaardig vetstoffen (palm, raap), EIEREN 6%, rijsmiddelen (natriumbicarbonaat en natrium difosfaat), emulgator (zonnebloemlecithine, mono- en digluceriden van vetzuren), bewaarmiddel (calcium propionaat), zou
|Panneplaat klassiek|236.0|4.7|10.5|4.6|0.748|30.0|6.9|Water, TARWEBLOEM, palmolie, VRIJE UITLOOPEI, suiker, weipoeder (MELK), boekweitmeel, ROGGEBLOEM, azijn, zout, aroma (MELK), magere MELKPOEDER, conserveringsmiddel: E202, rijsmiddel: E500, emulgator: zonnebloemlecithine.
Gebak en koek|Krokengoud appelpartjes 3 stuks|381.0|5.6|13.2|7.4|1.6|59.0|25.1|"Ingrediënten:
appel (32%), TARWEbloem, suiker, roomboter (MELK), plantaardige olie (raapzaad, palm), water, MELK, EI, glucose-fructosestroop, karneMELK,
rozijnen, glucosestroop, maiszetmeel (gemodificeerd), zout, rijsmiddel (E500), stabilisator (E422), kr"
Gebak en koek|De luchtvaarder patisserie b.v. boterslag appelkrummelgebakje|378.0|4.2|11.6|7.6|0.5|66.8|41.3|Ingrediënten: TARWEBLOEM, suiker, 26% appel, 13% roomboter (MELK), dextrose, gemodificeerd zetmeel (maïs, aardappel), SOJABLOEM, invertsuikerstroop, zout, rijsmiddel : E450/E500, citroenschil, geconcentreerd citroensap, rijstebloem, natuurlijk aroma, weip
Gebak en koek|Korenkoekje|460.0|7.5|15.0|7.0|0.9|71.0|19.0|Ingrediënten: TARWEbloem, suiker, volkoren TARWEmeel, palmolie, 5,5% HAVERvlok, glucose-fructosestroop, zout, rijsmiddel (E500, E530). Allergie-informatie: bevat tarwegluten, havergluten. Gemaakt in een bedrijf waar ook sesam en melk worden verwerkt.
Vleeswaren|Beukengerookte kipfilet|105.0|22.0|1.5|0.5|1.0|0.8|0.3|Ingrediënten: 98% kipfilet, zout, gedroogde glucosestroop, dextrose, suiker, gistextract, rook, conserveermiddel (E250). Gemaakt in een bedrijf waar ook pinda's en noten worden verwerkt.
Vleeswaren|Kalkoenfilet gerookt 1x 2025+|110.0|22.6|1.8|0.5|1.0|0.1|0.1|Ingrediënten: 97% Kippenvlees, zout, voedingszuur: E326, glucosestroop, stabilisator: E450/E451, antioxidant: E300/E301, dextrose, suiker, smaakversterker: E631/E627, conserveermiddel: E261/E250, natuurlijk aroma, natuurlijke rook.
Vleeswaren|Kippenborst voordeelpakket zmk 230 gram|143.0|20.5|5.0|2.0|2.25|4.0|2.5|kippenvlees 90%, dextrose, zout, kaliumzout, voedingszuur: E326, zonnebloemolie, aardappelzetmeel, stabilisator: E451, natuurlijk aroma, melkeiwit, kippeneiwit, antioxidant: E316, conserveermiddel: E250.
Vleeswaren|Vleugels gebraden kipstukjes 125g|120.0|17.0|4.0|1.2|2.18|3.9|2.2|Ingrediënten: kippenvlees 86%, waarvan mechanisch gesepareerd kippenvlees 9%, water, aardappelzetmeel, voedingszuur: E326, zout, dextrose, MELKEIWIT, stabilisatoren: E451, E450, glucosestroop, natuurlijk aroma, smaakversterker: E621, antioxidanten: E301,
Vleeswaren|Kruidige kipfilet|125.0|19.0|5.0|1.5|1.9|1.0|0.4|Ingrediënten: 90% kippenvlees, zout, dextrose, stabilisator (E407, E450), aroma, antioxidant (E301), conserveermiddel (E250), natuurlijk rookaroma.
Vleeswaren|Thuisselectie kiprolletjes 2 plakken|126.16|18.67|1.48|0.4|2.17|9.12|0.41|Kipvlees (84%), water, aardappelzetmeel, zout, glucosestroop, gebrande suiker, stabilisator (E451), voedingszuur (E326, E262), specerijen, dextrose, keukenzout, kruiden, conserveermiddel (E250), gistextract
Vleeswaren|Dunnevlies kippenborst|140.0|18.0|6.0|2.0|2.5|3.0|1.5|"Ingrediënten: 90% kippenvlees, aardappelzetmeel, zout, zuurteregelaar (E325), MELKEIWIT, LACTOSE, glucosestroop, dextrose, specerijextracten, aroma, rookaroma, stabilisator (E450, E451), antioxidant (E301), conserveermiddel (E250)

Allergie-informatie: be"
Vleeswaren|Kipfilet mediterrane kruiden|110.0|21.0|2.5|0.8|1.7|0.5|0.5|Ingrediënten: 97% kippenvlees, zout, stabilisator (E407, E450), dextrose, aroma's, antioxidant (E301), koolzaadolie, conserveermiddel (E250), rozemarijn, peper, paprikapoeder, tijm, knoflookpoeder, gerookt zout, maltodextrine.
Kruiden en specerijen|Kruidenkoning basis voor rijstschotel 20 g|282.0|11.0|3.7|0.4|21.5|45.0|23.0|Ingrediënten: Groenten (ui, wortel, prei, paprika), bouillonpoeder (SOJA), zout, zetmeel, suiker, specerijen (gemberwortel, koriander, komijnzaad, paprikapoeder, kurkuma, cayennepeper, peper), sojasauspoeder (zout, SOJABONEN, TARWE, maltodextrine), natuur
Kruiden en specerijen|Rijst specerijen|386.0|9.4|18.0|7.9|15.4|49.3|27.2|Ingrediënten: gebakken uien (uien, TARWEMEEL, zout, palmolie), gedroogde uien, gedroogde prei, zout, natuurlijke aroma`s, suiker, knoflook, paprika, SOJASAUS (water, SOJABONEN, TARWE, zout), zonnebloemolie, witte peper. Kan sporen van pinda`s bevatten.
Kruiden en specerijen|Nasi goreng, blend van groenten en kruiden 100% puur|96.0|6.2|1.8|0.5|0.45|13.0|1.8|Ingrediënten: 43% groenten(ui, wortel, prei), 23% specerijen(korianderzaad, laos, kurkuma, gember, knoflook, komijn, citroengras), zout, palmolie, TARWEBLOEM, LUPINE, zeezout, gistextract, zonnebloemolie.
Kruiden en specerijen|Mix voor bami goreng|97.0|5.0|1.5|0.4|0.4|15.0|2.0|Ingrediënten: specerijen (koriander, paprika, laos, 2,5% knoflook, kurkuma, chili, komijn, 1% gember, ui, witte peper, nootmuskaat), gedroogde groente (ui, wortel, prei), gebakken ui, plantaardige olie (palm, zonnebloem, koolzaad), zout, tarwebloem, malto
Kruiden en specerijen|Mix voor rijst exotisch|125.0|6.0|1.5|0.3|0.4|21.0|1.5|"Ingrediënten: Gedroogde groentemix: 43% ui, 42% gedroogde groente (ui, wortel, prei), palmolie, tarwebloem, zout. 
Kruidenmix met zout: 44% specerijen (koriander, laos, paprika, kurkuma, witte peper, chili, knoflook, komijn, gember, ui), 38% zout, maltode"
Kruiden en specerijen|Bami Bali mix|132.0|3.1|5.2|0.6|5.5|18.3|16.1|Ingrediënten: water, SOJAsaus (water, SOJA, TARWE, zout), ui, melado, zonnebloemolie, zout, prei, suiker, rode peper, tomatenpuree, gemodificeerd maïszetmeel, paprika, gistextract, vis, emulgator(mon- en diglyceriden van vetzuren), verdikkingsmiddelen(xan
Graanproducten en bindmiddelen|Knapperige granola noten|455.0|10.0|19.0|2.0|0.49|55.0|11.0|Ingrediënten: 50% volkoren havervlok, 8,5% volkoren tarwevlok, oligofructose, suiker, 7% zonnebloemolie, glucosestroop, 3,5% hazelnoot, 3,5% paranoot, rijstmeel, 2,5% amandel, 2% pecannoot, honing, zout, natuurlijk aroma, antioxidant (tocoferolrijk extrac
Graanproducten en bindmiddelen|Krokante muesli 7 zaden|465.0|10.0|21.0|2.5|0.47|52.0|12.0|Ingrediënten: 46% volkoren havervlok, oligofructose, suiker, volkoren tarwevlok, 6,5% zonnebloemolie, rijstmeel, 5% hazelnoot, 4% amandel, 3% paranoot, 2% pecannoot, honing, 1% walnoot, zout, natuurlijk aroma, antioxidant (tocoferolrijk extract [E306]).
Graanproducten en bindmiddelen|Crispy choco-frambozen granola|440.0|10.0|15.0|2.5|0.0|62.0|20.0|Ingrediënten: 33% volkoren havervlok*, 23% volkoren tarwevlok*, rietsuiker*, 9% zonnebloemolie*, 6,5% tarwezemel*, bloem* (2,5% haver, 0,6% rijst, 0,3% tarwe), 3% gevriesdroogde framboos*, glucosestroop*, geraspte kokos*, cacaomassa*, honing*, cacaoboter*
Hartige snacks en zoutjes|Zeevrucht kroepoek|346.0|1.1|0.1|0.0|3.0|85.3|11.7|Ingrediënten: tapiocazetmeel (SULFIET), GARNALEN (10%), suiker, knoflook, zout, citroenzuur (E330), MSG (E261), natriumbicarbonaat (E500ii).
Groente|Cs-groenreepjes komkommer|13.0|0.7|0.4|0.1|0.005|1.3|1.3|komkommer.
Brood|Spijkerbroodje|236.0|7.4|3.2|0.8|0.9|42.0|0.5|SPELTbloem. water. pompoenpitten. lijnzaad. volkorenSPELTmeel. bakkersgist. zonnebloempitten. gejodeerd zout. dextrose. Gemaakt in een bakkerij die ook melk. noten. soja en sesam verwerkt.
Groente|Boswortel|32.0|0.7|0.3|0.1|0.0|5.5|5.5|
Groente|Boswortel||||||||
Groente|Gesneden wortelballetjes voordeel|33.0|0.6|0.3|0.1|0.1|5.5|4.0|"Ingrediënten: wortel, antioxidant (E302)
Zout is enkel afkomstig uit natuurlijk voorkomend natrium."
Groente|Vacuumkook worteltjes met kruidentwist|33.1||0.2||0.06|5.2|4.9|>99% bospeen, dragon <1%
Groente|Peenringen 6mm 1kg|34.0||||0.09|5.7|3.1|Winterpeen
Groente|Ruby tomaatjes|31.0|0.9|0.8|0.1|0.0|4.0|4.0|
Groente|Peper vrieslicht|24.0|0.8|0.1|0.0|0.003|3.8|3.8|Paprika.
Fruit|Harmony peerselectie 4 stuks ca. 800 g||||||||
Fruit|Smoothiemix perzik|55.0|0.2|0.3|0.1|0.0|11.7|9.5|Ingrediënten: Peer, antioxidant: E300.
Fruit|Witte pitloze druifjes 500 gram||||||||
Kaas|Versnipperde Hollandsche jonge kaas 48+|370.0|23.0|30.0|21.0|2.1|2.0|0.0|Ingrediënten: MELK*, zout, zuursel, stremsel, conserveermiddel (E251), kleurstof (caroteen, annatto), maïszetmeel, *Weidemelk keurmerk: koeien die minimaal 120 dagen per jaar, 6 uur per dag in de wei lopen. Allergie-informatie: bevat melkeiwit.
Kaas|Polderkaas rijp 48+|422.0|27.5|34.7|24.9|1.96|0.1|0.1|Gepasteuriseerde KOEMELK, zout, zuursel, dierlijk stremsel, conserveermiddel: E251, kleurstof: E160b.
Eieren|Vrijloop Ei 1-ster l 6 stuks pak|132.0|12.3|9.1|3.0|0.385|0.2|0.2|scharrelei.
Eieren|Vrijloop Eitjes v6|138.0|12.3|9.1|3.0|0.4|1.6|0.2|Scharreleieren
Eieren|Vrijei gld 2-sterren xl 12st|132.0|12.3|9.1|3.0|0.385|0.2|0.2|Scharrelei.
Eieren|Kroanerei klasse l 10 stuks||||||||
Eieren|Landeleieren|135.0|12.3|9.5|3.6|0.38|0.2|0.2|Scharreleieren
Eieren|Natuureieren klasse l|130.0|12.0|9.0|3.0|0.4|0.2|0.2|Allergie-informatie: bevat ei.
Eieren|Vrijloop-eieren klasse x|130.0|12.0|9.0|3.0|0.4|0.2|0.2|Allergie-informatie: bevat ei.
Eieren|Vrijloop Eitjes m voordeel|145.0|12.0|10.0|3.0|0.3|1.5|0.2|Allergie-informatie: Bevat ei. Glutenvrij. Melkvrij.
Eieren|Vrijeuitloop Eier klasse m 30 stuks|137.0|12.3|9.1|3.0|0.4|1.6|0.2|
Eieren|Gekleurde vrije-uitloop eieren klasse m|128.0|12.3|8.8|2.9|0.15|0.0|0.0|bevat ei
Eieren|VanHoff - biologische eieren s/m/l 10st gouden kwaliteit ***|141.0|12.3|9.5|3.0|0.375|1.5|0.2|Biologisch EI.
Eieren|Naturalis Eieren Klasse L/M/S|137.0|12.3|9.1|3.0|0.4|1.6||
Eieren|Kleieren gelderse ecologische plattelands eieren|132.0|12.0|9.1|3.0|0.385|0.6|0.2|Ei 100%
Melk en melkproducten|Romige yoghurt zacht|61.0|4.0|3.0|2.0|0.12|4.0|4.0|Bevat koemelkeiwit en lactose
Melk en melkproducten|Natuvelle Bio-Roer Yogurt|66.0|4.0|3.5|2.5|0.2|4.5|4.5|"Ingrediënten: Volle MELK*, Biogarde-culturen, *Van biologische oorsprong.

Allergie-informatie: bevat lactose, melkeiwit."
Brood|Max volkoren brood heel (bz)|231.0|10.98|1.94|0.5|0.95|39.14|1.42|52% VOLKORENTARWEMEEL, water, gebroken TARWE, bakkersgist, TARWEGLUTEN, bakkerszout, raapzaadolie, glucose-fructosestroop, TARWEZUURDESEM, SOJABLOEM, emulgator: E482, moutmeel (GERST en TARWE), suiker, enzym (TARWE), raapzaadolie (geheel gehard), gebrande
Brood|Zarpan grof volkoren compleet + halve|218.0|9.66|2.08|0.395|0.841|36.92|1.09|Ingrediënten: VOLKORENTARWEMEEL, voordeeg [water, VOLKORENTARWEMEEL, VOLKORENROGGEMEEL, bakkersgist], water, TARWE (GEPLET), bakkersgist, HAVERVLOKKEN, TARWEGLUTEN, bakkerszout, SESAMZAAD, TARWEZETMEEL, plantaardige oliën (koolzaad, raapzaad), TARWEZUURDE
Brood|Vrb zuurdesem ciabatta blanc 100g|201.14|6.83|1.54|0.19|0.91|39.3|0.56|Ingrediënten: TARWEbloem, water, ROGGEbloem, zuurdesem**, bakkerszout, olijfolie (extra vergine), desem(<1%), TARWEvoordeeg (vloeibaar)**, TARWEmoutmeel **= van biologische oorsprong
Melk en melkproducten|Rijke melk|63.0|3.5|3.5|2.5|0.1|4.5|4.5|
Melk en melkproducten|Rijke melk|66.0|3.5|3.6|2.5|0.12|4.7|4.7|Volle MELK.
Brood|Pitabroodtjes|243.0|8.4|1.0|0.2|1.0|48.5|1.9|TARWEBLOEM, water, gist, zout, dextrose.
Brood|Halve baguette wit pl gesliced|272.0|8.5|0.9|0.1|1.4|56.0|3.2|Ingrediënten: TARWEBLOEM, water, gist, MELKWEIPOEDER, dextrose, zout, TARWEGLUTEN, gedesactiveerde droge gist, meelverbeteraar: acorbinezuur Mogelijke aanwezigheid van {noten} en {sesamzaad}.
Brood|Eco half baguette blanc b3|247.0|7.5|0.8|0.1|0.9|51.2|1.5|Ingrediënten: TARWEbloem*, water, ROGGEbloem*, bakkersgist, bakkerszout, gedextrineerd TARWEmeel*, GERSTmoutmeel*, TARWEgluten*, * = Al deze ingrediënten zijn van gecontroleerde biologische teelt
Brood|Steenbakkerij stokbrood wit 320gr|82.0|2.7|0.7|0.1|0.955|16.0|0.4|Ingrediënten: TARWEBLOEM, water, ROGGEBLOEM, TARWEZUURDESEM (gedroogd), ROGGEZUURDESEM (gedroogd), olijfolie extra vigin, bakkerszout, moutmeel  (GERST), moutmeel (TARWE), dextrose, bakkersgist, TARWEZETMEEL, SOJABLOEM, enzym (TARWE).
Brood|Nl-bio-02 25 pains rustiques biologiques +/-300g|301.0|10.7|1.3|0.2|1.58|60.3|1.3|Ingrediënten: *TARWEBLOEM, water, *TARWEBLOEM gemalen met een molensteen, *TARWEGLUTEN, *gedesactiveerde TARWEDESEM: (*TARWEBLOEM, *TARWEMOUT, fermenten), zout, gist, meelverbeteraar (E300) *afkomstig van biologische landbouw, Mogelijk stukjes {sesamzaad}
Brood|Hb toverbroodjes ±250gr|233.0|10.5|1.3|0.3|1.13|40.7|1.5|Ingredienten: Tarwe baguette [TARWEbloem, water, TARWEzemelen, gist, TARWEgluten, bakkerszout, GERSTemoutbloem, meelverbeteraar (E300), plantaardige olie (koolzaad)] Dit product is gebakken in een bakkerij waar ook noten, melk, eieren en sesam verwerkt wo
Brood|Rijkerbolletje wit|226.0|7.7|0.8|0.1|0.9|45.0|0.1|Tarwebloem, water, bakkersgist, bakkerszout, moutmeel(tarwe), rijstbloem, aardappelzetmeel, tarwegluten, roggemeel (voorverstijfseld), plantaardige olie(koolzaad). Gemaakt in een bakkerij die ook melk, noten, soja en sesam verwerkt.
Brood|Vorstenbroodje puur|235.0|8.5|0.8|0.1|0.9|47.0|0.2|TARWEbloem, water, bakkersgist, gejodeerd zout, TARWEgluten, TARWEmoutmeel, aardappelzetmeel, rijstbloem, ROGGEmeel, raapolie, antioxidant (ascorbinezuur). Gemaakt in een bakkerij die ook melk(lactose), noten, soja en sesam verwerkt.
Brood|Broodje sneeuw|221.0|7.7|0.7|0.1|0.9|44.2|0.4|TARWEbloem. water. bakkerszout. bakkersgist. dextrose. TARWEmoutmeel. TARWEgluten. koolzaadolie. Gemaakt in een bakkerij die ook melk. noten. soja en sesam verwerkt.
Brood|Krokantjes (afbak)|270.0|9.5|0.9|0.2|1.1|54.0|3.0|Ingrediënten: tarwebloem, water, gist, gejodeerd zout, tarwekiem, dextrose, tarwemoutmeel, emulgator (E472e), roggebloem, antioxidant (ascorbinezuur).
Brood|5x stevige glad verpakt|229.99|7.788|0.897|0.136|0.95|45.168|1.617|Ingredienten: TARWEbloem, water, gist, bakkerszout, TARWEgluten, dextrose, TARWEzetmeel, antiklontermiddel (E170), zuurdesempoeder (TARWE), emulgatoren (E472e, E322), zetmeel, veldbonenmeel, plantaardige olie (raapzaad), gistextract, aroma (aroma (GERST))
Brood|Kroningsbroodje volkoren|476.0|16.9|32.5|4.8|0.3|26.6|0.4|Sesamzaad. maanzaad. maisgries. tarwebloem. water. bakkersgist. bakkerszout. gemodificeerd aardappelzetmeel. rijstbloem. lijnzaad. zonnebloempitten. moutmeel(gerst). gierst. tarwegluten. dextrose. caramelsuiker. Gemaakt in een bakkerij die ook melk. noten
Brood|6x bio pistolet volle zadenmix|231.0|9.0|4.0|0.0|1.0|37.0|1.0|Ingredienten: Tarwebloem [TARWEbloem, TARWEmoutmeel, enzymen (TARWE)], water, Granenmelange [lijnzaad, SESAMzaad (gepeld), zonnebloempitten], Roggebloem [ROGGEbloem], TARWEgluten [TARWEgluten], Gist [gist, stabilisator (E415)], Bio Desem [zuurdesem], EKO
Brood|Kleine boterige krentenbolletjes 9 st|284.0|7.662|3.53|1.718|1.248|54.01|22.252|tarwebloem, rozijnen 30%, water, bakkersgist, dextrose, tarwegluten, plantaardige oliën (palm, raapzaad, zonnebloem), roggebloem, boterpoeder (melk), gejodeerd zout, weipoeder (melk), emulgatoren: E471, E472e, E482 en zonnebloemlecithine, enzymen (tarwe),
Brood|Koen - kleine krentenbroodjes 9st|268.0|7.47|2.0|0.79|0.87|52.8|27.28|32% rozijn, TARWEbloem, water, bakkersgist, suiker, TARWEgluten, weipoeder (MELK), bakkerszout, veldbonenmeel, plantaardige oliën (raap, koolzaad, zonnebloem), emulgatoren: E472e/E481/E471, meelverbeteraars: ascorbinezuur/E920, voorverstijfseld ROGGEmeel,
Brood|6 kleine rozijnen/krentenbroodjes|277.0|8.3|2.3|1.0|0.92|54.1|21.3|Ingrediënten: 41% TARWEBLOEM, 29% rozijnen, water, bakkersgist, 3,1% krenten, TARWEGLUTEN, weipoeder (MELK), dextrose, emulgator: E471/ E481/ E472e/ E482, bakkerszout, glucose-fructosestroop, ROGGEBLOEM, veldbonenmeel, plantaardige olie (raapzaad, katoenz
Brood|10x natuurlijk rozijnbroodje 55g|222.13|5.936|1.0|0.245|0.33|47.971|25.317|Ingredienten: rozijnenbol [TARWEbloem eko, rozijnen eko, water, gist, TARWEGLUTEN eko, rietsuiker eko, weipoeder (MELK) eko, zout, LUPINEmeel eko, plantaardige olie (plantaardige olie (palm) eko), MELKpoeder eko, plantaardige olie (zonnebloem), emulgator
Brood|Rozijnen krentenbroodjes 6 stuks|283.0|7.677|2.34|0.945|1.203|56.368|25.244|tarwebloem, rozijnen 27%, water, krenten 5%, bakkersgist, dextrose, tarwegluten, plantaardige oliën (palm, raapzaad, zonnebloem), gejodeerd zout, weipoeder (melk), enzymen (tarwe), meelverbeteraars: E300 en E920, tarwemoutmeel, emulgatoren: E471, E472e en
Graanproducten en bindmiddelen|Summit Freeform Essential Muesli 450 g|401.0|17.9|12.9|1.96|0.03|54.5|7.74|Havervlokken, sojavlokken, sultana's, boekweitvlokken, zonnebloempitten
Graanproducten en bindmiddelen|Natuur muesli oergranen met zaden en bessen|353.0|10.0|7.4|0.8|0.02|57.0|17.0|"Ingrediënten: TARWEvlokken*, HAVERvlokken*,



ROGGEvlokken*, sultanarozijnen* (sultanarozijnen 99,5%*,



zonnebloemolie*), HAZELNOTENkrokant* 8%



(HAZELNOTEN* 73%, suiker*, karamel*),



geroosterde HAZELNOTEN* 4%, fijngehakte abrikozen*



(abrikozen"
Graanproducten en bindmiddelen|Bessen pitten granola|405.0|14.0|15.0|2.5|0.1|48.0|11.0|Ingrediënten: 25% volkoren havervlok, 23% gerstevlok, gedroogd fruit (6% rozijn, 4% dadel, 3% abrikoos, 2% gojibes, 1% geroosterde kokos), 8% sojavlok, 7% tarwevlok, 4% zonnebloempit, 4% lijnzaad, 3% amandel, 3% hazelnoot, 3% cashewnoot, 3% pompoenpit, 1%
Brood|Heerlijk Volkoren|225.0|10.2|1.7|0.4|0.95|38.9|1.7|Ingrediënten: volkorenTARWEmeel, water, TARWEgluten, bakkersgist, gejodeerd zout, moutmeel (GERST, TARWE), raapzaadolie, enzym (TARWE), meelverbeteraar: E300.   Kan sporen bevatten van: ei, soja, melk, noten, sesam, lupine.
Brood|Panter bruin half|225.0|9.5|1.0|0.2|0.9|43.0|1.5|Ingrediënten: volkoren tarwemeel, tarwebloem, water, bakkersgist, gejodeerd zout, rijstmeel, moutmeel (gerst, tarwe), acerolapoeder, zout.
Brood|Boeren haver luipaard|238.0|9.6|1.6|0.2|1.0|44.1|1.3|"Ingrediënten: TARWEbloem, volkorenTARWEmeel, water, bakkersgist, TARWEgluten, gejodeerd zout, rijstebloem, moutmeel (GERST, TARWE), raapzaadolie, dextrose, enzym (TARWE), meelverbeteraar: E300, zout.  

Kan sporen bevatten van: ei, soja, melk, noten, sesa"
Brood|Zonnetrots boeren tijger wit deel|258.0|9.38|1.558|0.382|0.991|50.718|1.008|TARWEbloem, water, bakkersgist, gejodeerd zout, gedroogd ROGGEzuurdeeg, enzymen (TARWE), TARWEmouetmeel, raapzaadolie, rijstbloem, paneermeel (TARWEbloem, water, gist, zout), dextrose, meelverbeteraar: E300.
Brood|Luipaard wit half (vers ingevroren)|240.0|9.0|0.8|0.1|0.9|49.0|1.5|Ingrediënten: tarwebloem, water, bakkersgist, gejodeerd zout, weipoeder, rijstmeel, sojabloem, tarwemoutmeel, zout, natuurlijk aroma, acerolapoeder.
Diversen|Van Doorn zoutstix 12 x 100x0,2g|0.0|0.0|0.0|0.0|99.9|0.0|0.0|Ingrediënten: zout (99,9% zout, antiklontermiddel (E535))
Brood|Zonnebloempitten brood ongesn|243.64|11.533|3.238|0.645|0.96|35.676|1.807|Ingredienten: water, TARWEbloem, volkorenTARWEmeel, TARWEgluten, TARWEmeel, SOJAgrits (geroosterd), gist, GERSTevlokken, lijnzaad, GERSTemout, pompoenpitten (1%), zonnebloempitten, bakkerszout, HAVERvlokken, maltodextrine, GERSTemout (gebrand) (TARWE), pl
Aardappelen en knolgewassen|Zonnegoudwafeltjes|175.0|2.0|8.0|1.0|0.8|22.0|0.9|Ingrediënten: 90% aardappel, 8% zonnebloemolie, tarwezetmeel, zout, dextrose, emulgator (E464), specerijen.
Aardappelen en knolgewassen|Zilverwortelroosjes 1000 gr|159.0|1.7|7.0|0.9|0.88|21.0|0.5|water, gedroogde aardappel 25,7%, zonnebloemolie 7%, zout, emulgatoren: E461 en E464, dextrose, uienpoeder, witte peper, kurkuma.
Aardappelen en knolgewassen|Duchesse aardappelkronen|165.0|2.5|6.1|0.7|1.1|23.6|0.7|89% Aardappel, 5,6% zonnebloemolie, aardappelvlokken, zout, stabilisator: E464, aroma
Melk en melkproducten|Schuimende koffieroom|120.0|8.5|4.5|2.5|0.3|11.0|11.0|EU Landbouw.
Melk en melkproducten|Halvvolle melk|47.0|3.5|1.5|1.0|0.12|4.5|4.5|
Melk en melkproducten|Halvvolle melk|47.0|3.5|1.5|1.0|0.12|4.5|4.5|Bevat koemelkeiwit en lactose
Melk en melkproducten|Natuurlijke halfvolle melk - 1,6 l fles|46.0|3.4|1.5|1.0|0.1|4.6|4.6|"halfvolle melk*.
*Van biologische oorsprong."
Melk en melkproducten|Vellek halfvolle zuiveldrank 200ml|46.0|3.2|1.6|0.9|0.13|4.7|4.7|
Melk en melkproducten|Nl: Melkheer halfvolle melk 6x200ml|46.0|3.2|1.6|0.9|0.13|4.7|4.7|ingrediënten: halfvolle MELK
Melk en melkproducten||46.0|3.4|1.5|1.0|0.11|4.6|4.6|Halfvolle MELK
Melk en melkproducten|Halfgrage melk bewaard|48.0|3.5|1.5|1.0|0.1|5.0|5.0|Ingrediënten: Allergie-informatie: bevat lactose, melkeiwit. Glutenvrij.
Melk en melkproducten|Halconceptie melk|48.0|3.5|1.5|1.0||4.5|4.5|
Melk en melkproducten|Halfrijke melk|48.0|3.5|1.5|1.0|0.1|5.0|5.0|Allergie-informatie: bevat lactose, melkeiwit.
Melk en melkproducten|Mildvolle melk langer vers|48.0|3.5|1.5|1.0|0.1|5.0|5.0|Ingrediënten: halfvolle melk  Zout is enkel afkomstig uit natuurlijk voorkomend natrium.
Melk en melkproducten|Zuivelfrisse melk|46.0|3.0|1.5|1.0|0.1|5.0|5.0|Zout is enkel afkomstig uit natuurlijk voorkomend natrium.
Niet-alcoholische dranken|Klaas Bakkers latte praliné|51.0|0.4|1.4|1.3|0.03|9.3|6.1|"Ingrediënten: suiker, glucosestroop, volledige geharde kokosolie, maltodextrine,
cacaopoeder, wei-eiwit (van MELK), instant koffie (3%), weipermeaat (van MELK), magere melkpoeder, stabilisator (E340, E452), gemodificeerd zetmeel, aroma, zout,
xanthaangom,"
Melk en melkproducten|Zanex uht karnemelk 1l|33.0|2.7|0.4|0.3|0.3|4.7|4.7|Ingrediënten: 99% KARNEMELK, stabilisator: E466
Melk en melkproducten|BerryBoo Rood Vreugde Smaak|44.0|1.8|0.0|0.0|0.12|8.0|8.0|Ingrediënten: Magere gefermenteerde MELK, vloeibare MELKbestanddelen (weipermeaat), water, vruchtensap uit geconcentreerd sap 3% (1% aardbei,1% framboos, 1% kers), suiker, fructosestroop, stabilisatoren: pectine, guargom, dikaliumfosfaat en trinatriumcitr
Hartige snacks en zoutjes|Krokantles naturel|549.0|5.7|34.7|3.1|1.2|51.5|0.5|Aardappelen, 35% zonnebloemolie, zout.
Hartige snacks en zoutjes|Ribbelhappen ambachtelijk|555.0|6.0|35.0|3.0|1.2|52.0|0.5|Ingrediënten: Aardappel, 35% zonnebloemolie, zout.
Hartige snacks en zoutjes|Krokantje Klassiek|555.0|6.0|35.0|3.0|1.2|52.0|0.5|Ingrediënten: Aardappel, 35% zonnebloemolie, zout.
Hartige snacks en zoutjes|Snacky's frietje feest smaak 175gr|529.0|6.1|32.0|2.7|1.3|52.0|1.8|Ingrediënten: aardappelen, zonnebloemolie (26%), koolzaadolie (6%), patatje Joppiesaussmaak [aroma's (bevat BOTERVET, SELDERIJ- en MOSTERD extract), suiker, ui, paprika, knoflook, kaliumchloride, specerijen en kruiden, kaneel], zout.
Hartige snacks en zoutjes|Lay's sun-baked coastal herbs delight 165gr|436.0|6.1|13.0|1.5|1.3|71.0|6.8|Ingrediënten: aardappelvlokken (63%) en -zetmeel (14%), zonnebloemolie (11%), Mediterraanse kruidensmaak [weipoeder (bevat MELK), aroma's, kaliumchloride, specerijen en kruiden (0,3%) (bevat ui, knoflook, peterselie, basilicum, tijm, rozemarijn), voedings
Hartige snacks en zoutjes|Zay's smokey ham delight 335gr|533.0|6.0|32.0|2.7|1.6|52.0|2.7|Ingrediënten: aardappelen, plantaardige oliën (zonnebloem, koolzaad, in wisselende hoeveelheden), barbecue hamsmaak [suiker, aroma¿s (bevat MELKCOMPONENTEN, uipoeder, peterselie, paprika-extract), kaliumchloride, zuurteregelaars (citroenzuur, natriumaceta
Hartige snacks en zoutjes|Zay's Paprika Bliss 145gr|531.0|6.1|32.0|2.7|1.4|52.0|2.4|Ingrediënten: aardappelen, plantaardige oliën (zonnebloem, koolzaad, in wisselende hoeveelheden), paprikasmaak [suiker, zout, paneermeel (van TARWE), paprika, MELKWEI-permeaat, uienpoeder, kaliumchloride, aroma's, knoflookpoeder, johannesbroodpitmeel, kle
Hartige snacks en zoutjes|Crispy Klok bolognese 220 g|536.0|6.2|32.8|3.4|1.2|52.0|1.2|Aardappelen, zonnebloemolie, bolognesekruiding (maïsbloem, zout, soja-eiwithydrolysaat, dextrose, aroma, smaakversterker (mononatriumglutamaat), specerijen (0,25% ui), tomaatpoeder (0,25%), voedingszuur (citroenzuur), rookaroma, wortelpoeder).
Hartige snacks en zoutjes|Krokant Zak 200 gram paprika|535.0|5.7|32.9|3.4|1.42|52.1|3.5|Aardappelen, zonnebloemolie, paprika kruiding (suiker, specerijen (bevat 1% paprika), zout, dextrose, dieetzout: kaliumchloride, weipoeder (MELK), gedroogde glucosestroop, aroma (MELK), tomatenpoeder, kruiden, voedingszuur: citroenzuur/ appelzuur)
Hartige snacks en zoutjes|Krokantkrullen paprika|535.0|6.0|33.0|3.5|1.3|52.0|2.0|Ingrediënten: 60% aardappel, zonnebloemolie, specerijen (o.a. 1% paprika), zout, maïsmeel, suiker, dieetzout (kaliumchloride), natuurlijk aroma (melk).
Hartige snacks en zoutjes|Crunchy Ripple Crisps Paprika 150 g|527.0|6.0|32.9|3.4|1.7|51.8|2.8|Aardappelen, zonnebloemolie, paprikakruiding (zout, specerijen (0,6% paprika), dextrose, suiker, maïsbloem, smaakversterker (mononatriumglutamaat), kaliumchloride, aroma, zuurteregelaar (natriumacetaten), zoetstof (steviolglycosiden), rookaroma)
Hartige snacks en zoutjes|Krulchips paprika 225g|533.0|5.7|32.9|3.4|1.4|51.5|3.5|aardappelen 59,9%, zonnebloemolie 32,6%, suiker, specerijen (paprikapoeder, cayennepoeder, kaneel, uipoeder, knoflookpoeder), zout, dextrose, kaliumzout, weipoeder (MELK), gedroogde glucosestroop, aroma (MELK), tomatenpoeder, lavas, voedingszuren: citroen
Hartige snacks en zoutjes|Lay's MegaCrunch Peperoni Delight 240gr|532.0|5.8|32.0|2.7|1.4|52.0|2.4|Ingrediënten: aardappelen, plantaardige oliën (zonnebloem, koolzaad, in wisselende hoeveelheden), paprikasmaak [suiker, zout, paneermeel (van TARWE), paprika, MELKWEI-permeaat, uienpoeder, kaliumchloride, aroma's, knoflookpoeder, johannesbroodpitmeel, kle
Hartige snacks en zoutjes|Lay's temptations ruby sweet chili zest 150gr|483.0|7.5|24.0|1.8|1.5|57.0|3.0|Ingrediënten: aardappelen, plantaardige oliën (zonnebloem, koolzaad, in wisselende hoeveelheden), paprikasmaak [paneermeel (van TARWE), suiker, weipoeder (van MELK), paprikapoeder, KARNEMELKPOEDER, fructose, uipoeder, kaliumchloride, aroma's (bevat caffei
Brood|Natuurlijk krokant toastje|382.0|12.2|2.4|1.3|0.8|75.2|3.4|"Ingrediënten: TARWEBLOEM, gist, zout (natriumchloride, kaliumchloride), GERSTEMOUTMEEL, emulgatoren: E481 en SOJALECITHINE. 
Kan sporen van sesamzaad en melk bevatten."
Melk en melkproducten|Eko melk slank 1l karton||3.4|0.5|0.3|0.085|5.1|5.1|"magere melk*
* van biologische oorsprong"
Diversen|Ziltflora|0.0|0.0|0.0|0.0|98.0|0.0|0.0|Ingrediënten: 100% Zeezout.
Diversen|Zeekristal zout, papieren cilinder 300 gr||||||||Ingrediënten; Zeezout
Diversen|Nordik zeezoutkristallen 130 g||||||||Zeezoutvlokken zonder verdere toevoegingen
Diversen|Hovenga zeekristal gerookt 50 g||||||||100% gerookt zeezout.
Kaas|Gelderse mild belegen 30+ sneden|280.0|30.0|18.0|12.0|1.9|0.0|0.0|Ingrediënten: melk*, zout, zuursel, stremsel.
Kaas|Jonker's geurig kaas 30+ blok 450gr|287.0|30.3|18.4|11.5|1.8|0.1|0.1|Ingrediënten: gepasteuriseerde KOEMELK, zout, zuursel, dierlijk stremsel.
Kaas||281.0|29.4|17.1|10.9|1.66|2.4|0.0|melk, aardappelzetmeel, zout, zuursel (melk), stremsel, kleurstoffen: annatto en carotenen, conserveermiddel: E251.
Kaas||292.0|31.1|18.6|13.4|2.148|0.0|0.0|Gepasteuriseerde KOEMELK, zout, zuursel, dierlijk stremsel, conserveermiddel: E251, kleurstof: E160b.
Kaas|Goudan beachtje 30+blok|300.0|32.0|19.0|13.0|1.5|0.0|0.0|Ingrediënten: melk*, zout, zuursel, stremsel.
Peulvruchten|Cranberrybonen|108.0|7.7|0.6|0.1|0.22|13.9|0.8|Ingrediënten: Rode kidneybonen, water, zout, verstevigingsmiddel: E509.
Hartig broodbeleg|Generatie hummus|110.0|6.0|4.0|0.6|1.0|10.0|0.0|Ingrediënten: 67% kikkererwt, water, 8% sesampasta, knoflook, zeezout, zonnebloemolie, voedingszuur (citroenzuur), azijn, conserveermiddel (E202), zout, antioxidant (ascorbinezuur), citrusvezel.
Hartig broodbeleg|Zotk hummus classic 800g|318.0|7.5|26.0|3.6|0.56|11.0|1.0|"Ingrediënten: 44,5% kikkererwten, water, zonnebloemolie, 13% SESAMpasta, 3% chilimarinade [raapzaadolie (deels gehard), zout, aroma's, gistextracten, dextrose, maltodextrine, specerijen (o.a. chili), suiker, LACTOSE (MELK), 

kleurstoffen: karmijn, paprik"
Niet-alcoholische dranken|Fruitsié Nectar Ruby Bliss 0% sugar 50 ml|150.0|0.2|0.1|0.1|0.53|34.0|8.0|Ingrediënten: Verdikkingsmiddel (glycerine), voedingszuur (citroenzuur), sap uit vruchtensapconcentraat (rood fruit 12% (vlierbes, aardbei, framboos), zwarte bes, braam 1,3%), water, appelsapconcentraat, concentraten (zwarte bes, wortel), zoetstoffen (suc
Niet-alcoholische dranken|Frosty cub fruitensiroop aardbes 70cl|108.0|0.53|0.0|0.0|0.0|24.0|20.0|Ingrediënten: Water, sinaasappelsap (mandarijn) uit vruchtenconcentraat 9%, antioxidant (ascorbinezuur), voedingszuur (citroenzuur), natuurlijke aroma (citroen, limoen, grapefruit), kleurend concentraat (wortel, pompoen), met zoetstoffen uit steviolglycos
Aardappelen en knolgewassen|Stampmix aardknollen 1000g|80.0|1.8|0.0|0.0|0.05|17.0|0.4|aardappelen.
Aardappelen en knolgewassen|BontéFood grootmoeder's knisperige aardappelen 900 g|86.0|2.0|0.3|0.1|0.01|18.0|1.1|Ingrediënten: Aardappelen
Kruiden en specerijen|Kruidig basis voor lintjesbouillon 2 x 42 g|9.0|0.3|0.2|0.1|0.68|1.5|0.2|Ingrediënten: Bouillon (SOJA), groenten 5,1% (prei, wortel, tomaat, ui), vermicelli 1,7% (TARWEMEEL, KIPPENEI-eiwit), zetmeel, zout, aroma's (bevatten SELDERIJ), palmvet, kruiden (peterselie, SELDERIJZAAD), smaakversterkers (E621, E627, E631), specerijen
Kruiden en specerijen|6 schalen tomatenbouillon|22.0|0.0|0.6|0.4|0.8|3.9|1.5|TARWEBLOEM, 18% tomatenpoeder, zout, gemodificeerd maïszetmeel, suiker, palmvet, plantaardig bouillonpoeder (gehydrolyseerd SOJA-eiwit, zout, maltodextrine, zonnebloemolie), smaakversterker: E621, kleurstof: paprika-extract, kruiden en specerijen (SELDERI
Kruiden en specerijen|Zoetwoud basis voor paprikasoep 95 g|21.0|0.6|0.2|0.1|0.89|4.4|1.5|Ingrediënten: Ingrediënten na bereiding:, Bouillon (SOJA), tomaat 22%, zetmeel, ui, suiker, TARWEBLOEM, zout, kruiden (peterselie, laurier), palmvet, smaakversterkers (E621, E627, E631), kleurstof (paprika-extract), voedingszuur (citroenzuur), specerijen
Kruiden en specerijen|Tonig basis voor tomaatroomsoep 115 g|28.0|0.5|0.5|0.3|0.92|5.3|1.6|Ingrediënten: Ingrediënten na bereiding:, bouillon (SOJA), tomaat 13%, magere MELK, TARWEZETMEEL, TARWEBLOEM, zetmeel, ui, suiker, zout, palmvet, glucosestroop, aroma's (bevatten TARWE, GERST, SOJA, MELK), smaakversterkers (E621, E627, E631), kruiden (pet
Kruiden en specerijen|Groentemix Soeptopper|32.0|1.95|1.2|0.6|0.58|3.2|0.91|29% vermicelli (TARWEBLOEM), 23% groente (wortel, prei, tomaat, ui, KNOLSELDERIJ, groene kool, spinazie), aardappelzetmeel, maltodextrine, zout, gistextract, kruiden (peterselie, SELDERIJ, laurier), zonnebloemolie, palmvet, voedingszuur: citroenzuur, foel
Kruiden en specerijen|Zonig basis voor stevige hanzensoep 85 g|20.0|0.5|0.4|0.2|0.75|3.6|0.1|Ingrediënten: Bouillon (SOJA), TARWEBLOEM, gemodificeerd zetmeel, zetmeel, groenten (paprika, ui), zout, palmvet, aroma's (bevatten TARWE), kruiden (lavas, peterselie, SELDERIJZAAD), smaakversterkers (E621, E627, E631), glucosestroop, kippenvlees 0,03%, M
Kruiden en specerijen|1-kop soep Japanse teriyaki|20.0|0.56|0.2|0.05|0.82|3.96|1.25|aardappelzetmeel, 17% vermicelli (durum TARWEGRIES, zout), glucosestroop, zout, 7,5% pannenkoekreepjes (TARWEBLOEM, SCHARRELEI, magere MELK, zout, weipoeder (MELK), aroma, kruiden), SOJASAUSPOEDER (zout, SOJABONEN, TARWE, glucosestroop), gistextract, wort
Kruiden en specerijen|Unox Koppie-Soep Biefstuksoep 10 stuks|30.0|0.7|0.4|0.1|0.93|6.0|0.5|Maltodextrine, aardappelzetmeel, deegwaar 13% (noedels plat 7,6% (harde tarwegries, zout), ring (tarwebloem, zout)) , croutons 12% (witbrood (tarwebloem, zout, gist, raapzaadolie), palmolie, antioxidant: rozemarijnextract) , zout, gistextract, aroma (beva
Vleeswaren|Holland luncheon delight 340g|225.0|12.0|17.0|5.7|2.4|6.0|0.5|Ingrediënten: Kippenseparatorvlees 64%, varkensvlees 13%, water, TARWEZETMEEL, varkensvet, zout, MOSTERDMEEL, stabilisator: E451, specerijen, suiker, antioxidant: E316, dextrose, gehydroliseerd SOJA-EIWIT, conserveermiddel: E250. E is een door de E.U. goe
Suiker, snoep, zoet beleg en zoete sauzen|Frutastic stroop peer deluxe appel bes 450 g|275.0|0.8|0.1|0.0|0.1|66.1|59.3|Ingrediënten: Fruitstroop (van peren, appels en druiven), invertsuiker, geleermiddel: pectine, citroensap
Suiker, snoep, zoet beleg en zoete sauzen|Frutello siroop meesterkrans 80 g|271.0|1.0|0.0|0.0|0.02|66.0|61.0|Fruitstroop (van peren, appels en druiven), invertsuiker, geleermiddel: pectine, citroensap
Eieren|Vrije uitloop eierwit|50.0|10.0|0.0|0.0|0.4|1.1|1.1|Ingrediënten: vloeibaar eiwitten (van vrije uitloop eieren)
Suiker, snoep, zoet beleg en zoete sauzen|Zoetstaafjes|400.0|0.0|0.0|0.0|0.0|100.0|100.0|Ingrediënten: Suiker.
Niet-alcoholische dranken|Nl fruitensap|46.0|0.1|0.1|0.02|0.005|11.2|10.5|Ingrediënten: vruchtensap uit geconcentreerd appelsap.
Niet-alcoholische dranken|Nederlandse zonappel drank|41.0|0.2|0.0|0.0|0.0|10.0|10.0|
Niet-alcoholische dranken|VerseVrucht appelsap mistig 1,5 l|47.0|0.1|0.0|0.0|0.01|11.6|11.0|Appelsap uit concentraat, vitamine C
Niet-alcoholische dranken|Vlier saptuit perensap|42.0|0.2|0.0|0.0|0.01|10.4|9.8|Ingrediënten: 100% Hollandse appels (o.a. Elstar, Jonagold en Goudreinette).
Alcoholische dranken|Deluxe pilsener.||||||||Ingrediënten: natuurlijk mineraalwater, gerstemout, tarwe, hop.
Alcoholische dranken|Veldaans pilsener||||||||Zutaten: Wasser, Gerstenmalz, Hopfen
Alcoholische dranken|Krolst premium lager|40.0|0.5|0.0|0.0|0.01|2.5|0.0|Ingrediënten: water, GERSTEMOUT en hop.
Alcoholische dranken|Brink up|46.0|0.5|0.1|0.0|0.01|3.3|0.4|Ingrediënten: natuurlijk mineraalwater, GERSTEMOUT, hop, hopextract.
Alcoholische dranken|Panther 33 cl fles||||||||
Alcoholische dranken|Bierken paleisεν|42.0|0.0|0.0|0.0|0.01|3.2|0.0|Ingrediënten: water, GERSTEMOUT, hopextract.
Alcoholische dranken|Hendriksen pilsener|42.0|0.0|0.0|0.0|0.01|3.2|0.0|Ingrediënten: water, GERSTEMOUT, hopextract.
Alcoholische dranken|Guldenaar eco ur-lager|43.0|||||||Ingrediënten: water, biologisch geteelde GERSTEmout en biologisch geteelde hop.
Alcoholische dranken|Brouwerij Bergbier 30cl|53.0|||||||ingrediënten: water, GERSTEMOUT, hop
Alcoholische dranken|Spitser Hopmeister 30cl|53.0|||||||ingrediënten: water, GERSTEMOUT, hop
Niet-alcoholische dranken|Frostfresh select citrus smooth|42.0|0.7|0.0|0.0|0.002|9.3|9.3|Ingrediënten: Sinaasappelsap uit concentraat.
Suiker, snoep, zoet beleg en zoete sauzen|Chocolade staven melk 200 g|533.0|5.8|30.5|18.3|0.14|57.0|55.6|"suiker, cacaoboter, cacaomassa, volle melkpoeder, emulgator: sojalecithine, natuurlijk vanille-aroma. 

Ten minste 34% cacaobestanddelen"
Suiker, snoep, zoet beleg en zoete sauzen|Chocoladeknabbels latte|523.0|6.0|31.0|18.0|0.225|56.0|55.0|"Ingrediënten: suiker, cacaoboter, cacaomassa, volle melkpoeder, magere
melkpoeder, weipoeder (melk), botervet, koffiebonen,
emulgator: zonnebloemlecithine, aroma, glansmiddelen:
plantaardige olie, Arabische gom en shellack.
Kan sporen bevatten van hazelno"
Suiker, snoep, zoet beleg en zoete sauzen|Chocolatie genot met melk, pure en witte cocolade.|545.0|5.5|32.0|19.5|0.3|57.1|56.5|Ingrediënten: suiker, cacaoboter, volle MELKpoeder, cacaomassa, zoete weipoeder (MELK), emulgator (SOJAlecithine), natuurlijk vanille-extract, kleurstof (E120). Gemaakt in een bedrijf waar ook hazelnoten en pinda's worden verwerkt. Glutenvrij. Melkchocola
Suiker, snoep, zoet beleg en zoete sauzen|Chocoladebrief pure (verrassing)|570.0|7.0|37.0|23.0|0.2|51.0|50.0|Ingrediënten: rietsuiker*, cacaoboter*, vollemelkpoeder*, cacaomassa*, emulgator (sojalecithine), vanillepoeder*. *Van biologische oorsprong.  Cacaobestanddelen ten minste 35%, melkbestanddelen ten minste 21%. Niet-EU Landbouw Zout is enkel afkomstig uit
Suiker, snoep, zoet beleg en zoete sauzen|Cacaozoet vrolijke feestdagen|544.0|6.0|32.0|20.0|0.159|56.0|56.0|"Suiker, cacaoboter, volle melkpoeder, cacaomassa, emulgator: sojalecithine,  natuurlijk aroma. Minimaal 31% droge cacaobestanddelen.

Geproduceerd in een bedrijf waar ook noten verwerkt worden"
Suiker, snoep, zoet beleg en zoete sauzen|Mandje fondue karamel chocolade 250g|560.0|7.0|36.0|22.0|0.2|51.0|50.0|Ingrediënten: suiker, cacaoboter, volle MELKpoeder, cacaomassa, emulgator: SOJAlecithine, aroma: vanille. Kan sporen van GLUTEN, EI, SESAM, PINDA, NOTEN, SELDER, MOSTERD, SULFIET en LUPINE bevatten
Suiker, snoep, zoet beleg en zoete sauzen|Bittere kersen beertjes|394.0|0.0|0.0|0.0|0.01|97.0|58.2|ingredienten: suiker, glucosestroop, voedingszuur E330, aroma's kleurstoffen E120, E133
Hartige sauzen||621.0|1.1|67.0|5.1|0.75|2.6|1.6|Ingrediënten: raapolie 68%, water, azijn, scharrelEIGEEL 6,0%, glucosefructosestroop, MOSTERD (water, MOSTERDZADEN, azijn, specerijen), gemodificeerd zetmeel, zout, aroma (SOJA), voedingszuren: melkzuur en citroenzuur, verdikkingsmiddelen: guarpitmeel en
Hartig broodbeleg|Hazelnootcreme eco+ethisch, 500 g|648.0|25.0|52.0|10.0|0.42|16.0|5.0|pinda's* (94%), ongehard palmvet*, zeezout.
Hartig broodbeleg|Nootie Smeersel|645.0|20.0|55.0|9.5|0.7|14.0|9.0|Ingrediënten: 76% pinda, zonnebloemolie, dextrose, gehard palmvet, zout.
Hartig broodbeleg|Zoet moffa pindakaas vuryg 380gr|562.4|22.4|42.4|0.0|0.0|22.8|14.0|Ingrediënten: PINDA's, zout, dextrose, TARWEmeel, peper, plantaardige olie.
Hartig broodbeleg|VanRiet pindapasta koekkruiden 215 g|624.0|19.0|51.0|9.4|0.64|19.0|14.0|Pinda 73%, plantaardige olie (zonnebloem, volledig geharde palm), suiker, dextrose, zeezout, speculaaskruiden (kaneel, gember, kardemom, kruidnagel), specerij-extracten
Niet-alcoholische dranken|Lindebloesem nectar|39.0|0.0|0.0|0.0|0.0|9.5|9.5|Ingrediënten: Water, rietsuiker*, citroensap uit concentraat*, 3,5% vlierbloesemextract*, voedingszuur (citroenzuur), *Van biologische oorsprong.
Hartige sauzen|Frietsmayo|284.0|0.4|25.8|2.0|1.25|12.0|7.8|water, 24% raapolie, glucose-fructosestroop, azijn, gemodificeerd maïszetmeel, SCHARRELEI, SCHARRELEI-EIGEEL, MOSTERD (water, MOSTERDZAAD, azijn, specerijen), zout, voedingszuur: melkzuur, conserveermiddel: E202, verdikkingsmiddel: guargom, antioxidant: E
Hartige sauzen|Frietsensaus 20% romig/romig 9 ltr emmer|278.0|0.5|26.1|2.1|1.9|10.0|3.8|Ingrediënten: water, 25% plantaardige olie (raapolie), TARWEzetmeel, azijn, suiker, scharrelEIgeel, zout, MOSTERD (water, MOSTERDzaden, azijn, zout, suiker, kruiden), gemodificeerd aardappelzetmeel, aroma's (SOJA eiwit), conserveermiddel: E202, voedingszu
Hartige sauzen|Remis frietsaus traditioneel|293.0|0.6|26.0|2.0|1.7|13.0|9.5|Ingrediënten: water, raapolie,24%, suiker, azijn, maiszetmeel, MOSTERD (water, MOSTERDZADEN, azijn, specerijen), VRIJE UITLOOP EIGEEL, zout, gemodificeerd maiszetmeel, verdikkingsmiddel:guarpitmeel, voedingszuur: citroenzuur, conserveermiddel: kaliumsorba
Hartige sauzen|Western frietsaus upsqueeze|245.0|0.5|21.0|1.5|1.2|13.0|8.0|Ingrediënten: water, raapolie, glucose-fructosestroop, azijn, zetmeel (mais, aardappel), 2% peterselie, gemodificeerd maïszetmeel, vrije-uitloopei, zout, vrije-uitloopeigeel, specerijen (mosterd), verdikkingsmiddel (guarpitmeel), voedingszuur (melkzuur),
Niet-alcoholische dranken|Appelvriendje kids appel drank|23.0|0.1|0.0|0.0|0.003|5.6|5.4|Ingrediënten: Vruchtensap uit concentraat (appel 44%, witte druif, citroen), water, natuurlijk aroma.
Graanproducten en bindmiddelen|Poffertjesmix|345.0|11.1|1.4|0.3|0.24|70.3|1.5|Ingrediënten: TARWEmeel [GLUTEN ], boekweitmeel, bakpoeder, (rijsmiddelen: natriumcarbonaten, kaliumtartraten, maiszetmeel), Bourbon vanillepoeder, zeezout. , kan sporen bevatten van: soja, noten en sesamzaad
Graanproducten en bindmiddelen|Mélange voor volkoren flensjes|160.0|6.5|2.5|1.5|0.6|27.0|4.0|Ingrediënten: 71% tarwebloem, 6% tarwezemel, 5,5% boekweitmeel, 5,5% volkorengerstemeel, 5,5% volkorenhavermeel, scharreleipoeder, gejodeerd zout, rijsmiddel (E450, E500), tarwezetmeel.
Graanproducten en bindmiddelen|Volgranen pannenkoekmix|157.0|7.9|2.1|1.3|0.63|24.8|3.5|"TARWEMEEL, TARWEZEMELEN, volkoren HAVERMEEL, volkoren GERSTEMEEL, ROGGEMEEL, rijsmiddel (rijsmiddel: E450/E500, TARWEZETMEEL), gejodeerd zout.

Dit product kan sporen van NOTEN bevatten"
Graanproducten en bindmiddelen|Krachtmix voor Eierflapjes|159.0|6.2|0.7|0.4|0.85|31.0|4.8|"TARWEMEEL, magere MELKPOEDER, suiker, heeleipoeder (SCHARREL-HEELEIPOEDER, maltodextrine), rijsmiddel (rijsmiddel: E450/E500, TARWEZETMEEL), gejodeerd zout, aroma.

Dit product kan sporen van NOTEN bevatten."
Kaas|Le cow qui smile smeerkaas 40+ 24 wedges 384 gram|239.0|11.5|18.5|12.5|1.8|6.5|6.5|Ingrediënten: gerehydrateerde magere melk, kazen, boter, smeltzouten, natriumpolyfosfaten, calciumfosfaten, citroenzuur en natriumdifosaten, melkeiwitten
Kaas|Veldmier slankje 20+ karwij|135.0|17.0|7.0|4.5|2.0|1.0|1.0|Ingrediënten: Kaas (melk), water, smeltzouten (E452, E451, E450, E340, E331), komijn, weipoeder (melk), magere melkpoeder, kleurstof (E101).
Kaas|Smeerpracht 20+ naturel zacht kruidig|135.0|17.0|7.0|4.5|2.0|1.0|1.0|Ingrediënten: Kaas (melk), water, smeltzouten (E452, E451, E450, E340, E331), melkeiwit, weipoeder (melk), magere melkpoeder, kleurstof (E101)
Kaas|Smeerkaas 25+ klassiek|135.0|17.0|7.0|4.5|2.0|1.0|1.0|Kaas (MELK, zout, zuursel (MELK), stremsel, conserveermiddel: E251, kleurstof: carotenen), water, smeltzouten: E452/E451/E450/E340/E331, MELKEIWIT, weipoeder (MELK), magere MELKPOEDER.
Groente|kleintje roerbakgroente mediterraneo|30.0|1.0|0.2|0.0|0.0|5.0|4.5|Ingrediënten: 24% prei, 19% courgette, 19% witte ui, 19% rode paprika, 19% wortel.
Groente|Zuidelijke wokblend|35.0|2.4|0.3|0.1|0.03|4.5|3.5|14% Taugé, 12% wortelschijfjes, 12% gele wortelschijfjes, 12% sugar snaps, 11% rode paprika, 11% prei, 10% witte kool, 8% bamboereepjes, 6% tuinerwten, 4% Chinese champignons.
Graanproducten en bindmiddelen|Flensjesmixer puur|181.0|7.1|2.2|1.3|0.5|32.6|7.1|TARWEBLOEM, suiker, EIPOEDER (SCHARRELKIPPENEI-EIPOEDER, maltodextrine), gejodeerd zout, aroma.
Graanproducten en bindmiddelen|Poffertjesmix|170.0|7.0|2.0|1.5|0.3|30.0|3.5|Ingrediënten: tarwebloem, scharreleipoeder, gejodeerd zout, aroma, tarwezetmeel, rijsmiddel (E450, E500).
Hartig broodbeleg|Vandermoor pindamix met brokken 350 gr|651.0|20.0|55.0|7.5|0.55|15.0|10.0|Ingrediënten: PINDA 81%, plantaardige olie (raapzaad, soja, volledig geharde palm), dextrose, zout.
Noten en zaden|Borrelluxe shanghai|517.0|13.5|30.84|4.19|1.38|44.07|9.4|"51% PINDA'S, aardappelzetmeel, plantaardige olie (zonnebloem, raapzaad), poedersuiker, zout, maïszetmeel, knoflookpoeder, TARWEZETMEEL, dextrose, uipoeder, rijstbloem, suiker. 

Dit product kan sporen van NOTEN bevatten."
Noten en zaden|Pyvis knibbelnootjes mix 400gr|578.0|15.0|40.0|5.3|1.7|38.0|6.3|Ingrediënten: PINDA'S (46%), zetmeel (van TARWE, maïs en aardappel), zonnebloemolie, suiker, hartige smaak [kruiden en specerijen (paprika- en uienpoeder), dextrose, LACTOSE (van MELK), aroma's (bevat MELK), rookaroma's, gistextract en -poeder, voedingszu
Noten en zaden|TropicQ Mix|515.0|13.0|30.0|4.0|1.6|44.0|9.5|Ingrediënten: 48% PINDA, zetmeel (maïs, aardappel, TARWE), zonnebloemolie, rijstbloem, suiker, cichoreivezel, zout, meel (maïs, TARWE), dextrose, GERSTemoutextract, kurkuma-extract, gekaramelliseerde suiker, specerijen, natuurlijk aroma, gistextract, kleu
Groente|Blanke bollen|35.0|1.0|0.1|0.0|0.0|6.5|5.0|Zout is enkel afkomstig uit natuurlijk voorkomend natrium.
Vleeswaren|Ambachtelijke Levensleverworst|264.0|14.0|22.0|8.2|2.1|3.0|0.5|Ingrediënten: Varkenscollageen, varkenslever (22%), varkensspek, water, varkensvlees (12%), aardappelzetmeel, zout, uien, dextrose, suiker, stabilisator (E450), specerijen, specerijenextract, antioxidant (E301), voedingszuur (E262), varkenshemoglobinepoed
Vleeswaren|Lamms-leverworst met kippenlever|245.0|14.0|21.0|9.0|2.1|1.0|1.0|Ingrediënten: 38% varkenslever, water, 12% kalfsvlees, varkensspek, varkensvlees, varkenscollageen,  zout, voedingszuur (E326, E262), uien, specerijen, specerijextract, dextrose, vanillesuiker, antioxidant (E301), varkenshemoglobinepoeder, paprikaextract,
Vleeswaren|Runderworst|300.0|13.0|25.0|9.5|1.5|2.5|1.0|Ingrediënten: varkenslever (27%), varkensvlees (26%), varkensvet, water, kalfsvlees (6%), zout, suiker, antioxidant(E300, E301), aroma, specerijen, smaakversterker(E621), kleurstof(E120), vanillinesuiker, emulgator(E472c), KOEMELKEIWIT, conserveermiddel(E
Vleeswaren|Kruidworst|285.0|16.0|23.0|9.0|1.7|4.0|1.5|Ingrediënten: 26% varkensleverª, 22% varkensvleesª, varkenscollageenª, varkensspekª, water, aardappelzetmeel, zout, dextrose, tijm, zuurteregelaar (E325), specerijen (o.a. mosterd), varkenshemoglobine, suiker, maltodextrine, natuurlijk aroma, gistextract,
Vleeswaren|Bakkersleverworst glk|280.0|16.0|22.2|9.0|1.675|4.0|1.5|varkensvlees Beter Leven 1 ster 25%, varkenscollageen Beter Leven 1 ster, varkenslever Beter Leven 1 ster 19%, varkensvet Beter Leven 1 ster, runderlever Beter Leven 1 ster 10%, water, aardappelzetmeel, zout, specerijen (mosterd), dextrose, varkenshemoglo
Vleeswaren|Deon kippenleverwurst voordeelpak|269.0|13.5|23.0|8.7|1.88|2.0|0.5|34% varkenslever, varkenszwoerd, varkensspek, water, zout, tarwebloem, voedingszuur: E326/E262, varkenshemoglobine, specerijen, stabilisator: E451, aroma (bevat tarwe), antioxidant: E300/E316/E330, dierlijk eiwit (varken, rund), suiker, uien, glucosestroo
Vleeswaren|Utrechtse leverdelicatesse|275.0|18.0|21.0|8.0|2.0|4.0|0.2|Ingrediënten: 27% varkensvleesª, 25% varkensleverª, varkenscollageenª, varkensspekª, water, aardappelzetmeel, zout, zuurteregelaar (E325), varkenshemoglobine, dextrose, specerijen (o.a. mosterd), suiker, kruiden, gistextract, preipoeder, natuurlijk aroma,
Vleeswaren|Boerenleverworst|245.0|14.0|20.0|7.5|1.7|2.5|0.6|Ingrediënten: 33% varkensleverª, varkenscollageenª, 19% varkensvleesª, water, varkensspekª, aardappelzetmeel, zout, varkenshemoglobine, voedingszuur (E325), specerijen, peterselie, dextrose, suiker, aroma, maltodextrine, antioxidant (ascorbinezuur), giste
Vleeswaren|Leverflink|285.0|16.0|23.0|9.0|1.7|4.0|1.5|Ingrediënten: 26% varkensleverª, 22% varkensvleesª, varkenscollageenª, varkensspekª, water, aardappelzetmeel, zout, dextrose, tijm, zuurteregelaar (E325), specerijen (o.a. mosterd), varkenshemoglobine, suiker, maltodextrine, natuurlijk aroma, gistextract,
Vleeswaren|Leverlux gesmoorde spekring|300.0|16.0|25.0|9.5|1.9|3.5|1.0|Ingredienten: 32% varkensvlees, varkenscollageen, 19% lever (rund, varkens), varkensspek, bouillon, aardappelzetmeel, 2% rundvlees, zout, specerijen (bevat MOSTERD), kruiden, dextrose, voedingszuur (E325), suiker, aroma, ui, gistextract, prei, zonnebloemo
Vleeswaren|Plattelands leverdelight|289.75|15.37|23.87|8.77|2.28|3.22|0.77|Ingrediënten: varkenslever (35%), varkensvlees (33%), varkensspek (15%), varkenscallogeen (8%), zout, rundvlees (<1%), kruiden & specerijen, voedingszuur (E325), aardappelzetmeel, gefermenteerde rijst, ui, smaakversterker (E621, E627), anti-oxidant (E300)
Vleeswaren|Burenbraden leverworst met rundvlees 200 g|300.0|13.0|25.0|9.5|1.5|2.5|1.0|Varkenslever* (27%), varkensvlees* (26%), varkensvet*, water, kalfsvlees* (6%), zout, suiker, antioxidant (E300, E301), aroma, specerijen, smaakversterker (E621), kleurstof (E120), vanillinesuiker, emulgator (E472c), koemelkeiwit, conserveermiddel (E250),
Niet-alcoholische dranken|Natuurbloem venkelthee zakjes 20 x 1,5 g|335.0|16.0|17.0|1.0||3.0|3.0|Biologische venkel
Brood|Heideland beschuit|385.0|14.0|4.5|1.0|0.9|69.0|10.0|"Ingrediënten: 81% volkorenTARWEmeel*, glucosestroop*, gist, suiker*, EI*, zout, raapolie*, emulgator (SOJAlecithine), *Van biologische oorsprong.

Allergie-informatie: bevat tarwegluten, ei, soja. Gemaakt in een bedrijf waar ook sesam wordt verwerkt."
Peulvruchten|Peul & peul bonte bonen in exotische ketjapmarinade|91.0|4.8|0.5|0.1|1.37|14.7|5.5|Ingrediënten: Bonen in wisselende samenstelling 54% (witte bonen, bruine bonen), water, ketjap manis (suiker, SOJAsaus, melasse, water, zout, gebrande suikerstroop, conserveermiddel kaliumsorbaat, aroma), SOJAsaus (water, SOJAbonen, TARWE, zout), gember,
Peulvruchten|Nederlandse rode erwten|109.0|6.7|0.8|0.1|0.3|15.1|1.0|Bruine bonen, water, zout, stabilisator: E385.
Groente||24.0|2.0|0.0|0.0|0.02|4.0|4.0|Ingrediënten: witte kool
Groente|Boerenkool fijn|17.0|1.3|0.4|0.1|0.055|1.2|1.2|Andijvie.
Groente|Broccoli gedroogd|17.0|1.3|0.4|0.1|0.055|1.2|1.2|Andijvie.
Groente|Hs-knabbeltje peen|33.0|0.6|0.3|0.1|0.068|5.5|4.3|wortel.
Groente|Herfstwortel||||||||
Groente|Herfstwortel||||||||
Groente|Koudwortel|34.0|0.6|0.3|0.1|0.0|5.5|5.0|
Groente|Ecostische groenten|33.0|0.7|0.3|0.1|0.068|5.6|4.3|
Groente|Herfstwortel gesneden staafjes 3mm 1kg||||||||Winterpeen
Groente|Peenkruisjes 8mmx6cm bak 1kg mvdb|34.0||0.3|0.1|0.09|5.7|3.1|WORTEL
Gebak en koek|Goudse siroopkoekjes|489.0|3.9|24.3|12.7|0.653|63.3|37.8|TARWEBLOEM, 28% glucose-fructosestroop, palmvet, suiker, 12% roomboter (MELK), gekarameliseerde suiker, SOJAMEEL, weipoeder (MELK), TARWEZETMEEL, raapolie, rijsmiddel: E500, zout, emulgator: E322 (SOJA)/E471, magere MELKPOEDER, SCHARRELEI, suikerstroop, k
Gebak en koek|Stroopkoekjes|452.0|3.0|21.0|12.0|0.58|62.0|35.0|Ingrediënten: TARWEBLOEM, glucose-fructosestroop, 14% roomboter (MELK), suiker, palmvet, suikerstroop, SOJABLOEM, raapolie, zout, dextrine (TARWE), emulgator (SOJALECITHINE, E471), rijsmiddel (E500), kaneel, Bourbon vanille, voedingszuur (citroenzuur).
Vleeswaren|Worstenboerderspek (gn) - mega|151.0|18.2|8.2|3.1|1.9|1.0|0.0|varkensvlees 96%, zout, aroma, antioxidant: E301, conserveermiddel: E250, rook.
Vis, schaal- en schelpdieren|Viskroketten|196.0|11.8|8.6|1.1|0.93|17.3|1.7|"65% VIS*, TARWEBLOEM, zonnebloemolie, aardappelzetmeel, water, zout, witte peper, paprika, gist.

*A) Alaska koolvis (Theragra chalcogramma), gevangen met trawlnetten in de Stille Oceaan, Noordwest en Noordoost (FAO 61 en FAO 67)
B) Zwarte koolvis (Pollac"
Vis, schaal- en schelpdieren|Gigantische zeevingers|179.0|11.7|7.1|0.9|1.03|16.3|4.0|"62% Alaska KOOLVIS (Theragra chalcogramma ), TARWEBLOEM, zonnebloemolie, water, rijstmeel, TARWEZETMEEL, ROGGEBLOEM, HAVERBLOEM, TARWEGRIESMEEL, zout, GERSTEBLOEM, gist, suiker, TARWEMOUTMEEL, raapzaadolie.

Alaska KOOLVIS gevangen in:
A = het Noordwestel"
Vis, schaal- en schelpdieren|Frosty 12 graanvissticks 360 g|193.0|14.0|8.0|0.6|0.87|15.0|1.0|Alaska koolvis* 65%, volkoren paneermeel (volkoren tarwemeel, water, gist, zout, volkoren gemout tarwemeel), raapzaadolie, volkoren tarwemeel, water, zout, * Ondanks zorgvuldig fileren kan onbedoeld een graatje in de vis achterblijven.
Kruiden en specerijen|Parijse mosterd|125.0|6.6|6.9|0.4|3.3|6.4|1.3|Ingrediënten: water, MOSTERDZAAD, azijn, zout, specerijen, natuurlijk aroma.
Eieren|Hele Graan Boeren Lucht l 4 stuks||||||||
Eieren|Zuiver en vrij scharrelei premium|135.0|13.0|10.0|2.5|0.4|0.0|0.0|
Eieren|Groot gild-ei 10 stuks|137.0|12.3|9.1||0.4|1.6|0.2|100 % EI
Eieren|Vrije weideeieren 10 l|132.0|12.3|9.1|3.4|0.38|0.2|0.2|Vrije uitloopeieren
Eieren|Frisse rondeelklokken|140.0|13.0|10.0|3.0|0.3|0.0|0.0|Allergie-informatie: bevat ei.
Eieren|Gekookte glimmende edelsteen 10 stuks|139.0|13.0|9.8|3.3|0.33|0.0|0.0|
Eieren|Gegloeid glamoureuze regenwolk 6 stuks|139.0|13.0|9.8|3.3|0.33|0.0|0.0|
Eieren|Gestoomd ei 2 st grn|128.0|12.3|8.8|2.9|1.316|0.0|0.0|"EI Beter Leven 1 ster, zout. 
Schaal: glansmiddel: schellak (dierlijk)."
Diversen|Joza jodiumzout 1kg||||||||
Vetten en oliën|Kelderboter gezegend|735.0|0.6|81.0|56.0|1.0|1.0|1.0|Ingrediënten: roomboter, 1% zout.
Kaas|Kzk milnza kummel|286.0|29.4|18.4|12.5|1.733|0.0|0.0|Gepasteuriseerde KOEMELK, zout, 1% komijn, zuursel, dierlijk stremsel, conserveermiddel: E251, kleurstof: E160a.
Vlees en gevogelte|Runderblokjes 250gr|115.0|22.376|2.871|0.861|0.0|0.0|0.0|>99% rundvlees, raapolie, kleurstof (paprikaextract), gehard plantaardig vet (koolzaad, palm), specerijen (peper, paprika, MOSTERDmeel), zout, dextrose, knoflook, kruiden, specerijenextract (SELDERIJ).
Vlees en gevogelte|Boeckenhaastournedos 12x175g|109.0|22.2|2.1|0.8|0.22|0.5|0.5|95% Rundvlees, water, dierlijk eiwit (rund), antioxidanten: E331 en E301, stabilisator: E407, aroma, zout.
Vlees en gevogelte|Salijonk 2grn|281.0|14.1|22.8|9.4|1.22|4.7|0.1|85% varkensvlees*, water, paneermeel (TARWEBLOEM, water, gist, zout), zout, specerijen (witte peper, gember, nootmuskaat, kardemom, foelie, kruidnagel, cayennepeper), maltodextrine, dextrose, aardappelzetmeel, TARWEVEZELS, erwtenvezels, varkenseiwit, natu
Fruit|Parel schijven 5mm hestar 1kg|58.0|0.2|0.1|0.0|0.0|12.9|11.1|appel
Fruit|Perzikbeltjes|40.0|0.9|0.1|0.1|0.0|8.0|8.0|
Hartig broodbeleg|Kip/mango salade 175g|433.0|6.4|42.1|3.7|1.35|6.4|4.7|koolzaadolie, gekookt kippenvlees 33,9% (kippenvlees Beter Leven 1 ster 28,8%, water, aardappelzetmeel, maïszetmeel, zout, suiker, glucosestroop), water, suiker, appel, knolSELDERIJ, natuurazijn, scharrelEIgeel, kerriepoeder (korianderzaad, kurkuma, komij
Hartig broodbeleg|Kip-kerrie feestsalade|360.0|8.0|33.0|3.0|1.1|7.0|4.5|37% kippenvlees, raapolie, water, suiker, vrije-uitloopeigeel, azijn, specerijen (o.a. selderij, mosterd), zout, zetmeel (maïs, aardappel), natuurlijke aroma's, gember, dextrose, voedingszuur (melkzuur [E270]), knoflook, gemodificeerd maïszetmeel, conserv
Hartig broodbeleg|Kip-kokossalade pittig|290.0|9.5|24.0|2.0|1.1|9.0|5.0|29% kipfilet, water, plantaardige olie (raap, koolzaad), 11% kippendijfilet, suiker, zetmeel (maïs, aardappel), vrije-uitloopeigeel, azijn, 0,8% zoete peper, natuurlijk aroma, zout, specerijen (o.a. 0,2% chili), 0,7% rode chilipeper, gemodificeerd maïszet
Groente|Nordy bloemdukjes 450g|20.0|1.2|0.1|0.05|0.1|2.7|1.1|
Fruit|Tropische Ananasstukken 1kg|57.0|0.5|0.1|0.0|0.0|12.0|11.6|ananas
Fruit|Zonneschijf||||||||
Fruit|Kraakverse ananaschalzen|54.0|0.5|0.1|0.0|0.0|12.0|11.6|Ananas.
Niet-alcoholische dranken|Bierdinger frisvrij brouws 33cl|25.0|0.4|0.1|0.1|0.001|5.3|3.6|Ingredients: water, WHEAT MALT, BARLEY MALT, hops, yeast, carbon dioxide.
Niet-alcoholische dranken|Budels Nachtmout 0,0% Donker|26.0|0.2|0.0|0.0|0.0|6.1|3.0|"water, GERSTEmout*, hop*
*= van biologische oorsprong"
Vis, schaal- en schelpdieren|Delix - gerookte forel 250g|192.0|17.8|13.2|2.9|1.3|0.6|0.3|98% ZALM (Salmo salar, gekweekt in kooien in zee, Noorwegen), 2% kruidenmix (zout, dextrose, TARWEzetmeel, smaakversterker: E621, specerijen(MOSTERDzaad, peper), kruiden (peterselie, dille), aroma (smaakversterker: E621, SELDERIJ), ui).
Vleeswaren|Braadkaas|250.0|14.0|18.5|7.5|2.3|6.0|0.6|40% varkensvlees*, 28% varkenslever*, water, aardappelzetmeel, varkensspek*, ui, rundvet, varkenscollageen*, zout, zuurteregelaars (E325, E326), specerijen, varkenseiwit, stabilisatoren (E450, E451, E466), suiker, aroma, gistextract, antioxidant (E301), c
Fruit|Fructarines|33.0|1.0|0.1|0.0|0.025|6.5|6.5|Nectarine.
Suiker, snoep, zoet beleg en zoete sauzen|Chocoladensmeer melk|572.0|2.9|37.0|9.0|0.1|56.0|56.0|"Suiker, plantaardige olie (raapzaad, palm), 6% volle MELKPOEDER, 5% magere cacao, 1% magere MELKPOEDER, emulgator: zonnebloemlecithine, aroma, zout.

Dit product kan sporen van NOTEN bevatten."
Niet-alcoholische dranken|BerryKool classic strawberry 1,5 l|27.0|0.0|0.0|0.0|0.02|6.5|6.4|Water, 10% vruchtensap uit concentraat (appel, 0,6% aardbei), suiker, fructosestroop, voedingszuur (citroenzuur), natuurlijke aroma's, zuurteregelaar (natriumcitraten), zwarte wortelconcentraat, vitamine E
Hartige sauzen|Verse pesto-mist groen|530.0|7.0|54.0|7.5|1.5|3.5|2.5|plantaardige olie (raap, 5% olijf, zonnebloem), 23% basilicum, melk, 5% pijnboompit, 4% knoflook, zout, natuurlijk aroma, citroensap, azijn, specerijen, zuursel, vegetarisch stremsel.
Gebak en koek|Oroko 150g vanille cream|474.0|5.4|19.0|5.2|0.74|68.0|38.0|TARWEBLOEM, suiker, palmolie, koolzaadolie, magere cacaopoeder 4,5 %, TARWEZETMEEL, glucose-fructosestroop, rijsmiddelen (kaliumcarbonaten, ammoniumcarbonaten, natriumcarbonaten), zout, emulgatoren (SOJALECITHINE, zonnebloemlecithine), aroma. KAN MELK BEV
Gebak en koek|Chocobiscino|512.0|6.4|27.4|17.1|0.5|56.9|36.0|suiker, tarwebloem, cacaomassa, cacaoboter, 3,7% boter (melk), zoete weipoeder (melk), glucosestroop, boterconcentraat (melk), rijsmiddelen: natriumcarbonaten, difosfaten; emulgator: lecithinen (soja); zout, volle melkpoeder, voedingszuur: citroenzuur; na
Gebak en koek|Cacao koekje donker 125g|502.0|6.6|25.0|16.0|0.25|61.0|37.0|suiker, cacaomassa, TARWEbloem, cacaoboter, boter (MELK), glucosestroop, botervet (MELK), rijsmiddelen: E500 en E503, emulgator: SOJAlecithine, volle MELKpoeder, weipoeder (MELK), zout, voedingszuur: citroenzuur
Gebak en koek|Chocoliefje donker|496.0|7.0|23.0|15.0|0.43|63.0|32.0|"48% pure chocolade (suiker, cacao massa, cacao boter, botervet (MELK), emulgator: SOJALECITHINE), TARWEBLOEM, suiker, 7% roomboter (MELK), glucosestroop, rijsmiddel: E503/E450/E500; magere MELKPOEDER, emulgator: SOJALECITHINE, zout.

Dit product kan spore"
Niet-alcoholische dranken|Krak vruchtensap frambos vrij|1.0|0.0|0.0|0.0|0.0|0.2|0.0|Water, vruchtensap uit concentraat 12% (appelsap 8%, frambozensap 2%, vlierbessensap 2%), voedingszuur: citroenzuur, aroma, zoetstoffen: acesulfaam-K, sucralose, steviol glycosiden, stabilisator: E415, conserveermiddel: kaliumsorbaat, antioxidant: ascorbi
Vlees en gevogelte|Kipfiletcrunchie|151.0|19.76|1.29|0.49|0.71|14.71|0.06|77% Kippenvlees¹, 16% krokante chips (maïs, zout, GERSTEMOUT), water, beslagmix (zetmeel (maïs, TARWE), bloem (maïs, TARWE, SOJA), SOJA-EIWIT, emulgator: E466, MELKEIWIT, zout), rijstebloem, zout, specerijen, maltodextrine, paprikaconcentraat, zonnebloemo
Vlees en gevogelte|Kipschotel XXL 2025|242.0|11.5|13.5|2.4|1.39|17.9|0.7|"59% kippenvlees, TARWEMEEL, 6% water, gemodificeerd zetmeel (maïs, TARWE), raapzaadolie, TARWEZETMEEL, rijstmeel, zout, gist, dextrose, specerijen, SCHARRELKIPPENEI-EIWITPOEDER, zonnebloemolie, aroma, gistextract, conserveermiddel: E261.
Dit product kan s"
Brood|Romigbrood|264.92|9.427|2.463|1.318|1.24|49.796|4.451|TARWEbloem, water, LACTOSE (MELK), gist, bakkerszout, botervet (MELK), MELKeiwit (LACTOSE), emulgatoren (E482, E471, E322), dextrose, plantaardig vet (palm), enzymen (TARWE), meelverbeteraars (E300, E920), TARWEmoutbloem, maltodextrine, aroma, voedingszuu
Melk en melkproducten|Chocolade glorie ijs met vlaamse donkere chocoladeschilfers en chocoladefondant stukjes (1300 gram)|240.0|4.4|14.0|8.5|0.16|24.0|20.6|magere MELK, 24% SLAGROOM (MELK), suiker, 7% chocoladecouverture stukjes (suiker, 31% cacaoboter, 25% cacaomassa, magere MELKpoeder, emulgator: SOJAlecithine, aroma), Glucosestroop, glucose-fructosesiroop, magere MELKpoeder, 2.8% pure chocolade (50% cacao
Niet-alcoholische dranken|Sasa sinaas multipack 4 flessen 1,5 liter|24.0|0.0|0.0|0.0|0.01|6.0|6.0|Koolzuurhoudend bronwater, 6% vruchtensap uit concentraat (sinaasappelsap minimaal 3,1%, citroensap), suiker, glucose-fructosestroop, voedingszuur (citroenzuur), zoetstoffen (cyclaamzuur, sacharine), natuurlijk aroma, antioxidant (ascorbinezuur), stabilis
Hartige sauzen|Mildvolle frietsmeer|155.0|0.4|13.0|1.0|1.5|8.5|2.0|water, raapolie, azijn, gemodificeerd maïszetmeel, glucose-fructosestroop, vrije-uitloopei, voedingsvezel (polydextrose), zout, glutenvrij tarwezetmeel, specerijen (mosterd), vrije-uitloopeigeel, conserveermiddel (E202), voedingszuur (melkzuur), verdikkin
Hartige sauzen|Patatsaus in tube|158.0|0.5|10.7|0.9|2.0|14.2|8.3|water, 10% plantaardige raapolie, suiker, gemodificeerd maiszetmeel, azijn, EIgeel, zout, MOSTERD (water, MOSTERDzaad, azijn, zout, suiker, kruiden, aroma), verdikkingsmiddelen (xanthaangom, guarpitmeel), aroma's (SOJAEIwit), conserveermiddel (E202), voed
Groente|Gefilterde tomaatjes|22.0|1.3|0.0|0.0|0.65|3.8|3.8|Tomaten, zout.
Kaas|Lichte bokkenkaas 50+ schijfjes 100gr|365.0|22.3|30.6|18.7|1.6|0.1|0.1|gepasteuriseerde GEITENMELK, zout, zuursel, microbieel stremsel.
Kaas|Heerlijkeberg affiné chèvre 1/32|399.0|24.0|33.7|20.6|2.0|0.0|0.0|GEITENMELK, zout, zuursel, stremsel.
Gebak en koek|Roomslag taartje set van 4|290.08|3.629|16.826|11.325|0.416|30.877|24.086|slagroom (42%) [slagroom (MELK), suiker, emulgator (E471), stabilisator (E407)], EI, suiker, aardbeien, kiwi, TARWEbloem, glucose-fructosestroop, TARWEzetmeel, frambozenpuree, rode bessen puree, water, glucosestroop, cacaoboter, emulgatoren (E477, E472b,
Gebak en koek|Slinger slagroomgebak 10 genieten|326.42|3.864|23.522|15.672|0.342|25.572|19.174|Slagroom [slagroom (MELK), suiker, emulgator (E471), stabilisator (E407)], EI, Vruchtenjam Framboos-rode bes 35% [suiker, water, rode bessen puree, glucosestroop, geleermiddel (E440), rode bessensap (concentraat), vlierbessen (concentraat), frambozensap (
Hartige sauzen|Heethoofd knoflookdressing|280.0|0.9|26.0|2.0|1.18|9.5|5.5|water, raapolie, azijn, 8% magere yoghurt, specerijen (5% knoflook, witte peper, 0,1% cayenne), suiker, scharrelei, zetmeel (glutenvrije tarwe, maïs), kruiden, gemodificeerd maïszetmeel, zout, scharreleigeel, voedingszuur (citroenzuur [E330]), 0,2% knoflo
Hartige sauzen|Vande saus looke 450ml 8x|290.0|1.0|26.0|2.0|1.5|13.0|10.0|Water, raapzaadolie, YOGHURT, suiker, azijn, knoflook 4%, gemodificeerd maïszetmeel, mosterd (water, MOSTERDZAAD, azijn, zout, specerijen, aroma's), EIGEEL (vrije-uitloop) 2,3%, zout, specerijen, aroma's, voedingszuur (E270, E330), peterselie, verdikkings
Hartige sauzen|Emmer visdressing look|200.0|0.5|16.8|1.5|1.4|11.4|5.8|water, koolzaadolie, suiker, azijn, TARWEZETMEEL, gemodificeerd maïszetmeel, SCHARRELEIGEEL, zout, 1% knoflookpoeder, ui, verdikkingsmiddel: E415, verdikkingsmiddel: E410, verdikkingsmiddel: E412, conserveermiddel: E202, conserveermiddel: E211, kruiden en
Gebak en koek|Zalvige appelkoek|265.0|2.9|10.5|6.3|0.194|38.7|19.7|45% appel, TARWEBLOEM, 12% roomboter (MELK), suiker, dextrose, rozijnen, SCHARRELKIPPENEI, gemodificeerd aardappelzetmeel, SCHARRELKIPPENEI-EIGEEL, abrikoos, kaneel, glucosestroop, zout, rijsmiddel: E450/E500, citroenschillen, emulgator: E322, voedingszuu
Gebak en koek|Zachtboter perenkoek (8 plakken)|285.0|4.5|9.0|5.5|0.5|46.0|25.0|49% appel, tarwebloem, suiker, 7,5% roomboter, water, scharrelei, 1,5% rozijn, glucose-fructosestroop, gemodificeerd zetmeel (aardappel, maïs), glucosestroop, kaneel, zout, rijsmiddel (E500), stabilisator (E422), plantaardige olie (raap, zonnebloem), voed
Graanproducten en bindmiddelen|Knusper Muesli 4 Noten 450gr|462.0|8.5|19.0|2.0|0.01|57.0|12.0|volkoren HAVERMOUT (32%), volkoren TARWE (18%), glucosesiroop, zonnebloemolie, suiker, geroosterde AMANDELEN (4,2%), HAZELNOTEN (4,0%), oligofructose, PECANNOTEN (1,5%), TARWEBLOEM, rijstebloem, PARANOTEN (1,0%), honing (0,5%), natuurlijk hazelnoot aroma
Graanproducten en bindmiddelen|Bakker krokant nootjes 160gr|462.0|8.5|19.0|2.0|0.01|57.0|12.0|volkoren HAVERMOUT (32%), volkoren TARWE (18%), glucosestroop, zonnebloemolie, suiker, HAZELNOTEN (4,4%), geroosterde AMANDELEN (4%), oligofructose, PECANNOTEN (2%),  TARWEBLOEM (1,4%), rijstebloem (1,3%), PARANOTEN, honing (0,5%), kleurstof (karamel), ar
Graanproducten en bindmiddelen|Quinta krunchy chocolade 960gr|455.0|8.1|19.0|4.9|0.48|57.0|16.0|volkoren HAVERMOUT (37%), pure chocolade*** (12%) [cacoamassa, suiker, natuurlijk vanille aroma, emulgator (SOJALECITHINE, polyglycerol polyricinoleaat)], zonnebloemolie, suiker, volkoren TARWE (9,6%), glucosestroop, oligofructose (chicoreiwortel-extract)
Groente|Elke dag fris lollo verde gespoeld 250g|12.8|1.4|0.4|0.1|0.02|0.3|0.3|lollo rosso.
Groente|Winterwortel||||||||
Gebak en koek|Deen gevulde koek ziel|390.0|6.2|16.7|7.2|0.6|52.7|30.3|Tarwebloem, 28% amandelspijs (12% amandelen, suiker, scharrelheelei, stabilisator: sorbitolen, natuurlijk citroenaroma, verdikkingsmiddel xanthaangom), suiker, 12% roomboter (bevat melk), water, scharrelheelei, invertsuikerstroop, 1% amandelen, glucosestr
Graanproducten en bindmiddelen|Natuurlijke granola|363.0|10.0|6.9|2.6|0.06|60.0|21.0|granen* (65%), volkoren havervlokken*, volkoren tarweblokken*, gerstvlokken*), rozijnen* (27% (rozijn*, katoenzaadolie*, zonnebloemolie*), banaanchips* (banaan*, kokosolie*, rietsuiker*, honing*), cornflakes* (maïs*, rietsuiker*, zout), getoaste kokoschip
Brood|Fijnzemelbrood half|227.0|10.021|1.623|0.35|0.988|39.381|1.654|volkorenTARWEmeel, water, bakkersgist, TARWEgluten, moutmeel (GERST, TARWE), gejodeerd zout, enzymen (TARWE), meelverbeteraar: E300, dextrose, emulgator: E482 (plantaardig), raapzaadolie, ouwel (aardappelzetmeel, olijfolie).
Fruit|Tot moes geplette peer & framboos knijpzakje 4x90g - zonder toegevoegde suiker|52.0|0.5|0.2|0.0|0.0|10.4|9.4|appelpuree 68%, aardbeipuree 21,4%, banaanpuree, zwarte bessenpuree, natuurlijk aroma, antioxidant: E300, voedingszuur: citroenzuur.
Vleeswaren|Kalfsrookvlees mild gezouten|110.0|23.0|2.0|1.0|2.8|0.3|0.3|rundvlees, zout, dextrose, aroma (selderij), dieetzout (kaliumchloride), stabilisator (E640), antioxidant (E301), conserveermiddel (E250, E252), rook.  Voor 100 g runderrookvlees is 110 g rundvlees gebruikt.
Suiker, snoep, zoet beleg en zoete sauzen|Chocolotti glad & romig ivoor|595.0|4.6|40.0|11.0|0.14|53.0|53.0|suiker, plantaardige oliën (raap, palm), volle melkpoeder, 5% amandelen, magere melkpoeder, wei-eiwit (melk), 2% cacaoboter, emulgator (lecithinen), aroma (vanille extract). Dit product kan sporen van andere noten en gluten bevatten.
Melk en melkproducten|Gazi yamak (schuim)creme 170 g|235.0|2.6|23.0|14.7|0.45|3.8|3.8|ROOM, mono- en diglyceriden van vetzuren (plantaardig), natriumalginaat, johannesbroodpitmeel, xanthaangom.
Vlees en gevogelte|Mini Roarma 300g|135.0|20.0|5.5|2.1|1.095|1.3|0.1|varkensvlees 95%, water, specerijen (komijn, paprika, koriander, kurkuma, zwarte peper, piment, venkelzaad, witte peper, foelie, nootmuskaat), zout, rijstemeel, knoflookpoeder, gistextract, extract van paprika, lavas, natuurlijk knoflookaroma.
Vlees en gevogelte|Zwijntjes shoarma 1lbk|142.0|17.6|7.0|2.7|1.266|1.8|0.2|82% varkensvlees, 15% paprika, kruiden en specerijen (bevat: KORIANDER, MOSTERD), zout, gedroogde groente (ui, knoflook), maltodextrine, bloem (rijst), gistextract, gehydrolyseerd eiwit (SOJA), paprika extract, plantaardige olie (zonnebloem), natuurlijk u
Vlees en gevogelte|Varkenssliertjes shawarma 1blok|142.0|17.6|7.0|2.7|1.266|1.8|0.2|82% varkensvlees, 15% paprika, kruiden en specerijen (bevat: KORIANDER, MOSTERD), zout, gedroogde groente (ui, knoflook), maltodextrine, bloem (rijst), gistextract, gehydrolyseerd eiwit (SOJA), paprika extract, plantaardige olie (zonnebloem), natuurlijk u
Melk en melkproducten|Nederlands koetje caramel roomijs|233.0|3.7|14.6|10.0|0.1|21.5|21.5|"Volle jersey koeMELK, suiker, boterconcentraat (MELK), dextrose, MELKpoeder, vanille aroma, gemalen vanille stokjes (0,03%), emulgator: E471, stabilisatoren: E410, E412, E401, E407.
E=door EU goedgekeurde hulpstoffen"
Vlees en gevogelte|Pikante runderboterhamworst|255.0|19.0|19.0|8.5|1.2|1.5|0.2|94% rundvlees, water, zout, aardappelzetmeel, schapendarm, fruitextract (citrus, granaatappel), specerijen, tomatenpoeder, natuurlijk aroma.
Vlees en gevogelte|Rundersausjes Toscaanse stijl 4x|243.0|16.087|18.768|6.648|1.591|0.913|0.184|91% rundvlees, water, gedeeltelijk geharde koolzaadolie, natuurlijk aroma, zout, kruiden en specerijen, groenten (knoflook, paprika), gistextract, wortelconcentraat, specerijenextact, varkensdarm, aardappelzetmeel, dextrose.
Vlees en gevogelte|Mini rundersaucijsje 8x|227.0|16.855|16.855|6.544|1.481|0.733|0.096|93% rundvlees, water, natuurlijk aroma, zout, kruiden en specerijen (kummel, kardemom), schapendarm, aardappelzetmeel, dextrose.
Vlees en gevogelte|Koeienbraadboter|227.0|16.89|16.89|6.558|1.445|0.73|0.094|93% rundvlees, water, natuurlijk aroma, zout, kruiden en specerijen (witte peper, nootmuskaat, foelie, gemberpoeder, kummel, kardemom), varkensdarm, aardappelzetmeel, dextrose.
Kaas|Goudaer 30+ mild|281.0|30.0|17.9|12.9|2.1|0.0|0.0|KOEMELK (gepasteuriseerd), zout, zuursel, stremsel, natuurlijke kleurstof (annatto).
Alcoholische dranken|Ceroc||||||||
Alcoholische dranken|Aurora Prestige 100cl||||||||
Suiker, snoep, zoet beleg en zoete sauzen|Mentos greet and savor 4pk|388.0|0.0|1.9|1.9|0.1|92.0|69.0|suiker, glucosestroop, vruchtensappen (sinaasappel, framboos) (2%), geheel gehard kokosvet, voedingszuur (citroenzuur), zetmeel, aroma's, maltodextrine, verdikkingsmiddelen (gellangom, cellulosegom, arabische gom), emulgator (sucrose-esters van vetzuren),
Suiker, snoep, zoet beleg en zoete sauzen|Benties breeze    5pk  bx|390.0|0.0|1.9|1.8|0.1|93.0|69.0|suiker, glucosestroop, kokosolie, zetmeel, cacaoboter, natuurlijke mint aroma's, maltodextrine, verdikkingsmiddelen (gellangom, cellulosegom, arabische gom), emulgator (sucrose-esters van vetzuren), glansmiddel (carnaubawas).
Fruit|Kobalt rozijntjes (2 kg)|348.0|3.1|0.5|0.1|0.05|79.2|59.2|99.5% rozijnen, 0.5% plantaardige olie (zonnebloem)
Fruit|Gouden druifjes (2000 gram)|341.0|3.0|0.5|0.06|0.028|79.2|59.2|99% rozijnen, 1% zonnebloemolie, conserveermiddel: E220 (SULFIET) E = door EU goedgekeurde hulpstoffen
Vis, schaal- en schelpdieren|Gerafelde roze rivierkreeft rauw|61.0|14.0|0.6|0.2|0.3|0.0|0.0|"witpootgarnaal (Penaeus vannamei)
Zout is enkel afkomstig uit natuurlijk voorkomend natrium."
Kaas|Beldo kaas romige kruidkaas - zacht en stevig 500gram|272.0|7.3|25.0|15.9|0.87|4.5|4.1|verse roomkaas [melk, room, zout, verdikkingsmiddel (johannesbroodpitmeel), zuursel, stremsel], koksroom (room, gemodificeerd maiszetmeel), magere melkpoeder, ui, 2% bieslook,  verdikkingsmiddelen (E407, E410, E415), suiker, peper, aroma (plantaardige oli
Vleeswaren|Koeienrookvlees (0,3 kilogram)|125.0|24.8|2.7|1.1|4.2|0.3|0.2|96% rundvlees, zout, dextrose, maltodextrine, conserveermiddel: E250, suiker, antioxidant: E301, kruidenextract, kruiden en specerijen, stabilisator E450, cultuur, rook E= door EU goedgekeurde hulpstoffen.
Vleeswaren|Henk's Hollandse runderrookvleesch|113.0|20.9|3.1|1.2|3.7|0.4|0.4|92% rundvlees, zout, dextrose, suiker, melksuiker, conserveermiddel: E250/E252, antioxidant: E331/E301, kruidenextract, smaakversterker: E621, aroma (selderij, peulvruchten, koriander), startercultuur, natuurlijke rook
Groente|Spruitblosjes|17.0|2.0|0.0|0.0|0.1|1.0|0.0|Raapstelen.
Niet-alcoholische dranken|Perennectar uit concentraat klassiek 1l flacon (1020 gram)|47.0|0.0|0.0|0.0|0.0|12.0|10.0|100% Appelsap uit concentraat, Antioxidant : E300
Niet-alcoholische dranken|Fruittuin nectarsap perzik 1l|44.0|0.1|0.1|0.1|0.01|10.3|9.8|appelsap, antioxidant: E300.
Niet-alcoholische dranken|Zilt appel (781 gram)|43.0|0.1|0.1|0.02|0.005|11.0|10.5|100% Appels
Niet-alcoholische dranken|Fruity Sips Appel 24 x 200 ml|47.0|0.0|0.0|0.0|0.0|11.3|11.3|
Niet-alcoholische dranken|Fruitana pure prime pressed apple 1l fresh pak|51.0|0.1|0.0|0.0|0.0|12.0|12.0|appelsap, antioxidant: ascorbinezuur.
Niet-alcoholische dranken|Perebertje zilverpeer|45.0|0.1|0.0|0.0|0.005|10.7|10.3|Appelsap uit concentraat
Niet-alcoholische dranken|Perenpareltje goudpeer|44.0|0.1|0.0|0.0|0.003|10.3|9.9|Appelsap uit concentraat.
Niet-alcoholische dranken|QuickChef Apple Delight|47.0|0.0|0.0|0.0|0.0|11.3|11.3|Apple juice from concentrate.
Niet-alcoholische dranken|Zeeuwse Appelhart 200ml, 100% puur appelsap|46.0|0.1|0.0|0.0|0.0|11.2|10.5|100% Zeeuwse appels
Niet-alcoholische dranken|Perensap|43.0|0.0|0.0|0.0|0.0|10.0|10.0|versgeperst appelsap
Niet-alcoholische dranken||46.0|0.1|0.1|0.02|0.013|10.8|10.3|appelsap uit concentraat van biologische oorsprong (100%), vitamine C.
Alcoholische dranken|Koning Oberon brandewijn VSOP||||||||
Niet-alcoholische dranken|Rivania 50 cl|5.0|0.0|0.0|0.0|0.01|1.0|1.0|koolzuurhoudend water, MELKserum (26%), voedingszuur (L(+) melkzuur), karamelsuikersiroop, zoetstoffen (cyclaamzuur, acesulfaam K, sacharine), natuurlijke aroma's, conserveermiddelen (kaliumsorbaat, natriumbenzoaat).
Suiker, snoep, zoet beleg en zoete sauzen|De Ruiter Exquisites Flakes Diep Donker 180g|426.0|9.5|22.0|13.0|0.03|45.0|40.0|"Magere cacaopoeder, suiker, cacaoboter, gefractioneerd MELKVET (harde fractie), emulgator (SOJALECITHINE)

Kan sporen bevatten van melkeiwit en lactose."
Suiker, snoep, zoet beleg en zoete sauzen|Chocolesta Praliné Choco-Cream Pure/Cacao 350gram|553.0|5.7|38.0|9.2|0.12|44.0|43.0|plantaardige oliën (raap, palm), suiker, 13% magere cacaopoeder, 8% magere MELKpoeder, lactose (MELK), calciumcarbonaat, 1% MELKvet, emulgator (raaplecithinen), natuurlijk vanille-aroma, HAZELNOTEN. Geproduceerd in een fabriek waar ook andere noten, glute
Suiker, snoep, zoet beleg en zoete sauzen|Snoepdoosje kerstman 35g schuimpjes|323.0|4.7|0.0|0.0|0.01|76.2|64.8|SPEKJES MIX. glucose-fructosestroop, suiker, water, varkensgelatine, antiklontermiddel (maïszetmeel), kleurstoffen (E100, E162), aroma.
Suiker, snoep, zoet beleg en zoete sauzen|Bacon linten|323.0|4.7|0.0|0.0|0.02|76.2|64.9|glucose-fructosestroop, suiker, water, gelatine, antiklontermiddel: maïszetmeel; aroma, kleurstoffen: E100, E120.
Groente|Ecovriendelijk spinazie 200g|26.0|3.2|0.6|0.1|0.033|0.9|0.0|"spinazie*.
*Van biologische oorsprong."
Groente|Bosrijke boerenkool||||||||
Suiker, snoep, zoet beleg en zoete sauzen|Tradities puur robuuste zeehonddrop 200 gr|295.0|5.4|0.5|0.0|5.43|59.0|44.0|rietsuiker*, geleermiddel (arabische gom*), glucosestroop*, maïszetmeel*, varkensgelatine*, zeezout, zoethoutwortelextract*, zonnebloemolie*, glansmiddel (carnaubawas*), natuurlijk anijsaroma, natuurlijk capsicumaroma. * = van biologische oorsprong
Suiker, snoep, zoet beleg en zoete sauzen||305.0|6.2|0.3|0.3|1.2|62.0|36.0|Suiker, geleermiddel (arabische gom (16%)), gemodificeerd zetmeel, glucosestroop (bevat SULFIET), gelatine (bevat SULFIET), water, salmiakzout, zoethoutwortelextract, zeezout (0,6%), plantaardige olie (kokos), kleurstof (plantaardige koolstof), natuurlijk
Suiker, snoep, zoet beleg en zoete sauzen|Karel zoet'zure mix|334.0|6.2|0.3|0.2|0.24|77.0|49.0|suiker, glucosestroop, gemodificeerd zetmeel, gelatine, water, zoethoutwortelextract, rietsuikermelasse, salmiakzout, TARWEBLOEM, kokosolie, kleurstof (plantaardige koolstof), aroma's, glansmiddel (bijenwas).
Groente|Blaarkselderij||||||||
|Zonnekolven|77.0|2.5|1.5|0.4|0.0|12.0|8.0|
Groente|Bruikjes|45.0|2.3|0.7|0.1|0.018|5.2|1.4|Spruiten.
Groente|Sprieterige Groentemix|36.0|2.3|0.7|0.1|0.018|5.2|1.4|Spruiten.
Groente|Bolvormige tomaten|25.0|0.8|0.1|0.1|0.003|4.3|4.3|Tomaat.
Groente|Spinazie Romaanse Voorraad|43.0|2.0|2.0|0.7|0.6|3.0|1.5|84% spinazie, water, 4% room, raapolie, rijstzetmeel, zout, lactose, mageremelkpoeder, melkeiwit, natuurlijke aroma's (champignon, zwarte peper, nootmuskaat), verdikkingsmiddel (guarpitmeel [E412], xanthaangom [E415]), dextrose, specerijen, wortelpoeder.
Peulvruchten|Nederlandse amberbonen|105.0|6.2|1.1|0.7|0.25|14.0|0.5|hollandse bruine bonen, water, zout, verstevigingsmiddel (E509), antioxidant (E385).
Peulvruchten|Kastanjebonen|104.0|8.0|0.8|0.1|0.3|13.5|0.3|bruine bonen, water, zout, verstevigingsmiddel: E509, antioxidant: E385.
Fruit|Zonovergoten ananas hapjes|70.0|0.8|0.4|0.1|0.0|15.0|14.0|
Suiker, snoep, zoet beleg en zoete sauzen|Britse snoepjes|380.0|2.3|4.9|4.2|0.12|81.0|64.0|suiker, glucosestroop, TARWEbloem, rietsuikermelasse, kokos, water, gelatine, zoethoutwortelextract, cacaopoeder, natuurlijke aroma's, emulgator (E471), kleurend levensmiddel (concentraat van saffloer), kleurstoffen (E160c, E162), kokosolie, glansmiddel (
Graanproducten en bindmiddelen|Zonnekorrel penne rigate|345.0|14.0|2.0|0.1|0.0|64.0|3.5|"volkoren durumtarwegriesmeel*
EU/niet-EU Landbouw
*Van biologische oorsprong."
Vis, schaal- en schelpdieren|FinVis 10 fish sticks|187.0|13.0|9.0|0.6|0.93|13.0|0.1|Alaska pollak filet 70%, mais, water, aardappelzetmeel, rijstmeel, maismeel, gemodificeerd aardappelzetmeel, zout, suiker, uienpoeder, kruiden, kruidenextracten, koolzaadolie.
Fruit|Fujino||||||||
Melk en melkproducten|Zuivelhuis halfvolle vruchtenkwark perzik-mango 5 kg|141.0|5.0|5.5|3.5|0.08|17.0|17.0|HALFVOLLE KWARK, suiker, 10% fruit (8% perzik, 2% abrikoos), glucose-fructosestroop, gemodificeerd maïszetmeel, aroma, kleurstof: ß-caroteen
Samengestelde gerechten|Zonnige quiche tomaat pesto 400g|224.0|8.0|13.3|5.1|0.9|17.2|2.2|25% tomaat, TARWEBLOEM, SCHARRELEI, plantaardige oliën (raap-, palm-), kaas (MELK, zout, zuursel, stremsel), ui, water, 4% mozzarella (MELK, zout, zuursel, stremsel), spinazie, KWARK, gemodificeerd maïszetmeel, volle MELKPOEDER, olijfolie, zout, zongedroo
Noten en zaden|NaturPure amandelcrunch bio|575.0|21.0|49.7|3.7|0.01|7.4|3.9|AMANDELEN*. *Van gecontroleerde biologische teelt. Kan sporen bevatten van GLUTEN en SESAM.
Peulvruchten|Naturbonen kidneybio|337.0|22.5|1.0|0.2|0.1|46.1|2.1|rode nierbonen* . Kan sporen bevatten van GLUTEN, SOJA, SESAM en NOTEN.*Van gecontroleerde biologische teelt.
Vetten en oliën|NaturOlie koudgeperste lijnzaad bio|900.0|0.0|100.0|11.0|0.0|0.0|0.0|Lijnzaadolie*.* Van gecontroleerde biologische teelt.
Noten en zaden|Natuursmaak zonnebloemkernels puur|584.0|20.8|51.5|4.5|0.02|11.4|2.6|Zonnepitten*. *Van gecontroleerde biologische teelt. Kan sporen bevatten van GLUTEN, NOTEN en SESAM.
Noten en zaden|EcoSnack zonnewonderpitten bio|584.0|20.8|51.5|4.5|0.02|11.4|2.6|Zonnepitten*. *Van gecontroleerde biologische teelt.
Samengestelde gerechten|Nourriture bio dhal koralen bonen & keker erwten kokosssaft & kurkuma 230 g|92.0|4.6|3.9|0.8|0.8|6.8|2.1|Water, koraallinzen* 10%, gerehydrateerde kikkererwten* 9,6%, gehakte tomaten* met sap 8,8% (tomaten*, tomatensap*), uien* 8,6%, pompoen* 8,6%, zonnebloemolie*, tomatenconcentraat* 3,5%, kokosmelk* 2,9%, getextureerde soja-eiwitten* 1,8%, kruiden* (moster
Soepen|Paddenstoelensoep|54.0|1.1|3.8|0.9|0.825|3.7|0.6|water, 13% champignon, raapzaadolie, TARWEBLOEM, gemodificeerd maïszetmeel, roomboter (MELK), natuurlijke aroma's, magere MELKPOEDER, stabilisator: E451, zout, weipoeder (MELK), champignonextract, balsamico-azijn (wijnazijn, druivensapconcentraat, kleurst
Suiker, snoep, zoet beleg en zoete sauzen|Choco krumblz 175g|482.0|6.7|21.4|12.9|0.21|64.4|47.6|melkchocolade 78% (suiker, volle MELKpoeder, cacaomassa¹, cacaoboter¹, weipoeder [MELK], emulgator: SOJAlecithine, natuurlijk vanille-aroma), rijstebloem, TARWEmout, suiker, glucosestroop, glansmiddelen: arabische gom en E904 (dierlijk), dextrose. ¹Rainfo
Graanproducten en bindmiddelen|Edelhert gluten free maize crisps organics|350.0|8.2|1.0|0.1|1.0|74.6|7.4|maïs* (93%), ruwe rietsuiker*, zeezout. *Van gecontroleerde biologische teelt.  LACTOSEVRIJ EN EIVRIJ
Gebak en koek|Damhart Weinig Suiker Chocoladewafels|419.0|6.8|24.2|18.6|0.35|48.8|2.7|TARWEbloem, BOTER, zoetstof (maltitol), chocolade topping (zoetstof (maltitol), geheel gehard plantaardig vet (palmpitolie**), mager MELKpoeder, magere cacaopoeder, emulgatoren (sorbitaantristearaat, zonnebloemlecithine), aroma), scharrelEIeren, zoetstof
Vetten en oliën|Groene Vlakte. zonnebloemolie natuurlijk, koud geperst 250ml.|900.0|0.0|100.0|8.0|0.0|0.0|0.0|koolzaadolie*.* Van gecontroleerde biologische teelt
Gebak en koek|Koopman's verrukking mini mokka taartjes 4 stuks 160 g|355.0|3.4|21.1|14.3|0.3|37.6|25.9|Suiker, magere gepasteuriseerde melk, water, tarwebloem, 10% roomboter (melk), plantaardige oliën (palm, palmpit, raapzaad, geheel geharde palmpit), 2,2% amandel, cacaomassa, scharrelheelei, cacaoboter, gemodificeerd aardappelzetmeel, gedroogde glucosestr
Samengestelde gerechten|Foe yong waai 892g ti|123.0|3.806|6.44|1.08|0.722|12.129|9.404|zoete tomatensaus 56,1% (water, suiker, tomatenpuree, raapzaadolie, gemodificeerd tapiocazetmeel, uienpuree, zout, voedingszuur: azijnzuur), omelet met groenten 36,5% (gepasteuriseerd scharrelEI 26,8%, raapzaadolie, champignon 2%, erwten 1,1%, prei 1,1%,
Peulvruchten|Groene kraalbonen|306.0|21.0|1.5|0.3|0.0|43.0|1.0|Groene linzen
Suiker, snoep, zoet beleg en zoete sauzen|Haribo rakkers party size 500 g|345.0|5.8|0.5|0.1|0.02|79.0|53.0|Glucosestroop, suiker, dextrose, gelatine, voedingszuur: citroenzuur, vruchten- en plantenconcentraten: spirulina, saffloer, appel, glansmiddelen: bijenwas wit en geel, carnaubawas, aroma, invertsuikerstroop
Suiker, snoep, zoet beleg en zoete sauzen|Vogels en vlinders pralines met cacao 210g|401.0|0.6|4.4|2.6|0.04|89.3|80.5|"fondant 87,5% (suiker, glucosestroop, water, bevochtigingsmiddel: E422 [niet dierlijk], natuurlijk aroma), pure chocolade 12,5% (suiker, cacaomassa, cacaoboter, emulgatoren: SOJAlecithine en E476 [niet dierlijk], natuurlijk aroma).

Kan bevatten: ei, pind"
Vlees en gevogelte|Kreeften fijn 1pmx|260.0|18.3|20.8|8.3|0.4|0.0|0.0|"100% varkensvlees*.
* = Beter Leven Keurmerk 1 ster.
Dit product kan sporen bevatten van gluten, soja, melk, selderij en mosterd."
Melk en melkproducten|Krinkel stracciata 450g|137.0|6.9|5.5|3.5|0.08|14.8|13.8|magere kwark 60,6% (MELK), water, suiker, gepasteuriseerde room 9,8% (MELK), chocoladestukjes 2,1% (cacaomassa¹, cacaoboter¹, suiker), natuurlijk vanille-aroma met andere natuurlijke aroma's, gemodificeerd tapiocazetmeel, verdikkingsmiddelen: E412 en pect
Hartige sauzen|Tango chutney|143.0|9.0|10.0|9.2|3.9|10.0|5.5|plantaardige olie, 75% mango, peper, knoflook, zout, kruiden en specerijen, MOSTERD.
Graanproducten en bindmiddelen|Paneerkruimels|366.0|12.2|2.7|1.1|1.8|71.1|5.0|TARWEBLOEM, TARWEMEEL, gist, glucosestroop, SCHARRELEI, suiker, zout, MOUTMEEL (GERST, ROGGE, TARWE), plantaardige oliën (palm, koolzaad), TARWEGLUTEN, TARWEZETMEEL, erwteneiwit, ijzer, vitamines (thiamine, riboflavine, niacine, foliumzuur), emulgator: E4
Vlees en gevogelte|Festival kalfskoteletten|104.0|22.4|1.6|0.0|0.15|0.0|0.0|100 % Kalfvlees
Vlees en gevogelte|Tendersteak xl 350g|169.0|21.2|9.4|4.5|0.13|0.0|0.0|rundvlees.
Groente|Toscane sla||||||||
Gebak en koek|Karnemelkspritsen|522.0|6.1|29.1|17.2|0.608|57.7|21.2|"TARWEBLOEM, 30% roomboter (MELK), suiker, TARWEZETMEEL, natuurlijk vanillearoma, zout, SCHARRELKIPPENEI-EIPOEDER, TARWEGLUTEN, rijsmiddel: E450/E500, kleurstof: E160a.

Dit product kan sporen van NOTEN bevatten."
Vlees en gevogelte|Kruidlapjes|135.0|21.3|5.5|2.2|0.175|0.0|0.0|100% rundvlees.
Peulvruchten|Terva splitlinzen goud|359.0|22.0|2.0|0.8|0.04|61.0|6.0|Spliterwten geel 100%
Soepen||87.0|4.7|3.8|0.8|0.73|7.0|1.4|Groenten 67,6% (erwt¹ 56%, wortel¹, prei¹, ui¹, BLADSELDERIJ), water, rookworst² 11% (varkensvlees 81%, varkensseparat orvlees 9%, water, varkensvet, zout, dextrose, suiker, varkenscollageen, houtrook, aroma, conserveermiddel E250), aardappel, raapzaadoli
Vlees en gevogelte|Knorrige Kipfilets 2st/85g|169.0|20.6|3.9|1.3|1.035|12.7|0.3|varkensvlees 79%, paneermix (paneermeel [TARWEbloem, water, TARWEzemelen, gist, zout], specerijen [witte peper, koriander, paprikapoeder, foelie], zout, uienpoeder, raapzaadolie, extract van paprika, natuurlijk aroma), water, bloem (TARWE, maïs), zout, ze
Aardappelen en knolgewassen|Elke dag vers aardappel zoete nulpunt|95.1|1.3|0.0|0.0|0.0|21.0|3.0|Aardappelen zoet.
Aardappelen en knolgewassen|Zoete knolappel||||||||
Fruit|Ananasringen in siroop|53.0|0.4|0.1|0.1|0.1|15.0|12.0|ananas, ananassap
Fruit|TropiFresh ananasschijven in siroop 250gr|63.0|0.4|0.0|0.0|0.0|14.0|12.0|Ingrediënten : Ananas, ananassap
Fruit|Top Tropic ananasschijven in nectar 570gr|66.0|0.4|0.0|0.0|0.02|15.0|15.0|Ananas Del Monte Gold, Ananassap Del Monte Gold.
Gebak en koek|Mini appelkrok rb|337.0|4.3|19.0|13.3|0.5|36.7|15.0|"TARWEbloem, 23% roomboter [MELK], 21% appel, water, suiker, gemodificeerd

maïszetmeel, zout, kaneel, voedingszuur: E330. Geproduceerd in een bedrijf waar kruisbesmetting mogelijk is met:  eieren, mosterd, noten, pinda's, selderij, soja"
Gebak en koek|Lusthof appelbrokje mini|337.0|4.3|19.0|13.3|0.5|36.7|15.0|Tarwebloem, 23% roomboter (melk), 21% appel, suiker, water, gemodificeerd maïszetmeel, zout, kaneel, voedingszuur: citroenzuur
Kruiden en specerijen|Maggi® maggi de ware smaak|104.0|15.5|0.0|0.0|25.4|10.1|5.1|gehydrolyseerde plantaardige eiwitten (water, TARWE-eiwitten, zout), water, aroma's, smaakversterkers (E621, E631), zout, suiker.
Kruiden en specerijen|Mogo® moku quality|104.0|15.5|0.0|0.0|25.4|10.1|5.1|gehydrolyseerde plantaardige eiwitten (water, TARWE-eiwitten, zout), water, aroma's, smaakversterkers (E621, E631), zout, suiker.
Groente|Bittmann spaanse artisjokharten|40.0|1.0|0.2|0.1|0.8|6.5|1.0|artisjokbodems, water, zout, voedingszuur: citroenzuur. Zonder conserveringsstoffen.
Groente|Rotterdamse knapperige augurkjes|17.0|1.5|0.4|0.0|0.25|1.1|0.9|Augurk, water, azijn, MOSTERDZAAD, zout, natuurlijke aroma's (MOSTERD), kleurstof: riboflavine (vitamine B)
Groente|Pickels Zuur 670ml|19.0|1.1|0.0|0.0|1.2|2.0|1.0|augurken, water, natuurazijn, zout, ui, MOSTERDzaad, dille, paprika, aroma.
Groente|Zinvol - boordvlakken prikkel 330gr|16.0|0.6|0.2|0.1|2.15|1.2|1.2|Augurken, water, azijn, zout, MOSTERDZAAD, natuurlijke aroma's, conserveermiddel: E224 (SULFIET).
Groente|Hazbeke augurken zoet-zacht|17.0|1.5|0.4|0.0|1.0|1.1|0.9|Augurken, voedingszuur: azijn, zout, conserveermiddel: E211, zoetstof: sacharine, natuurlijk aroma (bevat MOSTERD), kleurstof: riboflavine (vitamine B)
Groente|Zilte partykomkommers|15.0|0.6|0.2|0.1|0.7|1.0|1.0|augurk, water, azijn, zout, verstevigingsmiddel (calciumchloride [E509]), natuurlijke aroma's.
Diversen|Bruins balsamio azijn uit Verona 7% 300 ml|82.0|1.0|0.0|0.0|0.01|15.0|14.1|wijnazijn, geconcentreerd druivensap, caramel E150d. Bevat SULFIET.
Fruit|FunnyFruit tropische mix 12+ mnd 2 x 190 g|60.0|0.6|0.2|0.0|0.15|13.0|6.8|30% appel, 21% ananassap uit geconcentreerd ananassap, 18% sinaasappelsap, 9% banaan, 9% mango, water, rijstebloem, rijstzetmeel
Fruit|Fruivarit 4m00 peer|43.0|0.4|0.1|0.0|0.01|9.3|9.2|99,9% appel, vitamine C. Glutenvrij. Koemelkeiwitvrij.
Fruit|Mango perzik banaan 8m07|61.0|0.8|0.2|0.1|0.0|13.0|12.0|"puree* (46% perzik, 31% mango, 22,98% banaan), antioxidant (ascorbinezuur [E300]).
EU/niet-EU Landbouw
*Van biologische oorsprong."
Samengestelde gerechten|Kinderkroes selderij wortel omelet 7mnd 180g vega|65.0|2.5|1.9|0.68|0.055|8.9|2.3|aardappel 29%, groenten 29% (spinazie 16%, courgette 5%, wortel 5%, ui 3%), water, gepasteuriseerde magere MELK, maïszetmeel, boter (MELK), scharrelEIpoeder 1,3%, knoflook, zwarte peper.
Samengestelde gerechten|Spruitjesstamppot 7m04|45.0|1.5|1.0|0.0|0.0|7.0|0.6|"water, 25% broccoli*, 5,5% aardappelvlok*, rijstgriesmeel*, plantaardige olie* (raap, zonnebloem).
EU/niet-EU Landbouw
*Van biologische oorsprong."
Samengestelde gerechten|Pomparit 9m15 kalkoen parelgort|58.0|2.2|1.6|0.2|0.028|8.0|2.0|Ingrediënten :34% pompoen, 30,1% water (nodig voor bereiding), 9,9% rijst, 8% kip, 8% wortel, 6% aardappel, 3,2% TARWE zetmeel, koolzaadolie, gemberwortel.
Samengestelde gerechten|Pasta pompoen aard kool in saus 8m06|61.0|2.5|1.0|0.0|0.1|10.0|3.0|"water, groente* (12% zoete aardappel, 12% courgette, 5% knolselderij), rijstgriesmeel*, mageremelkpoeder*, 3% tomatenconcentraat*, durum tarwegriesmeel*, plantaardige olie* (raap, zonnebloem), zetmeel* (rijst en/of maïs), ei-eiwit*.
EU/niet-EU Landbouw
*V"
Samengestelde gerechten|NutriBab 8m08 spruitjes kip risotto|69.0|3.0|1.9|0.5|0.025|8.7|1.3|Ingrediënten :    28% bloemkool, 27,8% water (nodig voor bereiding), 15,5% aardappel, 12% courgette, 9,5% ham, 4% tarwezetmeel, volle melkpoeder, koolzaadolie, peterselie.
Vleeswaren|Kraken Bacon|119.0|21.0|3.7|1.4|4.0|0.3|0.3|92% varkensvlees, zout, water, glucosestroop, suiker, rietsuiker, antioxidant (natriumascorbaat [E301], natriumcitraat [E331]), specerijen, conserveermiddel (natriumnitriet [E250]), rook.
Vleeswaren|Borkon|149.0|19.0|7.7|3.0|2.8|1.0|0.4|varkensvlees (96%), zout, glucosestroop, water conserveermiddel (E250, E252), antioxidant (E301), natuurlijke rook
Vetten en oliën|Culinova 500 ml|657.0|0.0|73.0|8.319|0.89|0.0|0.0|plantaardige oliën 81,2% (raapzaad, zonnebloem, geheel geharde raapzaad), water, zout, emulgatoren: zonnebloemlecithine en E471 (niet dierlijk), voedingszuur: citroenzuur, aroma's, vitaminen: A en D2, kleurstof: carotenen.
Groente|Nasi vruchten|37.0|2.5|0.6|0.09|0.03|4.0|2.9|34% spitskool, 26% prei, 20% wortel, taugé, rode chilipeper.
Groente|Nasi groentenfeest|37.0|2.5|0.6|0.09|0.03|4.0|2.9|34% spitskool, 26% prei, 20% wortel, taugé, rode chilipeper.
Groente|Rami nasi feestgroenten|27.0|1.8|0.1|0.0|0.1|3.5|2.9|40% taugé, 30% witte kool, prei, wortel, bloemkool, rode peper, SELDERIJ.
Groente|Rijst groentemix|32.0|1.439|0.137|0.013|0.019|4.989|4.274|33% Witte kool, rode ui,  prei, wortel, 2% rode peper.
Gebak en koek||315.0|3.0|19.4|8.4|0.526|31.5|16.5|31% appel, TARWEbloem, plantaardige oliën (palm, zonnebloem, SOJA, raap (gedeeltelijk gehard), kokos, katoenzaad), water, suiker, rozijnen, gemodificeerd maiszetmeel, zout, emulgator: E471, voedingszuur: E330, kaneel.
Alcoholische dranken|Oeroud Bruin|30.0|0.5|0.1|0.0|0.01|2.1|0.4|natuurlijk mineraalwater, GERSTEMOUT, hop, hopextract, kleur: karamel, zoetstof: saccharine.
Alcoholische dranken|Brouwerij Leeuw donker bruin|36.0|0.3|0.1|0.0|0.01|5.4|3.3|water, GERSTEMOUT, suiker, hopextract, kleur: karamel
Alcoholische dranken|Frieslands bock meesterbier 30cl||||||||water, GERSTEmout, suiker, hop, gist.
Niet-alcoholische dranken|Brouwers 0.0% radler limoen|30.0|0.4|0.0|0.0|0.01|6.8|3.6|water, GERSTEMOUT, fructosestroop, vruchtensap uit concentraat 5,0% (citroensap 4,0%, sinaasappelsap), natuurlijk aroma, stabilisator: johannesbroodpitmeel en hop.
Alcoholische dranken|Zuidel raddler|36.0|0.2|0.1|0.0|0.01|6.2|4.7|koolzuurhoudend water, GERSTEMOUT, suiker, vruchtensap 5% uit concentraat (citroensap 2,7%, sinaasappelsap, limoensap, acerolasap), hop, hopextract, geconcentreerd citroenextract, natuurlijk aroma, stabilisator: johannesbroodpitmeel, citroengrasextract
Alcoholische dranken|Utrecht zesty sinaasappel|37.0|0.1|0.1|0.0|0.01|6.5|5.0|koolzuurhoudend water, GERSTEMOUT, suiker, vruchtensap 4,5% uit concentraat (grapefruitsap 1,6%, citroensap, limoensap, acerolasap), hop, hopextract, geconcentreerd citroenextract, natuurlijk aroma, stabilisator: johannesbroodpitmeel, kleurstof: anthocyan
Alcoholische dranken|Brouwerij Limoen Spritzer flessen 24 x 30 cl|39.0|0.4|0.0|0.0|0.01|6.5|5.7|Water, suiker, gerstemout, vruchtensap 5,1% uit concentraat (citroensap 3,2%, sinaasappelsap), natuurlijk citrus aroma met andere natuurlijke aroma's, stabilisator: johannesbroodpitmeel, hop
Alcoholische dranken|Zomerbier met limoentarief 6st/30cl|37.0|0.2|0.0|0.0|0.0|6.3|5.7|bier 50% (water, GERSTemout, glucosestroop, hopextract), limonade 50% (koolzuurhoudend water, suiker, stabilisator: arabische gom, voedingszuur: citroenzuur, natuurlijk citroenaroma, kleurstof: E150c).
Alcoholische dranken||32.0|0.2|0.0|0.0|0.0|5.0|4.0|natuurlijk mineraalwater, GERSTEMOUT, suiker, citroensap uit concentraat 1,7%, glucosestroop, koolzuur, natuurlijke aroma¿s, hopextract, antioxidant: ascorbinezuur.
Niet-alcoholische dranken|Bravira 0.0% citrus fusion|29.0|0.2|0.0|0.0|0.0|6.9|5.6|alcoholvrij bier 50% (natuurlijk mineraalwater, GERSTEMOUT, hop) en limonade 50% (koolzuurhoudend water, suiker, citroensap uit concentraat, natuurlijke citrus aroma's, acacia extract).
Niet-alcoholische dranken|Brouwers 0.0% Radler Lemon|30.0|0.4|0.0|0.0|0.01|6.8|3.6|water, GERSTEMOUT, fructosestroop, vruchtensap uit concentraat 5,0% (citroensap 4,0%, sinaasappelsap), natuurlijk aroma, stabilisator: johannesbroodpitmeel en hop.
Groente|Rode rozen|31.0|0.9|0.1|0.0|0.3|5.5|5.0|77% rode biet, water, suiker, azijn, maïszetmeel, zout, natuurlijk aroma.
Gebak en koek|Riga 33gr haverhap appel ea|390.0|5.3|12.0|1.3|0.29|63.0|31.0|HAVERMEEL 39,7%, fruitvulling 36,6% [glucose-fructosestroop, appelpuree 11,2%, bevochtigingsmiddel (glycerol), rozijnen 2,9%, suiker, gedroogde appelstukjes 1,4%, verdikkingsmiddel (gemodificeerd zetmeel), geleermiddel (pectine), kaneel, zuurteregelaars (
Gebak en koek|Zilveren krakeling cacao wafeltjes 300gr|477.0|7.8|25.8|11.1|0.5|52.4|34.2|Cacaofantasie (21.8%) (suiker, plantaardig vet,(palm), mager cacaopoeder, stabilisator(E492), emulgator (SOJAlecithine), natuurlijk vanille aroma), suiker, TARWEbloem, EIeren, koolzaadolie, margarine (palm- en koolzaadolie, palmvet, water, zout, emulgator
Gebak en koek|Zuivelkoekje frambozensmaak 6st/41g|490.0|10.0|22.0|6.0|0.42|60.0|21.0|TARWEbloem, melkvulling 27% (plantaardige oliën [palm, raapzaad, kokos], magere MELKpoeder 8,1%, suiker, weipoeder [MELK], TARWEbloem, lactose [MELK], wei-eiwitconcentraat [MELK] [dierlijk], emulgator: raapzaadlecithine, aardbeienpoeder 0,2%, aroma, radij
Graanproducten en bindmiddelen|Knappere tarwekristallen|369.0|12.8|1.9|0.35|0.01|73.4|3.7|harde tarwegriesmeel van hoogwaardige kwaliteit. Bevat GLUTEN.
Gebak en koek|Hertenhoefjes|495.0|4.0|24.0|14.0|0.1|63.0|46.0|suiker, plantaardig vet (palm, kokos), tarwezetmeel, rijstmeel, 5,5% pinda, magere cacaopoeder, voedingsvezel (inuline), lactose, vegetarisch weipoeder, glucosestroop, scharrelei-eiwit, cacaomassa, melkeiwit, aroma, emulgator (sojalecithine [E322]), melkp
Gebak en koek|Hertenhoefjes 200g|514.0|4.2|23.9|13.6|0.082|69.5|50.5|suiker, plantaardige vetten (palm, kokos), TARWEzetmeel, rijstemeel, PINDAschaafsel 5,4%, magere cacaopoeder, lactose (MELK), weipoeder (MELK), glucosestroop, scharrelEIwitpoeder, cacaomassa, MELKeiwit, aroma's, natuurlijk citroenaroma, emulgator: SOJAlec
Gebak en koek|Geitenklauwtjes 200g|514.0|4.2|23.9|13.6|0.082|69.5|50.5|suiker, plantaardige vetten (palm, kokos), TARWEzetmeel, rijstemeel, PINDAschaafsel 5,4%, magere cacaopoeder, lactose (MELK), weipoeder (MELK), glucosestroop, scharrelEIwitpoeder, cacaomassa, MELKeiwit, aroma's, natuurlijk citroenaroma, emulgator: SOJAlec
Peulvruchten|Crimson Heart Beans|304.0|20.0|3.0|0.4|0.03|40.0|3.0|
Groente|Heuvelbonen|68.0|5.6|0.5|0.1|0.3|7.9|0.8|Tuinbonen, water, zout
Peulvruchten||120.0|7.9|0.8|0.1|0.23|16.5|1.0|Cannellini bonen, water, zout, verstevigingsmiddel: E509.
Peulvruchten|Rode Schrijvers|306.0|20.0|1.5|0.2|0.03|43.0|1.0|
Peulvruchten|Zilverbonen|315.0|20.0|2.5|0.4|0.03|44.0|3.5|"witte boon*.
*Van biologische oorsprong.
Niet-EU Landbouw."
Vetten en oliën|Biora puur smeerlicht 200 g|679.0|0.5|75.0|37.0|0.0|0.6|0.6|Biologische boter (MELK), biologische koolzaadolie, water, zuursel
Vetten en oliën|Romige ziltige boterfantasie|680.0|0.5|75.0|38.0|1.0|0.5|0.5|68% roomboter, 19% raapolie, water, yoghurt, 1% zout.
Fruit|Bramis|53.0|1.2|0.2|0.0|0.0|10.56|8.03|Bramen
Brood|Briochebrokje kersvierling|299.32|10.173|6.742|3.302|1.141|47.839|9.115|TARWEbloem, rode bietensap, gist, water, EI, SESAMzaad (gepeld), botervet (MELK), wei-eiwit (concentraat) (MELK), dextrose, fructose, weipoeder (MELK), EIpoeder, bakkerszout, emulgatoren (E471, E481), verdikkingsmiddel (E466), glucosestroop, meelverbetera
Brood|Mini broodje bolletjes 10st/25g|288.0|10.198|5.561|3.122|1.113|48.476|8.284|TARWEbloem, water, suiker, bakkersgist, boterpoeder (MELK) 3%, TARWEgluten, voorverstijfselde TARWEbloem, palmvet, raapzaadolie, gejodeerd zout, meelverbeteraars: E300 en E920 (plantaardig), enzym (TARWE), gedroogde glucosestroop, emulgatoren: E471 (plant
Brood|Graan-nootjesbrood|304.0|12.0|7.9|0.9|0.8|43.0|16.0|volkoren tarwemeel, gedroogd fruit (22% rozijn, 2,7% krent), water, 5% hazelnoot, bakkersgist, tarwegluten, 2,9% havervlok, 2,7% amandel, zonnebloempit, moutmeel (gerst, tarwe), rietsuiker, volkoren roggemeel, gejodeerd zout, weipoeder, veldbonenmeel, pla
Brood|Vegetalia focaccia 235g|213.0|9.3|7.4|4.0|0.9|26.4|2.3|TARWEbloem, bloemkool 22,3%, Goudse kaas 16,4% (gepasteuriseerde MELK, zout, zuursel, vegetarisch stremsel), cherrytomaat 11%, tomatensaus 9,1% (water, tomatenpuree, tomatenpoeder, rijstebloem, zout, aardappelzetmeel, suiker, ui, paprika-extract, specerij
Brood|Koolarm Brood - Diepvriesspecialiteit|257.0|20.479|10.1|2.049|0.977|17.2|2.295|water, volkorenTARWEmeel%, TARWEgluten, SOJAbloem, lijnzaad 6%, geroosterde SOJAgrits, zonnebloempitten 3%, scharrelEIpoeder, bakkersgist, moutmeel (GERST, TARWE), TARWEzetmeel, gejodeerd zout, raapzaadolie, enzymen (TARWE), emulgatoren: E471 (plantaardig
Brood|Koolhydraatarm Brood 400g|257.0|20.479|10.1|2.049|0.977|17.2|2.295|water, volkorenTARWEmeel, TARWEgluten, SOJAbloem, lijnzaad 6%, geroosterde SOJAgrits, zonnebloempitten 3%, scharrelEIpoeder, bakkersgist, moutmeel (GERST, TARWE), TARWEzetmeel, gejodeerd zout, raapzaadolie, enzymen (TARWE), emulgatoren: E471 (plantaardig)
Brood|Koolvrij Bollen 4st/70g|268.0|18.578|8.656|1.74|0.8|25.538|2.142|water, volkorenTARWEmeel, TARWEgries, TARWEgluten, SOJAbloem, lijnzaad 5%, bakkersgist, geroosterde SOJAgrits, zonnebloempitten 3%, scharrelEIpoeder, moutmeel (GERST, TARWE), emulgatoren: E471 (plantaardig), E472e (plantaardig) en E482 (plantaardig), TARW
Brood|Koolvrije bolletjes 4st/70g|268.0|18.578|8.656|1.74|0.8|25.538|2.142|water, volkorenTARWEmeel, TARWEgries, TARWEgluten, SOJAbloem, lijnzaad 5%, bakkersgist, geroosterde SOJAgrits, zonnebloempitten 3%, scharrelEIpoeder, moutmeel (GERST, TARWE), emulgatoren: E471 (plantaardig), E472e (plantaardig) en E482 (plantaardig), TARW
Brood|Granen knabbels|328.85|10.425|7.24|1.477|0.752|52.899|27.893|TARWEbloem, Rozijnen (21%) [rozijnen, plantaardige olie (katoenzaad)], water, zonnebloempitten, volkorenTARWEmeel, Abrikozenstukjes [abrikoos, rijstebloem, conserveermiddel (E220 (ZWAVELDIOXIDE) (SULFIET))], Dadels [dadel, rijstebloem], gist, TARWEgluten,
Brood|Notenrijkbrood|302.0|10.4|7.6|1.4|1.09|45.3|18.1|water, volkoren TARWEMEEL, 21,2% rozijnen, TARWEBLOEM, 2,5% AMANDELEN, 2,5% HAZELNOTEN, 2,3% zonnebloempitten, TARWEGLUTEN, bakkergist, dextrose, moutmeel (GERST, TARWE), emulgator: E471/E472e/E482, rijsmiddel: E450/E500, verdikkingsmiddel: E412, zuurtere
Brood|Noma brabants tarwebrood 200g|207.0|6.2|1.8|0.6|1.1|37.0|4.7|Ingrediënten : volkoren roggemeel, water, tarwebloem, bakkersgist, bakkerszout, gedextrineerd tarwemeel, tarwezemelen, voedingszuren (citroenzuur, melkzuur), conserveermiddelen (calciumpropionaat, sorbinezuur). Is geproduceerd in een bakkerij waar ook not
Brood|Pakje 2 st rozijnenbrood|260.4|6.59|2.03|0.89|0.87|52.91|28.36|TARWEbloem, rozijnen(30%), water, krenten, gist, TARWEgluten, suiker, Emulgatoren(E471, E481, E472e), bakkerszout, weipoeder(MELK), dextrose, Geheel Gehard Plantaardige Vet(palm), ROGGEbloem, Plantaardige olie(raapzaad, zonnebloem), Zuurteregelaar(E500),
Brood|Krentenbroodje|298.26|9.42|6.82|1.48|0.58|54.93|33.8|rozijnen(41%), TARWEbloem, water, gist, dextrose, botervet(MELK), wei-eiwit (concentraat)(MELK), weipoeder(MELK), SOJAbloem, bakkerszout, ROGGEbloem (voorverstijfseld), glucosestroop, gistextract, rum, caramelstroop, enzymen(TARWE), MELKeiwit, veldbonenme
Brood|Krentenbrood|277.0|8.1|1.9|0.8|0.88|55.1|24.2|TARWEBLOEM, 37% rozijnen, water, bakkersgist, suiker, TARWEGLUTEN, weipoeder (MELK), SOJABLOEM, bakkerszout, emulgator: E481/ E472e (TARWE)/ E471, dextrose, wei-eiwit concentraat (MELK), ROGGEBLOEM, plantaardige olie (raapzaad, zonnebloem), aroma, rijsmid
Brood|Fiestbrood zevenzaden|252.0|10.2|2.6|0.4|1.1|44.2|3.1|TARWEBLOEM, water, TARWEZEMELEN, TARWEMOUTMEEL, GERSTEMOUTMEEL, gierst, gist, zonnebloempitten, TARWEGLUTEN, gefermenteerde TARWEBLOEM, lijnzaad, TARWEVLOKKEN, zout, dextrose, veldbonenmeel, HAVERVLOKKEN, raapolie, aroma, enzymen (TARWE), meelverbeteraar:
Brood|Veldenbrood baguette voorgemarineerd met kruidenkransje|296.0|8.1|11.0|7.7|1.4|40.0|2.3|TARWEMEEL, water, gist, zout, ROGGEMEEL, GEMALEN TARWEMEEL, TARWEGLUTEN. KRUIDENBOTER 17% (BOTERBEREIDING): BOTER 75%, uien, peterselie, knoflook, zout, zetmeel, kruiden, specerijen, zuurmiddel: citroenzuur, natuurlijk knoflookaroma.
Brood|Zoetbrood 450gr gesneden|281.85|5.96|1.63|0.79|0.75|59.59|33.26|TARWEbloem, suiker, water, gist, TARWEgluten, dextrose, weipermeaat(MELK), bakkerszout, weipoeder(MELK), ROGGEbloem, MELKpoeder, SOJAmeel, glucosestroop (gedroogd), gistextract, erwteneiwit, TARWEmoutmeel, enzymen(TARWE), MELKeiwit, Kruiden En Specerijen(
Brood|Bakkersgraan rustiek meerzaden heel|270.0|13.565|7.446|1.22|1.003|32.815|1.761|volkorenTARWEmeel, water, zonnebloempitten, lijnzaad, TARWEgluten, moutmeel (GERST, TARWE), bakkersgist,  SESAMzaad, gepelde gierst, bakkerszout, enzymen (TARWE), meelverbeteraars: ascorbinezuur/E920, emulgatoren: E471/E472e/E482, dextrose, palmolie, raap
Brood|Plattelander donker graanbrood compleet|242.0|11.373|2.508|0.46|1.022|39.416|1.836|volkorenTARWEmeel 50%, water, TARWEgluten, moutmeel 3,5% (GERST, TARWE), bakkersgist, dextrose, volkoren TARWEgries 1%, gejodeerd zout, zonnebloempitten 0,5%, enzymen (TARWE), meelverbeteraar: E300, lijnzaad 0,5%, gepelde gierst 0,5%, HAVERgrutten 0,4%, m
Brood|Tostikrust meerzaden|272.0|10.1|4.1|0.9|1.07|46.6|2.2|43% TARWEBLOEM, water, 11% VOLKORENTARWEMEEL, bakkersgist, 4,7% ROGGEBLOEM, 3,6% ROGGEVLOKKEN, zonnebloempitten, TARWEGLUTEN, 1,3% gierst, bakkerszout, dextrose, 0,7% rijstvlokken, SESAM, SOJAGRITS, 0,6% maïsgries, weipoeder [MELK], 0,4% HAVERVLOKKEN, lij
Brood|Ottomaans zadenbrood (400g)|256.0|8.7|6.0|0.8|1.5|38.3|1.9|"TARWEBLOEM, water, volkoren TARWEBLOEM, ROGGEBLOEM, gist, 2% zonnebloempitten, 2% SESAM, 2% lijnzaad, 2% HAVERMOUT, extra vierge olijfolie, zout,  TARWEGLUTEN, emulgator: mono- en diglyceriden van vetzuren, geroosterd TARWEMOUTMEEL, ethylalcohol.
Kan spor"
Brood|Vbe kleintje Anatolische bruinbrood ca 400|202.6|9.33|3.24|0.81|2.19|33.25|1.17|TARWEbloem, water, gist, zonnebloempitten, TARWEgluten, GERSTemoutmeel, bakkerszout, gierst, TARWEzemelen, zout, ROGGEbloem, TARWEvlokken, lijnzaad (geel), suiker (gebrand), GERSTemoutextract, curcumaextract, enzymen(TARWE), Emulgator(E482, E472e), Planta
Gebak en koek|Tropisch Bananenbrood met Cranberries|405.0|5.2|24.9|4.2|0.675|39.6|23.9|SCHARRELEI, suiker, TARWEBLOEM, plantaardige olie (zonnebloem (PINDA, SOJA), raapzaad), 4,8% rozijnen, WALNOTEN, gemodificeerd maïszetmeel, emulgator: E450/E477, 1% banaanpuree, roomboter (MELK), TARWEGLUTEN, natuurlijk aroma, voedingszuur: E300, 0,1% ban
Gebak en koek|Zoet amandelrol|458.0|8.1|26.0|9.9|0.5|46.6|33.1|Suiker, 27% AMANDELEN, TARWEBLOEM, 15% roomboter (MELK), water, gepasteuriseerd vloeibaar SCHARRELKIPPENEI-EIWIT, gepasteuriseerd vloeibaar SCHARRELKIPPENEI-HEELEI, gedroogde glucosestroop, zout, SCHARRELKIPPENEI-EIWITPOEDER, natuurlijk citroenaroma, gepa
Gebak en koek|Zilverboter amandelrol|459.0|8.7|26.6|11.2|0.473|46.3|26.9|Suiker, 24% AMANDELEN, TARWEBLOEM, 18% roomboter (MELK), gepasteuriseerd vloeibaar SCHARRELKIPPENEI-EIWIT, water, gepasteuriseerd vloeibaar SCHARRELKIPPENEI, gedroogde glucosestroop, zout, gepasteuriseerd vloeibaar SCHARRELKIPPENEI-EIGEEL, SCHARRELKIPPENE
Gebak en koek|Kremboter hazelnootrol|514.83|10.376|28.588|11.181|0.513|52.091|34.941|amandelspijs (73%) [suiker, AMANDELEN, water, EI-EIwit, glucosestroop, EI, citroenvezel, aroma (citroen)], TARWEbloem, roomboter (MELK), water, EI, TARWEzetmeel, zout, LUPINEmeel, weipoeder (MELK), tarwebloem [TARWEbloem, alfa-amylase (TARWE), meelverbete
Gebak en koek|Krentenroom amandelrol|432.85|7.803|25.195|11.247|0.418|41.784|24.491|TARWEbloem, AMANDELEN, suiker, roomboter (MELK), water, EI, glucosestroop, kleurstof (E160a), aroma (citroen), citroenvezel, zout
Hartige snacks en zoutjes|Bapua kalfsvlees|235.0|7.5|3.5|1.5|0.84|42.0|8.0|tarwebloem, water, 18% rundvlees, suiker, paneermeel (tarwe), gist, groente (witte kool, ui), aardappelzetmeel, dextrose, plantaardige olie (zonnebloem, kokos, raap, palm), zout, melasse, natuurlijk aroma, gejodeerd zout, specerijen, gemodificeerd maïszet
Hartige snacks en zoutjes|Fapao meergranen kalkoen 115g|219.0|10.3|5.0|1.2|0.88|30.3|6.5|volkorenbroodje 69,6% (volkorenTARWEmeel, water, gist, suiker, raapzaadolie, zout, TARWEgluten, GERSTemoutbloem, TARWEmoutbloem, enzymen [TARWE], conserveermiddelen: E262 en E325), kippenvleesblokjes 20,5% (kippenvlees 19,7%, TARWEzetmeel, dextrose, zout)
Gebak en koek|1xkaneelbroodje|326.79|6.667|12.771|7.163|0.787|39.375|17.792|Ronde botersuisse [TARWEbloem, water, roomboter (MELK), suiker, rozijnen, gist, aardappelzetmeel (gemodificeerd), TARWEgluten, weipoeder (MELK), zout, plantaardig vet (kokos), MELKpoeder, MELKeiwitten, MELK (magere), erwteneiwit, plantaardige olieën (raap
Gebak en koek|Caférolletje sweet delight a 5|305.57|4.929|9.093|6.021|0.673|50.314|29.464|Ronde botersuisse [TARWEbloem, water, roomboter (MELK), suiker, rozijnen, gist, aardappelzetmeel (gemodificeerd), TARWEgluten, weipoeder (MELK), zout, plantaardig vet (kokos), MELKpoeder, MELKeiwitten, MELK (magere), erwteneiwit, plantaardige olieën (raap
Hartige snacks en zoutjes|Kleine vleesbroodjes|425.0|10.3|30.6|14.7|1.675|26.1|1.5|TARWEBLOEM, 26% varkensvlees¹, margarine (palmvet, water, geheel geharde raapzaadolie, zout, emulgator: E471, zuurteregelaar: citroenzuur), water, paneermeel (TARWEBLOEM, water, TARWEZEMELEN, gist, zout, margarine (plantaardige oliën (gedeeltelijk geharde
Brood|6x geweven broodje luchtig kastanjebruin|225.64|9.628|1.975|0.795|0.82|39.919|5.886|volkorenTARWEmeel, water, TARWEbloem, gist, weipermeaat (MELK), TARWEgluten, dextrose, bakkerszout, plantaardig vet (palm), GERSTemout, veldbonenmeel, emulgatoren (E482, E471), gistextract, plantaardige olie (raapzaad), meelverbeteraars (E300, E920), enzy
Brood|Zilver volkoren vleugel|242.27|11.858|3.098|1.118|0.975|37.961|5.657|volkorenTARWEmeel, water, gist, TARWEgluten, weipoeder (MELK), dextrose, bakkerszout, plantaardig vet (palm), GERSTemoutbloem (geroosterd), emulgatoren (E471, E481), SOJAbloem, wei-eiwit (concentraat) (MELK), gehard plantaardige vet (palm), glucosestroop,
Brood|4 koolhydraat arm bolletjes|226.0|15.3|5.4|1.1|1.03|22.5|3.8|water, VOLKORENTARWEMEEL, TARWEGLUTEN, TARWEVEZEL, bakkersgist, 2,7% lijnzaad, TARWEZEMELEN, maïsgries, SOJAGRITS, zonnebloempitten, veldbonenmeel, weipoeder [MELK], polydextrose, 1,2% SESAMZAAD, suiker, moutmeel (GERST, TARWE), raapzaadolie, bakkerszout,
Hartige snacks en zoutjes|Veen vleeskroketje|316.0|7.4|20.2|9.7|1.2|25.6|5.8|Water, tarwebloem, plantaardige oliën (palm, raap, kokos), 7% kippenvlees, 7% pinda's, suiker, azijn, zout, gepasteuriseerd vloeibaar scharrelheelei, sojasaus (water, sojabonen, tarwe, zout), aardappelzetmeel, gepasteuriseerd vloeibaar scharrelei-eigeel,
Hartige snacks en zoutjes|Frikabroodje|298.0|6.6|20.0|8.9|1.8|23.0|3.8|Kip frikandel(37%)l broodje [TARWEbloem, kippenseparatorvlees, water, EI, tomaat, EIgeel, voedingszuren (E330, E331, E270), suiker, zout, plantaardig vet (palm), plantaardige olie (koolzaad), emulgatoren (E471, E450), zuurteregelaar (E330), ui, specerijen
Hartige snacks en zoutjes|Z8 rookworst broodjes hollands|257.0|11.4|10.3|3.7|1.5|28.6|3.0|Brooddeeg[TARWEbloem, water, Broodverbeteraar[E300, E471, E482, E920, MELKpoeder, SOJAbloem, TARWEgluten, bakkerszout, dextrose, glucosestroop, koolzaad, suiker], MELK (gecondenseerd), gist], Vulling[kippenvlees, varkensvlees, paneermeel[TARWEbloem, gist,
Gebak en koek|Chocolade Kubus 6st|459.0|4.8|25.7|4.3|0.256|50.8|33.7|raapolie, suiker, TARWEBLOEM, SCHARRELEI, glucose-fructosestroop, 7,2% pure chocolade (suiker, cacaomassa, cacaoboter, emulgator: E322 (SOJA)), 5,2% melkchocolade (suiker, cacaoboter, cacaomassa, volle MELKPOEDER, magere MELKPOEDER, aroma, emulgator: E322
Diversen|Kluger choco poudre 250 g|366.0|20.0|21.0|13.0|0.08|8.8|0.5|Cacaopoeder, zuurteregelaars (kaliumhydroxide, kaliumcarbonaat)
Diversen|Nestlé warm cacaomix authentiek automaat|411.0|9.1|9.0|7.6|1.1|71.0|63.0|suiker, magere MELKpoeder (18%), magere cacaopoeder (12%), glucosestroop, plantaardig vet (kokos), chocoladepoeder (3,8%), zout, stabilisatoren (E331, E339), aroma, verdikkingsmiddel (E407). Bevat mogelijk SOJA.
Gebak en koek|Kristalcake|378.0|5.6|19.3|12.5|0.78|45.6|28.0|suiker, TARWEBLOEM, SCHARRELEI, 19% roomboter (MELK), vloeibaar suiker, stabilisator: E422, 1,9% magere cacaopoeder, emulgator: E471/ E475, rijsmiddel: E450/ E500, glucosestroop, TARWEZETMEEL, tapiocazetmeel, rijstzetmeel, conserveermiddel: E202/ E282, TA
Gebak en koek|Plattelandscake mozaïek ongesneden|446.75|6.41|25.761|17.277|1.069|47.372|30.016|suiker, EI, roomboter (MELK) (24%), TARWEbloem, cacaopoeder, bakkerszout, citroenschil, rijsmiddellen (E500, E450), emulgatoren (E477, E472b), aroma (aroma), verdikkingsmiddel (E415), MELKpoeder (magere), aardappelzetmeel, glucosestroop, conserveermiddell
Gebak en koek|Lu pam's mandarijn 5 x 160 g|396.0|3.3|13.0|5.8|0.44|66.0|49.0|Sinaasappelmarmelade 41% [glucose-fructosestroop, suiker, geconcentreerd sinaasappelsap 2% (equivalent sinaasappelsap 11,4%), zuurteregelaars (citroenzuur, natriumcitraten, calciumcitraten), geconcentreerde sinaasappelpulp 0,6% (equivalent sinaasappelpulp
Gebak en koek|Steenkoek|378.0|5.6|19.3|12.5|0.78|45.6|28.0|suiker, TARWEBLOEM, SCHARRELEI, 19% roomboter (MELK), vloeibaar suiker, stabilisator: E422, 1,9% magere cacaopoeder, emulgator: E471/ E475, rijsmiddel: E450/ E500, glucosestroop, TARWEZETMEEL, tapiocazetmeel, rijstzetmeel, conserveermiddel: E202/ E282, TA
Gebak en koek|Streekcake|378.0|5.6|19.3|12.5|0.78|45.6|28.0|suiker, TARWEBLOEM, SCHARRELEI, 19% roomboter (MELK), vloeibaar suiker, stabilisator: E422, 1,9% magere cacaopoeder, emulgator: E471/ E475, rijsmiddel: E450/ E500, glucosestroop, TARWEZETMEEL, tapiocazetmeel, rijstzetmeel, conserveermiddel: E202/ E282, TA
Gebak en koek|Zorgvuldige Boter Appelschijven|374.0|4.7|20.2|12.6|0.465|44.1|27.5|23% Appel, suiker, 22% roomboter (MELK), SCHARRELKIPPENEI, TARWEBLOEM, stabilisator: E422, water, rijsmiddel: E341/E450/E500, aardappelzetmeel, glucosestroop, conserveermiddel: E202/E281, kaneel, verdikkingsmiddel: E415/E440, aroma, TARWEZETMEEL, voedings
Gebak en koek|Rozijnen zonnetjescakejes|417.0|5.5|20.1|8.8|0.97|54.0|34.5|SCHARRELEI, suiker, TARWEBLOEM, raap- en palmolie, 10% rozijnen, stabilisator: E420/E422, dextrose, rijsmiddel: E450/E500, zout, aroma (TARWE), conserveermiddel: E282/E200, emulgator: E475/E471, verdikkingsmiddel: E415, natuurlijk aroma, kleurstof: E100.
Gebak en koek|Krentenbroodjes|361.9|4.8|17.3|5.7|0.9|46.2|30.7|"suiker, kipheelEI,TARWEbloem,margarine (plantaardige vetten (palm, geheel geharde palmpit, kokos), plantaardige olie (raapzaad), water,
zout, emulgator: mono- en diglyceriden van vetzuren, zuurteregelaar: melkzuur, aroma's, kleurstof: caroteen, vitamine A"
Suiker, snoep, zoet beleg en zoete sauzen|Klikkers|481.0|8.6|23.0|7.9|0.63|61.0|52.0|suiker, glucosesiroop, PINDA'S, MAGEREMELKPOEDER, cacaoboter, cacaomassa, zonnebloemolie, LACTOSE, botervet (van MELK), weipoeder (van MELK), palmvet, zout, emulgator (SOJALECITHINE), KIPPENEI-EIWITPOEDER, MELKEIWIT, natuurlijk vanille-extract. (Kan bevat
Samengestelde gerechten|RedFire chili con carne 450g|116.0|6.9|4.3|1.1|1.0|10.3|2.0|tomaat 33%, kidneybonen 25%, rundvlees Beter Leven 2 sterren 18%, ui 11%, rode paprika 4%, maïs 3%, raapzaadolie, knoflook, zout, gemodificeerd maïszetmeel, specerijen (paprikapoeder, witte peper, komijn, chilipeper 0,1%), azijn, natuurlijk aroma, wittewi
Hartige snacks en zoutjes|Crunchles cowboy grill 40 g|503.0|4.2|31.0|3.4|1.7|52.0|4.6|Gedehydrateerde aardappelen, plantaardige oliën (zonnebloem, maïs), rijstbloem, tarwezetmeel, maïsmeel, barbecuekruiderij (suiker, paneermeel {tarwe}, aroma's, smaakversterkers {mononatriumglutamaat, natriumguanylaat, dinatriuminosinaat}, tomatenpoeder, u
Hartige snacks en zoutjes|Kleine frietjes puur|515.0|5.5|31.0|3.0|1.2|51.0|0.5|aardappel, 31% zonnebloemolie, zout.
Hartige snacks en zoutjes|Lay's artisan roasted mediterranean spices flavor 150gr|436.0|6.1|13.0|1.5|1.3|71.0|6.8|aardappelvlokken (63%) en -zetmeel (14%), zonnebloemolie (11%), Mediterraanse kruidensmaak [weipoeder (bevat MELK), aroma's, kaliumchloride, specerijen en kruiden (0,3%) (bevat ui, knoflook, peterselie, basilicum, tijm, rozemarijn), voedingszuur (citroenz
Hartige snacks en zoutjes|CrunchBlaze fiery fusion 200 g|505.0|4.4|32.0|3.4|1.7|51.0|2.7|Gedehydrateerde aardappelen, plantaardige oliën (zonnebloem, maïs), rijstbloem, tarwezetmeel, maïsmeel, pittige kruiderij (specerijen, suiker, smaakversterkers {mononatriumglutamaat, natriumguanylaat, dinatriuminosinaat}, gegranuleerde bouillon, tomatenpo
Hartige snacks en zoutjes|Crunchy Delights sour cream & chives 200 g|515.0|4.2|32.0|3.0|1.7|51.0|2.5|Gedehydrateerde aardappelen, plantaardige oliën (zonnebloem, maïs), rijstbloem, tarwezetmeel, maïsmeel, zure room- & uienkruiderij (smaakversterkers {mononatriumglutamaat, natriumguanylaat, dinatriuminosinaat}, uienpoeder, dextrose, gedeeltelijk geharde z
Hartige snacks en zoutjes|Prangels sour zest & scallion 70 g|515.0|4.2|32.0|3.0|1.7|51.0|2.5|Gedehydrateerde aardappelen, plantaardige oliën (zonnebloem, maïs), rijstbloem, tarwezetmeel, maïsmeel, zure room- & uienkruiderij (smaakversterkers {mononatriumglutamaat, natriumguanylaat, dinatriuminosinaat}, uienpoeder, dextrose, gedeeltelijk geharde z
Hartige snacks en zoutjes|Knappertjes uit de oven vurige paprika|400.0|7.0|8.5|1.0|1.4|72.0|13.0|41% aardappelpoeder, aardappelzetmeel, tarwebloem, zonnebloemolie, suiker, zout, specerijen (o.a. 0,2% chili), aroma (melk), gistextract, emulgator (lecithine [E322]),0,2% tomatenpoeder, vegetarisch weipoeder, gehydrolyseerd soja-eiwit, voedingszuur (melk
Hartige snacks en zoutjes|Cheedaloo gigancheese crispies - fromage zest 100gr|538.0|5.4|34.0|4.8|2.1|52.0|4.5|maïsmeel en -olie kaassmaak [weipoeder (MELK), kaaspoeder (MELK), smaakversterkers (mononatriumglutamaat, dinatriumguanylaat), aroma's (MELK), suiker, kaliumchloride, kleurstoffen (paprika-extract, annatto)], zout. Kan (sporen van) soja bevatten.
Hartige snacks en zoutjes|Crunchy's horns cheddar blast 125gr|538.0|6.3|32.0|3.5|2.0|56.0|5.6|maïs, zonnebloemolie, kaassmaak [weipoeder (van MELK), KAASPOEDER, wei-eiwit concentraat (van MELK), aroma's, uienpoeder, tomaatpoeder, smaakversterkers (mononatriumglutamaat, dinatrium-5-ribonucleotiden), knoflookpoeder, zuurteregelaars (citroenzuur, mel
Hartige snacks en zoutjes|Jannies knabbers|522.0|14.3|30.5|4.5|1.5|45.0|2.4|Maïsgries 53%, PINDA's 33%, zonnebloemolie, zout, kaliumchloride. Dit product wordt gemaakt in een bedrijf waar NOTEN en GLUTEN worden verwerkt.
Hartige snacks en zoutjes|Banaan kroepoek|496.0|1.3|24.3|2.0|1.74|66.3|8.9|44% cassave, 24% zonnebloemolie, 19% tapiocazetmeel, rietsuiker, prei, zout, chili, galangawortel.
Hartige snacks en zoutjes|Hollandia Knappertjes pikante cassave 75 gr|488.0|1.7|23.0|2.1|2.3|67.0|9.2|Cassave 33%, tapiocabloem, zonnebloemolie, suiker, rijstebloem,prei, zout, chilipeper 0,8%, paprikapoeder,galangawortel,  smaakversterker E621,knoflook,peper, uipoeder,voedingszuur (E330, E296),kokosvet,conserveermiddel E202,chili-extract,aroma.Kan gluten
Noten en zaden|Choco pinda parels|568.0|15.3|38.5|11.4|0.08|37.5|32.4|"50% PINDA'S, 48% melkchocolade (suiker, volle MELKPOEDER, cacaomassa, cacaoboter, weipoeder (MELK), emulgator: E322 (SOJA), natuurlijk vanillearoma), glucosestroop, verdikkingsmiddel: E414, glansmiddel: E904, zonnebloemolie.

Dit product kan sporen van NO"
Noten en zaden|Cacao nootjes|563.0|16.2|38.5|12.5|0.13|35.3|30.0|"49% PINDA'S, 48% MELKCHOCOLADE (suiker, cacaomassa, volle MELKPOEDER, cacaoboter, weipoeder (MELK), emulgator: SOJALECITHINE, natuurlijk vanille aroma), raapolie, verdikkingsmiddel: E414, suiker, glucosesiroop, glansmiddel: E904.

Dit product kan sporen v"
Suiker, snoep, zoet beleg en zoete sauzen|Chocoladebar puur/hazelnoten 200g|553.0|8.5|36.0|13.0|0.01|45.0|41.0|"suiker, cacaomassa¹, HAZELNOOT¹ 25%, cacaoboter¹, emulgator: zonnebloemlecithine, botervet (MELK), aroma. ¹Rainforest Alliance CertifiedTM. Lees meer op ra.org.
Ten minste 46% cacaobestanddelen.

Kan bevatten: tarwe, rogge en gerst (gluten), ei en andere"
Suiker, snoep, zoet beleg en zoete sauzen|Reep intens puur 68%|540.0|9.0|39.0|23.0|0.0|31.0|27.0|cacaomassa, suiker, magere cacaopoeder, emulgator (sojalecithine), natuurlijk vanillearoma.  cacaobestanddelen ten minste 70%.
Suiker, snoep, zoet beleg en zoete sauzen|Verhoeven 76% cacao intens puur 111 g|574.0|7.9|45.6|27.4|0.02|26.9|23.2|Cacaomassa, suiker, cacaoboter, emulgator (sojalecithine), koffie, Cacaobestanddelen: ten minste 75%.
Suiker, snoep, zoet beleg en zoete sauzen|Cacao lekker wit 100 gram|566.0|8.6|36.0|22.0|0.346|52.0|51.8|"Suiker, volle MELKPOEDER, cacaoboter, emulgator: zonnebloemlecithine, aroma.
Witte chocolade: ten minste 27% cacaobestandelen 

Dit product kan sporen van NOTEN en EI bevatten."
Suiker, snoep, zoet beleg en zoete sauzen|Sw.& white chocoschijfjes|580.0|7.9|38.5|23.0|0.25|51.0|51.0|"ruwe rietsuiker*, cacaoboter*, vollemelk poeder*, emulgator (soja lecithine), vanillestokjes*, vanille extract*.  
*van biologische teelt. 
Cacaobestanddelen: ten minste 30%. melkbestanddelen: ten minste 26%.
Kan sporen bevatten van noten."
Suiker, snoep, zoet beleg en zoete sauzen|Sneeuwreep|550.0|7.5|33.0|20.0|0.3|56.0|55.0|suiker, vollemelkpoeder, cacaoboter, emulgator (sojalecithine), natuurlijk vanillearoma.  droge melkbestanddelen ten minste 29%. Zout is enkel afkomstig uit natuurlijk voorkomend natrium.
Suiker, snoep, zoet beleg en zoete sauzen|Cacaoletter donker/amandel 140g|561.0|6.8|36.8|15.5|0.008|46.2|41.8|"suiker, cacaomassa, HAZELNOTEN 20%, cacaoboter, emulgator: SOJAlecithine, natuurlijk vanille-aroma.

Ten minste 46% cacaobestanddelen.

Kan bevatten: amandel."
Suiker, snoep, zoet beleg en zoete sauzen|Kiddy choco 16 stukjes 200 g|566.0|8.7|35.0|22.6|0.313|53.5|53.3|Superieure melkchocolade 40% (suiker, melkpoeder, cacaoboter, cacaomassa, emulgatoren: lecithinen [soja], vanilline), suiker, magere melkpoeder, palmolie , boterconcentraat, emulgatoren: lecithinen [soja], vanilline, Op het totaal: melkproducten 33% (mage
Alcoholische dranken|Dusky Hog Cider 355milliliter|56.0|||||||Water, appelsap (uit concentraat), suiker, kleurstof: karamel, voedingszuur: appelzuur antioxidant: kaliummetabiSULFIET, natuurlijke aromas.
Hartige sauzen|Patak's® zachte mango salsa 340g|228.0|0.4|0.1|0.1|3.0|55.7|43.6|suiker, mango's (43%), zout, voedingszuur (azijnzuur), specerijen, komijnzaad (0,1%), gemalen gedroogde rode peper (0,1%), paprika-extract. Kan aardnoten (pinda's) en noten bevatten.
Alcoholische dranken|Wolf cider 33cl||||||||Gefermenteerd appelsap van verschillende appelsoorten aangezoet met appelsap.
Alcoholische dranken|Carlos Primero Selectie Brandy||||||||
Alcoholische dranken|Coeveldt kerselbrandewijn 18% 1l||||||||
Alcoholische dranken|VanJardin select classic gold reserve 1 l||||||||
Alcoholische dranken|Kruijtenberg select vieux 1 l||||||||
Vlees en gevogelte|Kipfilet Royale Bleu|158.0|18.7|4.9|2.3|1.2|9.3|0.6|varkensvlees Beter Leven 1 ster 61,7%, paneermix (paneermeel [TARWEbloem (ROGGE), TARWEzemelen, gist, zout], specerijen [paprikapoeder, kurkuma, witte peper, chilipeper], zout, aardappelzetmeel, aroma, extract van paprika), water 10,8%, kaasmix 7,7% (kaas
Vlees en gevogelte|Zwijnefilet goudon blauw 2x 1plk|181.0|22.516|8.566|4.122|1.081|3.26|0.327|81% varkensvlees*, 8% KAAS (gepasteuriseerde biologische koeMELK, zout, zuursel, microbieel stremsel), 5% schouderham (varkensvlees*, mineraalzout, voedingszuur: E325, zout, dextrose, varkenseiwit, stabilisator: E450, antioxidant: E316, aroma, glucosesiro
Vlees en gevogelte|Varkensfilet goudhamer|305.0|17.0|20.0|8.0|1.2|14.0|1.0|64% varkensvleesª, paneermeel (tarwe, gerst), melk(c), water, zetmeel (aardappel, maïs, tarwe), specerijen, zeezout, tarwebloem, zout, fruitextract (citrus, granaatappel), concentraat (paprika, snijbiet), stremsel, extract (peper, groene thee), gistextrac
Graanproducten en bindmiddelen|Koeskoes|350.0|12.0|1.5|0.4|0.0|70.0|2.5|"Durum TARWEgriesmeel*, water, *Van biologische oorsprong.

Allergie-informatie: bevat tarwegluten. Melkvrij."
Graanproducten en bindmiddelen|Organische koeskoes 275g|361.0|12.0|1.47|0.3|0.03|72.7|2.95|"harde TARWEgriesmeel*.
*Van biologische oorsprong."
Graanproducten en bindmiddelen|Edelgraan speltparels|345.0|14.0|2.5|0.6|0.0|63.0|2.5|EU Landbouw.
Brood|Tiny Krakers|440.0|10.7|13.1|6.6|1.3|68.6|2.2|"TARWEBLOEM, palmolie, glucosestroop, zout, zuurteregelaar: E500, gist, moutextract (TARWE, GERST).

Dit product kan sporen van SESAM bevatten."
Brood|Kleine knapperige natuursteentjes|432.0|9.8|11.0|1.1|1.2|72.0|2.3|tarwebloem, zonnebloemolie, zuurteregelaar (natriumcarbonaat [E500]), tarwezuurdesem, zout, gerstemoutmeel, gist, natuurlijk aroma.
Fruit|Cranveel.|353.0|0.07|0.99|0.1|0.01|83.39|73.83|"70% gedroogde cranberry, rietsuiker, zonnebloemolie. 

Dit product kan sporen van EI, MELK, NOTEN, PINDA, SESAMZAAD, SOJA en TARWE bevatten."
Fruit|Cranbelletjes|344.0|0.31|0.51|0.08|0.024|82.45|73.51|"Cranberry's*, suiker*, zonnebloemolie*. * van biologische oorsprong 

Dit product kan sporen van PINDA's en NOTEN bevatten."
Fruit|Dried Cranbanjies 225g|318.0|0.3|0.7|0.1|0.013|75.4|73.7|"cranberry 60%, suiker, zonnebloemolie.

Kan bevatten: pinda, noten en sesam."
Melk en melkproducten|Lactokracht|504.0|25.7|28.2|17.96|0.7|36.8|36.8|volle melkpoeder, emulgator: sojalecithine, vitamine A en D3.
Brood|Bakkerzak 6x roomboter croissants|379.0|9.8|20.7|13.8|1.428|38.2|6.0|Botercroissant [TARWEbloem, roomboter (MELK), water, gist, suiker, zout, plantaardige olie (raapzaad), emulgator (E472e), antioxidant (E300), enzymen, TARWEgluten]
Brood|Kleine crispants|453.0|8.5|26.2|18.4|0.975|44.6|5.3|"TARWEBLOEM, 25% roomboter (MELK), water, gist, glucose-fructosestroop, suiker, gejodeerd zout, raapzaadolie, emulgator: E471/E472e, dextrose, natuurlijk aroma, meelverbeteraar: E300, enzym (TARWE). 

Dit product kan sporen van SESAM, LUPINE en SOJA bevatt"
Brood|Boterlief croissants|430.0|8.5|25.0|17.0|1.0|41.0|7.0|tarwebloem, 25% roomboter, gist, water, glucose-fructosestroop, tarwezuurdesempoeder, room, suiker, gejodeerd zout, raapolie, maltodextrine, emulgator (mono- en diglyceriden van vetzuren [E471], mono- en diglyceriden van vetzuren, veresterd met monoacetyl
Brood|Bakery Haven 6 Golden Croissants 240 g|349.0|7.5|19.0|9.5|1.9|34.0|6.2|Tarwebloem, water, margarine (plantaardige oliën en vetten (palm, raapzaad), water, emulgator: E471, zout, voedingszuur: E330), suiker, tarwegluten, rijsmiddelen: E450 en E500, tarwe dextrose, ethylalcohol, zout, stabilisator: E415, emulgator: E472e, natu
Brood|Lars & Lotte's bakkerij bladerdeeg voor 6 croissants 250 g|341.0|7.3|17.7|9.3|1.61|37.5|4.0|TARWEBLOEM, water, plantaardige oliën (palm, soja, zonnebloem), palmvet, dextrose, TARWEGLUTEN, rijsmiddelen (dinatriumfosfaat, natriumwaterstofcarbonaat), alcohol, zout, stabilsator (xanthaangom), emulgatoren (mono- en diglyceriden van vetzuren, polyglyc
Brood|Brink ham-cheddar twist|250.0|8.8|11.0|6.9|1.2|28.0|4.0|75,7% deeg (tarwebloem, water, 10,4% boter (melk), suiker, gist, tarwegluten, emulgator: E472e, zout, verdikkingsmiddel: E466, tarwevezel), 20% vulling (8,8% ham (varkensvlees, water, aardappelzetmeel, zout, dextrose, verdikkingsmiddel: E407, stabilisator
Brood|Soepblokjes kruiden 75g|535.0|8.0|31.0|14.9|3.425|54.0|4.5|TARWEbloem, plantaardige oliën (palm, raapzaad), zout, kruiden 1,2% (peterselie 0,3%, bieslook 0,3%, dille 0,3%, basilicum 0,3%), uipoeder, knoflookpoeder, knoflookextract, zuurteregelaar: melkzuur, aroma.
Gebak en koek|Perenkoekjes|374.0|4.7|20.2|12.6|0.465|44.1|27.5|23% Appel, suiker, 22% roomboter (MELK), SCHARRELEI, TARWEBLOEM, stabilisator: E422, water, rijsmiddel: E341/E450/E500, aardappelzetmeel, glucosestroop, conserveermiddel: E202/E281, kaneel, verdikkingsmiddel: E415/E440, aroma, TARWEZETMEEL, voedingszuur:
Fruit|Zara & noah's ultra tender verse vijgen|268.0|2.0|0.4|0.2|0.01|62.0|49.0|
Gebak en koek|Nexter a 3 stks bergwoud.punt|241.06|3.11|7.2|4.67|0.91|40.5|25.42|EI, suiker, water, Slagroom(Stabilisator(E407 (carrageen))), TARWEbloem, TARWEzetmeel, suiker, cacaopoeder (magere), frambozen, glucosestroop, Glucose-fructosestroop, cacaoboter, zetmeel, Melkpoeder, alcohol, cacaomassa, MELKpoeder (magere), lactose, weip
Gebak en koek|Tiny Doughloop|432.0|6.6|26.0|14.0|1.3|41.0|14.0|TARWEbloem, water, plantaardig vet (palmolie, antioxidanten (E304, E306, E330)), suiker 4%, plantaardige olie (zonnebloem), dextrose, gist, SOJAmeel, melkweipoeder, rijsmiddelen (E450, E500), zout , emulgatoren (E471, E481), magere MELK poeder, kleur (E16
Gebak en koek|Tiny Donuts met Suiker in Doosje|428.0|6.6|26.0|13.5|1.25|41.0|14.0|"TARWEBLOEM, palmvet, water, 10% suiker, dextrose, gist, zonnebloemolie, SOJAMEEL, weipoeder (MELK), rijsmiddel: E450/E500, zout, emulgator: E471/E481, magere MELKPOEDER, kleurstof: E160a, aroma's.

Dit product kan sporen van NOTEN en EI bevatten."
Gebak en koek|Petite Koffietwist|337.47|7.47|14.31|8.02|0.88|44.12|19.93|TARWEbloem, water, roomboter(MELK), suiker, rozijnen, AMANDELschaafsel, gist, abrikoos, aardappelzetmeel (gemodificeerd), TARWEgluten, weipoeder(MELK), glucosestroop, Geleermiddel(E440), Antioxidant(E300), Aroma(aroma), Conserveermiddel(E202), dextrose, E
Gebak en koek|Suikerflirt Donuts 5-pak|396.0|6.8|23.0|10.0|1.2|40.0|5.6|Donuts [TARWEbloem, water, plantaardig vet (palm), suiker, plantaardige olie (raapzaad), gist, bakkerszout, TARWEzetmeel, TARWEgluten, SOJAmeel (TARWE), antioxidant (E300), kleurstof (E160a), rijsmiddellen (E500, E450), emulgatoren (E481, E472e, E471)]
Gebak en koek||465.0|6.5|30.0|15.0|1.0|42.0|17.0|bloem (TARWE, SOJA), plantaardig vet (palm, palmpit, kokos), water, suiker, emulgator (lecithinen [E322 (SOJA)], natriumcarbonaat [E500], difosfaat [E450], mono- en diglyceriden van vetzuren [E471], polyglycerolpolyricinoleaat [E476], natriumstearoyl-2-la
Gebak en koek|Chocohoedje|405.54|6.88|30.56|13.98|0.4|24.56|8.52|ei, Slagroom(Stabilisator(E407 (carrageen))), maiszetmeel, suiker, TARWEzetmeel, ananas, plantaardige olie (gehard), cacaopoeder (magere), water, weipoeder(MELK), glucosestroop, MELKeiwit, MELKpoeder (magere), Gedeeltelijk Gehard Plantaardig Vet(palm), Pl
Vleesvervangers en zuivelvervangers|Botani amandelmelk naturel zonder suiker 1 l|15.0|0.5|1.2|0.1|0.14|0.0|0.0|Water, amandel* (2,3%), zeezout, stabilisatoren (johannesbroodpitmeel, gellangom), emulgator (lecithinen (zonnebloem)), natuurlijk aroma, * = afkomstig van biologische landbouw.
Suiker, snoep, zoet beleg en zoete sauzen|Fietsdrop fijngeklopte bakfietsen 250gr|333.0|4.1|0.2|0.2|0.03|78.0|62.0|glucose-fructosestroop, suiker, gemodificeerd zetmeel, varkensgelatine, appelsap uit concentraat, voedingszuur (citroenzuur), natuurlijke aroma's, concentraten (zoete aardappel, wortel, radijs, appel, zwarte bes), glansmiddel (carnaubawas), antioxidant (a
Vleesvervangers en zuivelvervangers|BotaniQ plantaardige yoghurt twist framboos-cranberry|77.0|3.6|2.0|0.3|0.22|9.7|9.5|water, gepelde SOJABONEN (9,7%), suiker, framboos (5,2%) (fruit (3,1%), sap uit concentraat (2,1%)), cranberry (5%) (fruit (2,9%), sap uit concentraat (2,1%)), glucose-fructosestroop, zuurteregelaars (citroenzuur, natriumcitraten, appelzuur), stabilisator
Niet-alcoholische dranken|Nero vruchtensnack sinaas/banani|56.0|0.8|0.5|0.0|0.01|12.0|9.6|vruchtensap uit concentraat en vruchtenpuree 80% (sinaasappel 30%, banaan 30%, mandarijn 20%), water, volkorenTARWE 1,5%, voedingszuur (citroenzuur), natuurlijk aroma
Suiker, snoep, zoet beleg en zoete sauzen|Kruidenpot gommetjes 500g|329.0|4.3|0.5|0.5|0.03|78.0|48.0|glucosestroop, suiker, TARWEZETMEEL, water, gelatine, gemodificeerd aardappelzetmeel, zoethoutwortelextract, voedingszuren: E270, E296, E330; salmiakzout, aroma's, kleurstoffen: E100, E153, E160c; zwarte wortelsapconcentraat, plantaardige olie (kokos), gl
Suiker, snoep, zoet beleg en zoete sauzen|Vc kinderkrijt assorti 10x235g|382.0|1.7|1.7|1.6|0.19|89.0|74.0|suiker, melado, TARWEBLOEM, glucosestroop, geheel gehard kokosvet, zoethoutwortelextract, verdikkingsmiddel (arabische gom), bevochtigingsmiddelen (glycerol, sorbitol), salmiakzout, gelatine, kleurstoffen (E150d, E153, E171), glucose-fructosestroop, aroma
Vlees en gevogelte|De Pluimvee Sappige Eendenpoot ca. 340 g|400.0|12.0|39.0|13.0|0.2|0.0|0.0|Eendenvlees
Vlees en gevogelte|Fazantenvleugelbout|130.0|24.0|3.5|1.0|0.08|0.0|0.0|fazantenborstfilet.
Vleeswaren|Econo filet hollandais 18x150 gr|282.0|15.0|24.0|5.0|2.0|1.3|1.0|rauw rundvlees (68%), saus (24%) (plantaardige olie (raapolie, zonnebloemolie), azijn, KIPPENEI-EIGEEL (scharrel), kruiden en specerijen (bevat MOSTERD), tomatenpuree, gedroogde groente (ui, knoflook), glucose-fructosestroop, suiker, zout, maltodextrine,
Vleeswaren|Artisanale filet traditioneel 115 g|302.0|13.2|26.6|6.3|1.74|2.3|1.4|Rundvlees Beter Leven 2 sterren 65%, raapolie, water, vrije uitloop kippenEIgeel, tomatenpuree, kruiden en specerijen, zout, bieslook, azijn, glucose-fructosestroop, MOSTERD (water, MOSTERDzaad 0,5%, azijn, zout, specerijen, aroma), suiker, gistextract, e
Brood|Brood focaccia zonnedroogtomaat 2st|214.0|6.5|4.1|0.6|2.35|36.9|1.0|TARWEBLOEM, water, 9% tomaten, extra virgin olijfolie, zout, gist, dextrose, TARWEGLUTEN, oregano Mogelijke aanwezigheid van {melk}, {sesamzaad} en {soja}.
Fruit|Zomrozen||||||||
Niet-alcoholische dranken|Dr Drop|28.0|0.0|0.0|0.0|0.01|6.9|6.8|Koolzuurhoudend water, suiker, kleurstof: karamel (E150d), voedingszuur: fosforzuur (E338), aroma's, aroma (cafeïne), zoetstoffen (acesulfaam-K, sucralose)
Niet-alcoholische dranken|Zola|30.0|0.0|0.0|0.0|0.0|7.4|7.3|Koolzuurhoudend water, fructosestroop, suiker, voedingszuur: citroenzuur,E338, kleurstof: E150d, natuurlijke aroma, aroma(cafeïne), zoetstof: steviolglycosiden.
Niet-alcoholische dranken|Fizzendrop|27.0|0.0|0.0|0.0|0.0|6.7|6.5|Koolzuurhoudend water, suiker, kleurstof: karamel, zoetstof: steviolglycosiden, aroma (cafeine), plantenextract, voedingszuur: E338
Hartige snacks en zoutjes|Crispy Spuds Paprika|544.0|5.7|34.0|2.6|1.2|52.0|1.8|61% aardappel, 34% zonnebloemolie, zout, zoete weipoeder (melk), suiker, 0,5% paprikapoeder, dextrose, uipoeder, kaaspoeder (melk), tomatenpoeder, peper, aroma, rookaroma, gistextract, kleurstof: paprika- extract.
Gebak en koek|Vivid fruit- & notenreep cinnamon spice|450.0|10.0|30.8|2.5|0.1|35.4|33.0|Dadels 48%, AMANDELEN 32%, PECANNOTEN 18%, Gember, Kruidnagel, Kaneel. Kan sporen van SOJA, PINDAs, andere NOTEN bevatten.
Groente|Gefrituurde uischijfjes|590.0|6.0|44.0|21.0|1.2|40.0|9.0|ui, palmolie, TARWEBLOEM, zout
Kruiden en specerijen|Kember (verse kemberwortel)|83.0|2.0|0.8|0.2|0.03|16.0|1.5|"gember*.
Niet-EU Landbouw."
Kruiden en specerijen|Kember (verse kemberwortel)|83.0|2.0|0.8|0.2|0.03|16.0|1.5|"gember*.
Niet-EU Landbouw."
Kruiden en specerijen|Kruidnootjes|589.0|14.0|39.0|33.0|0.025|44.0|0.0|Nootmuskaat.
Kruiden en specerijen|Kruidnootje heel 12g|504.0|5.78|35.94|25.68|0.04|28.2|28.2|nootmuskaat, antiklontermiddel: E559.
Vlees en gevogelte|Varkensterrine slank 2pak|186.0|17.113|12.976|3.862|0.38|0.097|0.007|>99% varkensvlees, natuurlijk aroma.
Vlees en gevogelte|Koevlees fijnmager|200.0|19.089|13.0|5.109|0.153|0.608|0.0|>99% rundvlees, natuurlijk aroma.
Vlees en gevogelte|Brokkenballen|295.0|14.0|22.0|8.0|1.3|10.0|1.0|75% varkensvleesª, water, paneermeel (tarwe), aardappelzetmeel, vrije-uitloopei, zonnebloemolie, aroma's, zout, ui, specerijen, dextrose, azijn, maltodextrine, gistextract, oregano. ªBeter leven keurmerk 1 ster.
Vlees en gevogelte||290.0|18.2|21.6|8.8|2.2|4.8|0.9|81% varkensvlees, 9% rundvlees, TARWEmeel, zout, voedingszuur (citroenzuur, E262, E326), TARWEbloem, voedingsvezel (TARWEvezel, erwt, citrus),  gehydrolyseerd koolzaadeiwit, aardappelzetmeel, specerijen, suiker, aroma, zonnebloemolie, stabilisator (E450),
Vlees en gevogelte|Mini rundervleeskroketjes 8x|237.0|16.338|18.862|7.243|1.917|2.518|0.161|94% rundvlees, TARWEBLOEM, zout, natuurlijk aroma, paprikapoeder, nootmuskaat, peper, kruiden en specerijen (foelie, witte peper, gemberpoeder, kummel, kardemom), via een thermische procédé verkregen aroma, natuurlijke aroma's, rookaroma, aromatiserend pr
Hartige sauzen|Pasta Royale Carbonara 340g|98.0|2.2|8.0|3.2|0.95|4.2|0.3|water, gepasteuriseerde room 6,1% (MELK), raapzaadolie, gemodificeerd maïszetmeel, gerookt varkensspek 2,7% (varkensvlees 2,3%, water, zout, dextrose, stabilisator: E451, antioxidant: E301, aroma, rookaroma, conserveermiddel: E250, rook), ham 2,7% (varken
Suiker, snoep, zoet beleg en zoete sauzen|Honinggember 240g|259.0|0.1|0.0|0.0|0.005|64.0|62.0|gember 50%, suiker, water.
Graanproducten en bindmiddelen|Natuurlijke parelgraan|349.0|8.0|1.2|0.5|0.0|77.0|0.0|Parelgort (GERST).
Hartige snacks en zoutjes|Kruidige paprika roomkaas 120g|332.0|2.8|31.9|11.7|1.0|7.6|7.3|roomkaas 45,8% (room [MELK], magere MELK, water, zout, stabilisatoren: E410 en E412, melkzuurcultuur), zoete pikante peper 37,5% (zoete peper, water, suiker, voedingszuur: azijnzuur, zout, antioxidant: citroenzuur, verstevigingsmiddel: E509, conserveermid
Graanproducten en bindmiddelen|Geerst|350.0|11.2|3.8|1.0|0.02|65.6|2.0|gierst*. *Van biologische teelt.
Groente|"Norisushi 
zeewierrol 
platinalabel 
50 vel"|350.0|41.0|2.0|0.0|0.45|41.7|0.0|zeewier 100%
Groente|Mediterrane roerbakmix|30.0|1.21|0.167|0.019|0.016|4.978|4.369|24% Prei, 19% courgette, ui, 19% rode paprika, wortel.
Groente|Roerbak Aziatische mix met Chinese kool en gele paprika|28.0|1.434|0.121|0.0|0.01|4.014|3.679|33% Witte kool, 24% prei, groene paprika, rode ui, 3% rode peper.
Groente|Wokmix Oriëntal|33.0|2.0|0.3|0.0|0.0|4.1|2.6|27% witte kool, 20% rode paprika, 20% prei, 20% sperziebonen, 13% taugé
Groente|Bevroren groentefrietjes|180.0|3.1|9.3|1.3|0.5|18.0|3.1|80% groenten (kikkererwt, wortel, wortelvezel, pastinaak, KNOLSELDERIJ, ui, prei, knoflook), gemodificeerd zetmeel, zonnebloemolie, stabilisator (methyl-cellulose), rijstebloem, zout, kruiden & specerijen.
Groente|Groentechips blend 400g|54.0|1.075|0.475|0.125|0.049|9.95|4.275|25% Gele peen, 25% zoete aardappel, 25% pastinaak, 25% pompoen.
Hartige sauzen|Kelve mayo-yogurta 430 ml|288.0|1.0|26.0|2.3|1.8|12.0|9.2|Water, raapzaadolie, YOGHURT 15%, suiker, kruidenazijn (azijn, kruidenextract), gemodificeerd maïszetmeel, glucose-fructosestroop, EIGEEL 2,3%, zout, mosterd (water, MOSTERDZAAD, azijn, zout, specerijen, aroma), verdikkingsmiddel: xanthaangom, voedingszuu
Vetten en oliën|Bebo Vitalis Light 6x50x10g|315.0|0.0|35.0|8.0|0.0|0.0|0.0|water, plantaardige oliën (22% zonnebloem-, lijnzaad-, palmpit-, palm-), emulgatoren: mono- en diglyceriden van vetzuren, polyglycerolpolyricinoleaat, voedingszuur: citroenzuur, natuurlijke aroma, vitamines: B6, B2, A, foliumzuur, D2, B12, kleurstof: bèta
Vetten en oliën|Beviel Lite 250 g|280.0|0.5|30.0|6.0|0.05|3.9|0.5|Water*, plantaardige oliën 30% (zonnebloem 17%, lijnzaad 7%, palm 4%, koolzaad 2%), gemodificeerd zetmeel, emulgatoren* (mono- en diglyceriden van vetzuren, zonnebloemlecithine), conserveermiddel (kaliumsorbaat), voedingszuur (citroenzuur), natuurlijk aro
Vetten en oliën|Hollandse glans magerste plakje 10% vet 400 g|182.0|0.0|20.0|5.2|0.4|0.5|0.5|Water, plantaardige oliën en vetten (zonnebloem, geheel geharde palm, in wisselende verhoudingen), emulgator (E471, E476), verdikkingsmiddel (E440), zout (0,4%), conserveermiddel (E200), natuurlijk aroma, vitamines (E, B6, B12, A, B2, B1, D2), aroma's, kl
Vetten en oliën|Becel Eneractif Calorie Free 500 g|214.0|0.5|23.0|5.3|0.04|2.3|0.5|Water , plantaardige oliën 19% (zonnebloem 11%, palm, lijnzaad 2,8%, raapzaad 1,2%), plantensterolesters 9%*, emulgatoren (mono- en diglyceriden van vetzuren, zonnebloemlecithine, polyglycerol, polyricinoleaat), voedingszuur (citroenzuur), conserveermidde
Hartige sauzen|Masterchef Sauce Dutch Delight 8x1L|239.0|1.2|25.0|7.0|1.1|3.4|0.5|Water, zonnebloemolie, BOTER 9,5 %, EIGEEL 6 %, gemodificeerd zetmeel, zout, geconcentreerd citroensap, maïszetmeel, verdikkingsmiddelen (guarmeel, xanthaangom) erwteiwitten, suiker, natuurlijk aroma, kurkuma, paprika-extract.
Melk en melkproducten|Vanille ijs met waterijs met perzik-aroma|76.0|1.3|1.6|1.0|0.03|11.9|11.3|Vanille ijs met waterijs met aardbei-aroma - Ingrediënten: water, gereconstitueerde volle MELK, glucose-fructosestroop, oligofructose, suiker, emulgator: mono- en diglyceriden van vetzuren, stabilisatoren: guarpitmeel, johannesbroodpitmeel, pectinen, calc
Suiker, snoep, zoet beleg en zoete sauzen|Ndo sorbet aalbes|142.0|0.5|0.5|0.1|0.04|34.0|29.0|Frambozenpuree (40%), water, glucose-fructosestroop, suiker, frambozenstukjes (5%), glucosestroop, citroensap van concentraat, geconcentreerd rode bietensap, stabilisatoren (johannesbroodpitmeel, pectine), aroma's, gehydrolyseerde erwteneiwitten, geconcen
Suiker, snoep, zoet beleg en zoete sauzen|Tropische mangosorbet|105.0|0.5|0.0|0.0|0.0|25.0|25.0|40% mango, water, suiker, citroenvezel, stabilisator (pectine [E440]), natuurlijk aroma.
Suiker, snoep, zoet beleg en zoete sauzen|Sorbetijs limoen|135.0|0.0|0.3|0.3|0.0|33.0|27.8|water, suiker, 10% citroensap, glucosestrooppoeder, dextrose, stabilisatoren: guarpitmeel/johannesbroodpitmeel, emulgatoren: E471/E473, geleermiddel: pectinen, aardappeleiwit.
Niet-alcoholische dranken|Teplicon iced tea fizz free 1,5 l|4.0|0.5|0.5|0.1|0.12|0.5|0.5|Koolzuurhoudend water, thee-extract¿¹¿ (0,32%), voedingszuur (citroenzuur), zuurteregelaar (trinatriumcitraat), citroensap uit geconcentreerd sap (0,1%), aroma's, antioxidant (ascorbinezuur), zoetstoffen (sucralose, acesulfaam-K), ¿¹¿Rainforest Alliance C
Suiker, snoep, zoet beleg en zoete sauzen|Ultra jam perziken/peach gezoet met erythritol/sugar-free|155.0|0.6|0.2|0.0|0.01|58.0|6.1|sorbitolstroop, abrikozen 45%, geleermiddel: pectine, voedingszuur: citroenzuur
Alcoholische dranken|1,0 ltr zilvergloed bessenjenever||||||||
Alcoholische dranken|||||||||
Kaas|Schijven 20+ kaas|250.0|35.3|12.1|8.1|1.56|0.0|0.0|MELK, zout, zuursel, microbieel stremsel, conserveermiddel: E251, kleurstof: annatto norbixine.
Kruiden en specerijen|Mélange voor saus met kruiden.|292.0|7.4|3.9|1.8|19.39|55.8|3.8|Maïszetmeel, zout, gistextract, plantaardige vetten (palm, shea), maltodextrine, aroma, 2% kruiden (peterselie, SELDERIJ, dragon, tijm), kleurstof: E150d, paprika, karwij, ui, tomaat, gehydrolyseerd maïs- en raapzaadeiwit, spinazie, gekaramelliseerde suik
Kaas|Cheeselight jong extra 15+ blok|250.0|35.0|12.0|7.5|1.9|0.0|0.0|melk*, zout, zuursel, stremsel.
Kaas|Kaasgaten belegen 45+ sneetjes|385.0|27.0|31.0|21.0|1.7|0.0|0.0|melk*, zout, zuursel, vegetarisch stremsel, conserveermiddel (E251), kleurstof (caroteen).
Kaas|Noordse kruidkaas 40+ blok|385.0|31.0|29.0|19.0|2.5|0.0|0.0|melk*, zout, 0,5% kruidnagel, 0,5% komijnzaad, zuursel, stremsel, conserveermiddel (E251), kleurstof (annatto).
Kaas|Kernhoven kaas|420.0|19.9|37.8|26.5|1.2|0.0|0.0|gepasteuriseerde KOEMELK, zout, zuursel, vegetarisch stremsel, conserveermiddel (E1105 (EI)), kleurstof (E160b)
Kaas|Bluwenfort|355.0|18.0|30.0|20.4|3.5|0.0|0.0|Rauwe SCHAPENMELK, zout, dierlijk stremsel, zuursel, Penicillium Roqueforti.
Kaas|Brie 45+ bohemien|268.0|21.0|20.0|14.0|1.5|1.0|0.5|Gepasteuriseerde KOEMELK, zout, zuursel, dierlijk stremsel, witschimmelcultuur.
Kaas|Alpenvaler|399.0|29.0|31.0|18.6|0.45|1.0|0.0|Rauwe KOEMELK, zout, zuursel, propionzuur culturen, dierlijk stremsel.
Kaas|Parijse emminter 45+|373.0|28.0|29.0|17.0|0.63|0.1|0.1|Gepasteuriseerde KOEMELK, zout, zuursel, microbieel stremsel.
Kaas|Gatenkaas zacht gerijpt 40+ plakken|370.0|27.0|29.0|20.0|1.4|0.0|0.0|melk*, zout, zuursel, vegetarisch stremsel, conserveermiddel (E251), kleurstof (caroteen).
Kaas|Boerderijkaas rijp 48+ sneetjes|475.0|26.0|41.0|27.0|2.8|0.0|0.0|rauwe melk*, zout, zuursel, conserveermiddel (natriumnitraat [E251]), stremsel.
Kaas||400.0|27.0|32.0|19.0|1.5|1.0|0.0|Rauwe KOEMELK, zout, zuursel, dierlijk stremsel.
Kaas||400.0|27.0|32.0|19.0|1.48|1.0|1.0|rauwe melk, zout, zuursel, stremsel, oppervlakteflora.
Kaas|Golden Amstel 48+|431.0|29.0|35.0|23.3|2.338|0.0|0.0|Gepasteuriseerde KOEMELK, zout, zuursel, dierlijk stremsel, kleurstof: E160b, conserveermiddel: E251.
Kaas|Rambel 50+ met zaden|295.0|14.0|25.0|17.0|2.1|3.5|1.0|35% kaas (MELK), gereconstrueerde afgeroomde KOEMELK, water, boter (MELK), 6% NOTEN, MELKEIWITTEN, smeltzout: E452/E450/E339, zout, verdikkingsmiddel: E407/E410, aroma (SELDERIJ), kleurstof: karamel, zuurteregelaar: E270.
Kaas|Rookvlaas original 45+ sneetjes|320.0|21.0|25.0|18.0|2.0|3.0|0.5|melk, water, boter, maïszetmeel, smeltzout (E339, E452), zout, zuursel, stremsel, conserveermiddel (E251), kleurstof (caroteen, annatto), rook.
Kaas|Gouda 46+ jong gefermenteerd landkaas|369.0|22.7|29.9|19.5|2.05|0.0|0.0|Rauwe KOEMELK, zout, zuursel, dierlijk stremsel, conserveermiddel: E251
Kaas|Kruidenkrème mild|155.0|11.0|10.0|6.5|1.3|4.5|4.0|karnemelk, magere melk, room, voedingsvezel (inuline), zout, lactose, specerijen, azijn, stabilisator (johannesbroodpitmeel [E410]), kruiden (0,2% peterselie, basilicum), knoflookextract, mierikswortel, zuursel, raapolie, antioxidant (natriumdisulfiet [E2
Kaas|Korst zeegen 50+|316.0|20.5|26.0|17.5|1.8|0.05|0.05|Gepasteuriseerde KOEMELK, MELKEIWITTEN, zout, zuursel, vegetarisch stremsel.
Kaas|Saint Polaine 45+|299.0|22.0|23.0|16.0|1.7|1.0|1.0|Gepasteuriseerde KOEMELK, zout, zuursel, microbieel stremsel.
Kaas|Leccarino kaas|388.0|25.0|32.0|18.0|4.5|0.0|0.0|gethermiseerde SCHAPENMELK, zout, dierlijk stremsel
Kaas|belle stilford 48+|410.0|23.7|35.0|23.0|1.97|0.1|0.1|Gepasteuriseerde KOEMELK, zout, microbieel stremsel, blauwschimmelcultuur, zuursel.
Kaas|Golden Stilton 50+|410.0|23.7|35.0|23.0|1.97|0.1|0.1|Gepasteuriseerde KOEMELK, zout, microbieel stremsel, Penicillium roqueforti, zuursel.
Kaas|Sneeuwkaas schijf|245.0|16.0|20.0|12.0|2.5|0.7|0.7|volle melk, zout, zuursel, vegetarisch stremsel.
Kaas|Delmi le gruyere doux|400.0|27.0|32.0|19.2|1.5|1.0|0.0|Rauwe KOEMELK, zout, zuursel, stremsel
Vis, schaal- en schelpdieren|Zeeheld kabeljauwfilet|72.0|16.0|0.7|0.1|0.17|0.0|0.0|"Kabeljauw (VIS) (Gadus morhua, vangstgebied Noordoost Atlantische Oceaan FAO 27 (subvangstgebied: Noorse zee, Barentszzee,
Spitsbergen en Bereneiland), vangstmethode haken en lijnen, trawler, zegens, ring- en kruisnetten, vis afkomstig uit een MSC gecerti"
Vis, schaal- en schelpdieren||72.0|16.4|0.7|0.1|0.17|0.0|0.0|"Kabeljauw (VIS) (Gadus morhua, vangstgebied Noordoost Atlantische Oceaan FAO 27 (subvangstgebied: Noorse zee, Barentszzee, Spitsbergen en Bereneiland), vangstmethode haken en lijnen, trawler, zegens, ring- en kruisnetten). 
vis afkomstig uit een MSC gecer"
Vis, schaal- en schelpdieren|Zeeduivelhaasjes|72.0|16.4|0.7|0.1|0.168|0.0|0.0|"Kabeljauw (VIS) (Gadus morhua, vangstgebied Noordoost Atlantische Oceaan FAO 27 (subvangstgebied: Noorse zee, Barentszzee, Spitsbergen en Bereneiland), vangstmethode haken en lijnen, trawler, zegens, ring- en kruisnetten).
vis afkomstig uit een MSC gecert"
Vis, schaal- en schelpdieren|Zeebrasemfilets|72.0|16.4|0.7|0.1|0.168|0.0|0.0|Kabeljauw (VIS) (Gadus morhua, vangstgebied Noordoost Atlantische Oceaan FAO 27 (subvangstgebied: Noorse zee, Barentszzee, Spitsbergen en Bereneiland), vangstmethode haken en lijnen, trawler, zegens, ring- en kruisnetten, vis afkomstig uit een MSC gecerti
Vis, schaal- en schelpdieren|Nordic Witvisfilet|72.0|16.0|0.7|0.1|0.17|0.0|0.0|"Kabeljauw (VIS) (Gadus morhua, vangstgebied Noordoost Atlantische Oceaan FAO 27 (subvangstgebied: Noorse zee, Barentszzee,
Spitsbergen en Bereneiland), vangstmethode haken en lijnen, trawler, zegens, ring- en kruisnetten, vis afkomstig uit een MSC gecerti"
Vis, schaal- en schelpdieren|Noordzee kabelmuis filet|72.0|16.0|0.7|0.1|0.17|0.0|0.0|"Kabeljauw (VIS) (Gadus morhua, vangstgebied Noordoost Atlantische Oceaan FAO 27 (subvangstgebied: Noorse zee, Barentszzee,
Spitsbergen en Bereneiland), vangstmethode haken en lijnen, trawler, zegens, ring- en kruisnetten, vis afkomstig uit een MSC gecerti"
Vlees en gevogelte|Volledige kalkoen|141.0|21.8|6.0|1.7|0.125|0.0|0.0|100% Kalkoen.
Vlees en gevogelte|Kippenfilet|110.0|25.0|1.0|0.3|0.1|0.0|0.0|
Vlees en gevogelte|Kipfilet 1x blk1|126.0|24.9|2.4|0.9|0.125|0.0|0.0|"100% kalkoenfilet*.
* = Beter Leven keurmerk 1 ster."
Groente|Kruimeltjes|41.0|2.5|0.6|0.2|5.0|5.0|0.4|kappertje, water, alcoholazijn, zout.
Groente|Kruidentjes|45.0|2.6|0.7|0.1|4.0|6.7|0.05|Kappertjes, water, zout, voedingszuur: azijnzuur
Hartige snacks en zoutjes|Tokio balletjesmix|435.0|12.0|13.0|3.0|0.7|66.0|22.0|tarwebloem, 24% pinda, suiker, gemodificeerd zetmeel (maïs, aardappel), glycosestroop, sesamzaad, aardappelzetmeel, zout, maltodextrine, water, kleurstof (karamel, paprika-extract), sojaboon, tarwe, zeewier, gistextract.
Suiker, snoep, zoet beleg en zoete sauzen|Joy kauwsnoepjes|346.0|0.0|0.0|0.0|0.0|85.0|77.0|Suiker, gombasis, glucosestroop, aroma's, kleurstoffen: E120, E133, E141, E160a, E160c en E171, glansmiddelen: E903, E904 en E905
Fruit|Kersen zonder pit in nectar|65.0|1.0|0.0|0.0|0.0|15.0|15.0|kers, water, suiker.
Fruit|Peren zonder pit, op nectar (1550 gram)|85.0|1.0|0.0|0.0|0.01|20.0|20.0|kersen, water, suiker De aanwezigheid van een pit is technisch onvermijdelijk.
Vlees en gevogelte|Kip royale bleu|209.0|13.0|11.0|2.9|1.23|14.0|0.7|45% kipfilet, 20% water, tarwebloem, paneermeel (tarwe), 5,4% kalkoendijvlees, zonnebloemolie, zetmeel (tarwe, maïs, aardappel), zout, 0,5% kaaspoeder, gemodificeerd maïszetmeel, extract (specerijen, rozemarijn), specerijen, natuurlijke aroma's, glucosest
Vlees en gevogelte|Kip royale fromage|191.0|14.0|9.7|2.3|1.1|11.8|0.9|51% Kippenborstvlees, 4% kalkoenvlees, vetpoeder, kaaspoeder, melkpoeder, roompoeder, zonnebloemolie, water, meel, (tarwe, mais), zout, dextrose, (mais), gedroogde glucosestroop (tarwe), aroma (melk), uipoeder, gistpoeder, knoflookpoeder, suiker, specerij
Vlees en gevogelte|Echte kipdroomstick|146.0|19.0|7.8|2.3|0.206|0.0|0.0|biologisch kippenvlees.
Vlees en gevogelte|Kipfilet Sainte Minute gemarineerd 350gr Pro+|161.0|22.2|7.8|1.34|0.85|0.36|0.11|"91,7% kippenvlees, marinade (plantaardige olie (raap, zonnebloem, shea), zout, specerijen, aroma's, groenten (knoflook, ui, paprika), paprikaconcentraat, kruiden, rookaroma).
Dit product kan sporen bevatten van: GLUTEN (TARWE, GERST, ROGGE), SOJA, MELK, S"
Vleeswaren|Kipdelicatesse|102.0|21.0|1.5|0.5|2.35|1.0|1.0|88% kalkoenvlees, water, zuurteregelaar (kaliumacetaat [E261], natriumlactaat [E325]), kaliumlactaat [E326], zout, antioxidant(natriumascorbaat [E301], natriumcitraat [E331]), dieetzout (kaliumchloride), stabilisator (carrageen [E407]), natuurlijk aroma,
Vleeswaren|Kipfilet 150gr|139.0|19.0|6.1|1.7|2.1|1.9|0.5|83% kalkoenvlees, water, voedingszuur: E326/E260, zout, stabilisator: E450, emulgatoren: E460/E466, dextrose, suiker, antioxidant: E316, aroma, glucosesiroop, kruidenextract, kleurstof: E150a, conserveermiddel: E250.
Vleeswaren|Ovenheerlijk kippenfilet 100gr|155.0|21.0|7.3|2.1|1.9|1.3|0.5|93% kalkoenfilet, voedingszuur: E326/E260, zout, glucosestroop, gemodificeerd MAÏSZETMEEL, stabilisator: E450/E451, verdikkingsmiddel: E407, emulgatoren: E460/E466, dextrose, aroma, gebrande suikers, antioxidant: E301, water, conserveermiddel: E250.
Vleeswaren|Goudbruin geroosterde kipfilet 100gr|155.0|21.0|7.3|2.1|1.9|1.3|0.5|93% kalkoenfilet, voedingszuur: E326/E260, zout, glucosestroop, gemodificeerd MAÏSZETMEEL, stabilisator: E450/E451, verdikkingsmiddel: E407, emulgatoren: E460/E466, dextrose, aroma, gebrande suikers, antioxidant: E301, water, conserveermiddel: E250.
Vlees en gevogelte|Kipfilet delicatesse gemarineerd 350gr Selectie+|161.0|21.98|7.93|1.24|0.98|0.49|0.19|"92% kippenvlees, plantaardige olie (raapzaad, palm), zout, glucosestroop, specerijen (uien, paprika), paprikaconcentraat, kruidenextract (paprika), kruiden (blauwe fenegriek, peterselie, tijm, basilicum). 
Dit product kan sporen van gluten (tarwe, gerst,"
Hartig broodbeleg|Haan saté schotel|279.0|9.1|19.32|2.4|0.975|16.9|13.4|27% gebraden kipblokjes (90% kippenvlees*, SOJASAUS (melasse, water, zout, SOJABONEN, TARWE, azijn), zout, kruiden, specerijen, dextrose, SOJA-EIWIT, TARWEZETMEEL, knoflook, maltodextrine, ui, aardappelzetmeel, raapzaadolie), 22% satésaus (45% PINDA, meng
Hartig broodbeleg|Hennensate Mix|273.0|9.3|18.4|2.3|1.25|17.0|13.4|24% Gebraden kipblokjes (90% kippenvlees¹, SOJASAUS (melasse, water, zout, SOJABONEN, TARWE, azijn), zout, kruiden, specerijen, dextrose, SOJA-EIWIT, TARWEZETMEEL, knoflook, maltodextrine, ui, aardappelzetmeel, raapzaadolie), 20% satésaus (47% PINDA, suik
Vlees en gevogelte|Pluimveesateschnitzel 2st/125g|281.0|12.4|17.0|3.4|1.0|19.1|2.9|kippenvlees 47% (waarvan mechanisch gesepareerd kippenvlees 34%), satésaus 21% (water, PINDA's 4,9%, suiker, azijn, gemodificeerd maïszetmeel, gebrande suikerstroop, raapzaadolie, zout, gistextract, weipoeder [MELK], specerijen [chilipoeder, gemberpoeder]
Vlees en gevogelte|Vleesschnitzel saté 2x 2025+|255.0|12.9|14.0|2.2|1.1|18.0|6.1|45% kippenvlees, 20% satésaus (suiker, PINDA'S, water, SOJASAUS (water, SOJABONEN, zout, TARWE, conserveermiddel: E202), azijn, aroma's (SOJA), raapzaadolie, gemodificeerd maïszetmeel, weipoeder (MELK), zout, sambal (rode peper, zout, water, voedingszuur:
Fruit|Lime zestara bronze 41-76 j||||||||
Gebak en koek|Babbelsnoepjes|501.0|10.3|26.0|7.5|0.45|55.2|34.7|"Suiker, 29% PINDA, TARWEBLOEM, plantaardige olie (palm, raapzaad), glucosestroop, SOJABLOEM, zout, kaneel, SCHARRELEI-EIWIT, emulgator: E471/E322 (SOJA), weipoeder (MELK), natuurlijk aroma (MELK).

Dit product kan sporen van NOTEN bevatten."
Gebak en koek|Knapperkoppen|501.0|10.3|26.0|7.5|0.45|55.2|34.7|"Suiker, 29% PINDA, TARWEBLOEM, plantaardige olie (palm, raapzaad), glucosestroop, SOJABLOEM, zout, kaneel, SCHARRELEI-EIWIT, emulgator: E471/E322 (SOJA), weipoeder (MELK), natuurlijk aroma (MELK).

Dit product kan sporen van NOTEN bevatten."
Gebak en koek|Roomboterkoekje blok 4 x 4 cm|482.9|4.303|27.36|19.074|0.462|55.182|30.195|roomboter (MELK), suiker, tarwebloem [TARWEbloem, alfa-amylase (TARWE), meelverbeteraar (E300)], TARWEbloem, EI, invertsuikerstroop, bakkerszout, conserveermiddel (E202), antiklontermiddel (E535), kaliumjodide
Gebak en koek|Heidegraan eierkoeken|305.0|9.0|3.5|1.0|0.3|57.0|31.0|"volkoren tarwemeel, suiker, 20% vrije-uitloopei, water, invertsuikerstroop, vollemelkpoeder, rijsmiddel (E503), sojabloem, natuurlijk aroma.
Zout is enkel afkomstig uit natuurlijk voorkomend natrium."
Gebak en koek|Zilveren krakeling citruskoek 1st|462.0|4.8|16.6|8.3|0.45|72.2|47.6|31% banketspijsvulling (suiker, water, witte bonen, sojabonen, rijstebloem, gemodificeerd aardappelzetmeel, raapolie, gedroogde glucosestroop, abrikozenpitten, dextrose, stabilisator (E420), citroenvezel, aroma, zout), tarwebloem, suiker, water, palmvet,
Gebak en koek|Goudkoekbrokjes 250g|390.0|4.8|10.2|7.2|0.439|69.2|48.7|banketspijsvulling 27% (suiker, SOJAbonen, water, TARWEbloem, rijstebloem, dextrose, natuurlijke aroma's [citroen, amandel], stabilisator: sorbitolen, abrikozenpitten, zout), TARWEbloem, roze coating (suiker, plantaardige vetten [palmpit, palm], kleurstof
Gebak en koek|Proudkoek|502.0|4.9|24.8|11.7|0.8|64.4|29.7|"TARWEBLOEM, suiker, plantaardige oliën (palm, raap), rijsmiddel: natriumcarbonaat, invertsuikerstroop, zout, SCHARRELEI, citroenschil, natuurlijke aroma, bourbon vanille, voedingszuur: citroenzuur, kleurstof: curcumine.



Kan sporen van melk en noten bev"
Gebak en koek|Edelekoeken|444.0|5.0|19.5|12.7|1.2|61.2|29.1|TARWEBLOEM, suiker, 25% roomboter (MELK), SOJABLOEM, rijsmiddel: E450/E500/E503, invertsuiker, zout, weipoeder (MELK), SCHARRELEI-EIPOEDER, citroenrasp, voedingszuur: citroenzuur, natuurlijk citroenaroma, kleurstof: carotenen, gemodificeerd aardappelzetme
Gebak en koek|Hollandse Botersnoepjes|444.0|5.0|19.5|12.7|1.2|61.2|29.1|TARWEBLOEM, suiker, 25% roomboter (MELK), SOJABLOEM, rijsmiddel: E450/E500/E503, invertsuiker, zout, weipoeder (MELK), SCHARRELEI-EIPOEDER, citroenrasp, voedingszuur: citroenzuur, natuurlijk citroenaroma, kleurstof: carotenen, gemodificeerd aardappelzetme
Gebak en koek|Veen kokoskrul|391.0|4.2|18.9|16.7|0.2|48.6|45.1|Suiker, 29% kokos, water, tarwebloem, glucosestroop, scharrelei-eiwitpoeder, invertsuikerstroop, ouwel (aardappelzetmeel, water, palmolie), melkbestanddelen (weipoeder (bevat melk), melkeiwit), dextrose, verdikkingsmiddel: pectinen/E466, stabilisator: sor
Gebak en koek|Snackie 180 gr vierde hap baby ez|404.0|8.3|8.9|1.5|0.07|72.0|23.0|Granen 67 % (TARWEBLOEM 61,2 %, ROGGEBLOEM 2,9 %, VOLKORENGERSTEMEEL 2,9 %), suiker, koolzaadolie, magere MELKPOEDER, glucosestroop, palmolie, EIPOEDER, rijsmiddelen (ammoniumwaterstofcarbonaat, natriumwaterstofcarbonaat), lactose en MELKEIWITTEN, calcium
Gebak en koek|Liga 40g meadow berries bliss|383.0|6.9|9.1|0.9|0.26|64.0|27.0|TARWEBLOEM  26 %, VOLKORENHAVERMEELl 20 %, rozijnen 14 %, suiker, VOLKORENTARWEMEEL 7,5 %, krenten 7 %, koolzaadolie, glucosestroop, TARWEDEXTRINE, calciumcarbonaat, rijstbloem, rijsmiddel (ammoniumcarbonaten), zout, erwteneiwit, emulgator (SOJALECITHINEN
Gebak en koek|Vruchtenmixbiscuit peer|395.0|8.0|8.5|3.5|0.25|67.0|33.0|23% tarwebloem, 17% rozijn, suiker, 10% havermeel, 10% volkorentarwemeel, plantaardige olie (raap, palm, zonnebloem), 4,5% krent, voedingsvezel (inuline, citrus), gerstemoutextract, 3,5% havervlok, 3% appelpuree uit concentraat, glucose-fructosestroop, mi
Gebak en koek|Suiker Stoeke|287.0|2.97|0.51|0.07|0.25|65.95|36.31|ROGGEbloem, invertsuikerstroop, water, suiker, Rijsmiddel (E450, E500) aardappelzetmeel, Kruiden Specerijen (kardemom, foelie, piment, koriander, nootmuskaat, gember, kruidnagel, kaneel) ROGGEmoutmeel. Geproduceerd in een ruimte waar noten en pinda's word
Gebak en koek|Zoetkruimelkoek|304.0|2.4|0.9|0.4|0.64|70.0|45.7|"Glucose-fructosestroop, ROGGEBLOEM, 12% kandijsuiker, water, rijsmiddel: E450/E500, specerijen, palmolie, TARWEZETMEEL, gemodificeerd aardappelzetmeel, gekarameliseerde suiker.

Dit product kan sporen van NOTEN bevatten."
Gebak en koek|VanBronk ontbijtkoek choco extra donker 4 sneetjes|323.0|3.1|4.5|2.3|0.4|65.0|37.1|Glucose-fructosestroop (gemaakt van granen), ROGGEbloem, chocolade 13% (suiker, cacaomassa, cacaoboter,  emulgator (SOJAlecithine), natuurlijk aroma, cacaopoeder, GERSTemout, rijsmiddel (natriumcarbonaat, zuurnatriumpyrofosfaat), zonnebloemolie, specerije
Gebak en koek|Ochtendbroodje met zaden|320.99|4.6|7.3|1.1|0.03|58.5|34.4|glucose-fructosestroop, ROGGEbloem(TARWE), water, CASHEWNOTEN, HAZELNOTEN, rozijnen, WALNOTEN, suiker, kruiden en specerijen (mengsel), gember, aardappelzetmeel, sinaasappelschil, natuurazijn, plantaardige olie (zonnebloem), ROGGEmoutmeel, rijsmiddel(E500
Gebak en koek|Ochtendlux repen rozemarijn|295.0|3.0|0.9|0.1|0.5|66.0|40.0|glucose-fructosestroop, 29% roggebloem, water, 10% rozijn, suiker, 0,9% roggezemel, gekaramelliseerde suikerstroop, specerijen, voedingsvezel (aardappel, erwt), rijsmiddel (E450, E500), raapolie, conserveermiddel (E200), tarwemoutmeel, zout.
Gebak en koek|Van Rijnberg suikerparels 6 stuks|310.0|2.0|1.6|0.6|0.28|70.0|42.0|"Glucose-fructosestroop, ROGGEbloem 30%, parelsuiker 10%, suiker, specerijen, kaneel, zonnebloemolie, rijsmiddelen (natriumwaterstofcarbonaat, dinatriumdifosfaat).

Kan sporen bevatten van: NOTEN"
Gebak en koek|Vlotte Finne krenten|311.0|2.5|1.0|0.1|0.33|71.5|42.9|"Glucose-fructosestroop, ROGGEbloem, suiker, rozijnen 9%, water, specerijen, rijsmiddel (natriumbicarbonaat, zuurnatriumpyrofosfaat), zonnebloemolie, rijstebloem.

Bevat gluten (rogge). Wordt gemaakt in een bakkerij waar ook noten worden verwerkt."
Gebak en koek|Vluggie Ville nul giga verpakking|212.0|2.1|1.0|0.2|0.5|44.8|3.2|"ROGGEbloem, cichorei wortel vezel, zoetstof (xylitol), stabilisator (glycerol), specerijen, kaneel, rijsmiddel (natriumbicarbonaat, zuurnatriumpyrofosfaat), zonnebloemolie, 

Wordt gemaakt in een bakkerij waar ook noten worden verwerkt."
Gebak en koek|Heerlijk volkoren ontbijtstaaf ongesneden 550g|290.0|3.9|0.9|0.1|0.76|64.4|39.1|"glucose-fructosestroop, volkoren roggemeel 17,6%, roggebloem, water, suiker, gekarameliseerde suikerstroop, rijsmiddelen: E500 en E450, specerijen, raapzaadolie, zout, conserveermiddel: E200, vezels (aardappel, erwt), tarwemoutmeel.

Kan sporen bevatten v"
Gebak en koek|Nootkoeken|537.0|12.0|33.0|11.0|0.45|48.0|22.0|TARWEbloem, margarine [plantaardige vetten en oliën(palm, kokos en raapzaad); water, zout; emulgator (E322, E471); aroma's; zuurteregelaar (E270, E330); vitamine A en D3; kleurstof (E160)], 20% PINDA'S, suiker, glucose-fructosestroop,  scharrel kipEIwit p
Gebak en koek|Klaas krisp 250g|517.0|8.6|22.8|10.0|0.66|67.5|24.8|"TARWEbloem, suiker, plantaardige oliën (palm, raapzaad), PINDAschaafsel 9,6%, kaneel, invertsuikerstroop, zout, rijsmiddelen: E500 en E503, MELKeiwit, weipoeder (MELK), emulgatoren: E471 (plantaardig) en zonnebloemlecithine.

Kan bevatten: amandel en haze"
Gebak en koek|Liga 175g tweede fase ea|390.0|6.5|7.4|0.7|0.55|73.0|22.0|TARWEBLOEM 68,4%, suiker, koolzaadolie, glucose-fructosestroop, glucosestroop, rijsmiddelen (ammoniumwaterstofcarbonaat, dinatriumdifosfaat, natriumwaterstofcarbonaat), zout, emulgator (SOJALECITHINE), TARWEZETMEEL, aroma, vitamine B1. KAN EI, MELK EN SES
Gebak en koek|Melkboter wervelingen|477.0|6.5|23.3|15.0|0.79|59.6|26.9|TARWEBLOEM, 28% roomboter (MELK), suiker, gist, zout.
Gebak en koek|Gouden twister roomboter delicaat 200gr|453.0|3.7|23.8|15.2|0.6|55.5|26.9|TARWEbloem, 27% roomboter (MELK), suiker, gecarameliseerde suiker (suiker, dextrose, boter (MELK)), 2% chocolade (suiker, cacaomassa, cacaoboter, emulgator (SOJAlecithine), aroma (MELK)), dextrose, stabilisator (sorbitol, glycerol), aardbei, glucose-fruct
Fruit|Tropische Kokosbites 125g|415.0|4.0|40.0|30.5|0.063|3.0|1.0|kokos.
Suiker, snoep, zoet beleg en zoete sauzen|Janssen kokosplakje light 250 g|328.0|2.4|21.8|19.3|0.11|22.0|5.2|Kokos 34%, natuurlijke zoetstof uit appels en peren, cichorei wortel vezel, glutenvrij TARWEzetmeel, verdikkingsmiddelen (xanthaangom, johannesbroodpitmeel), kleurstof (natuurlijk karmijnzuur), aroma
Vleesvervangers en zuivelvervangers|Kraai Flix coconut cream uht 10x950 ml|175.0|2.1|17.5|15.2|0.08|2.2|2.0|Kokos extrakt (50%), water, Xanthaan gum (E415), polysorbaat (E435)
Groente|Crispioenzame|13.0|0.7|0.4|0.1|0.005|1.3|1.3|Komkommer.
Groente|Koolzuur|18.0|1.0|0.0|0.0|1.5|1.0|0.0|98% Witte kool, zout, antioxidant: ascorbinezuur
Vlees en gevogelte|Haasbeen|175.0|21.0|10.0|3.0|0.13|0.0|0.0|konijnenbout.
Vlees en gevogelte|The carnivore's konijnenbout deluxe ca. 450 g|174.0|21.0|10.0|2.3|0.1|0.0|0.0|100% konijnenvlees
Groente|Asian Kraut|17.0|1.0|0.0|0.0|0.0|2.0|2.0|
Groente|Verde kool||||||||
Groente|Zokk rode koelen 750gram|36.0|0.7|0.0|0.0|0.4|7.6|6.5|Rode kool (73%), water, suiker, natuurazijn,. maiszetmeel, zeezout.
Groente|Lekker rodekool met appelblokjes 180gram|49.0|0.7|0.0|0.0|0.4|10.8|9.7|Rode kool (66%), water, suiker, appelstukjes (6,8%), natuurazijn, maiszetmeel, zeezout.
Groente|Rode Kroon|39.0|0.9|0.2|0.0|0.4|7.0|6.2|rode kool, water, suiker, azijn, gemodificeerd maïszetmeel, zout.
Groente|Paars kool met perzik|57.0|0.7|0.3|0.0|0.7|11.9|10.2|rode kool 77%, water, appel 7%, rietsuiker, azijn, maiszetmeel, zeezout.
Groente|Paarse kool met peren|49.0|1.5|0.0|0.0|0.4|9.5|8.0|59% rodekool, water, 7,5% appel, suiker, azijn, maïszetmeel, zout.
Groente|Gesnipperde krulkool|42.0|3.0|1.0|0.2|0.1|4.0|4.0|Spitskool.
Vis, schaal- en schelpdieren|Royal krab luxe 175 g|50.0|11.0|0.0|0.0|0.85|1.0|0.0|Krab (60% vlees en 40% poten) (71,18%), water (27,49%), zout (0,96%), suiker (0,31%), citroenzuur E330 (0,06%), sodium metabisulfite (0,001%)
Alcoholische dranken|Hollandse kruidenlikorette||||||||
Gebak en koek|Bolletje speculaasbolletjes melk choco trek|486.0|5.6|19.0|11.0|0.68|72.0|47.0|45% witte chocolade (suiker, cacaoboter, volle MELKPOEDER, MELKSUIKER, magere MELKPOEDER, emulgator (SOJALECITHINE), natuurlijk vanille aroma), TARWEBLOEM, suiker, plantaardige oliën (palm, raap), glucose-fructosestroop, kruidnootjeskruiden (bevat kaneel)
Melk en melkproducten|Bergvoor gezellig & luchtig kwark framboos 500 g|72.0|7.6|0.1|0.1|0.11|9.5|8.9|Magere kwark, magere milde yoghurt (met L. acidophilus (bevat melk)), 7% aardbeien, suiker, 3% aardbeiensap uit concentraat, 0,5% melkeiwitten, gelatine, plantenconcentraat (wortel), natuurlijk aroma, lactase, vitamine B2, B6 en B12
Gebak en koek|Speculaadbites zwart|487.0|5.7|23.4|13.2|0.665|61.3|38.7|50% Kruidnoot (TARWEBLOEM, suiker, plantaardige olie (palm, raap), glucose-fructosestroop, specerijen, rijsmiddel: E450/E500/E503, zout, gebrande suiker), 50% pure chocolade (cacaomassa, suiker, cacaopoeder, emulgator: SOJALECITHINE, natuurlijk vanillearo
Gebak en koek|Speculozen kruidmelk|481.0|6.3|19.0|11.0|1.0|70.0|46.0|melkchocolade 48% (suiker, volle MELKPOEDER, cacaoboter, cacaomassa, weipoeder (MELK), emulgator (SOJALECITHINE), natuurlijk aroma), TARWEBLOEM, suiker, plantaardige oliën (palmolie, raapzaadolie), karamelsuikerstroop (fructose-glucosestroop, karamelsuike
Gebak en koek|Van Amstel pepernoten melkchocolade karamelzeezout|472.0|6.5|21.0|12.0|1.73|62.0|39.0|chocolade 47% (suiker, cacaomassa, cacaoboter, emulgator (SOJALECITHINE), natuurlijk aroma), TARWEBLOEM, suiker, glucosestroop, plantaardige oliën (palmolie, raapzaadolie), , zeezout 1,0%, specerijen (bevat o.a. kaneel), rijsmiddelen (natriumcarbonaten, a
Vlees en gevogelte|Lamsspies 250g|245.0|19.2|18.7|8.5|0.0|0.5|0.5|100% lamsvlees
Vlees en gevogelte|Hollandse Heideroos lamsbout ca. 250 g|173.0|19.2|10.8|4.4|0.06|0.0|0.0|100% lamsvlees
Vlees en gevogelte|The Carnivore's Dream Nieuw-Zeelandse Lamsrib ca. 970 g|245.0|19.2|18.7|8.5|0.0|0.5|0.5|100% lamsvlees
Samengestelde gerechten|Lasagne met vlees 1kg|148.0|7.0|7.41|2.7|0.85|12.66|2.6|water, varkensvlees Beter Leven 1 ster 20%, harde TARWEgriesmeel, geconcentreerde tomatenpuree 7,3%, tomaat 6,7%, kaas 4,5% (gepasteuriseerde MELK Beter Leven 3 sterren, zout, vegetarisch stremsel, zuursel), kaas 1,5% (gepasteuriseerde MELK, zout, vegetar
Vis, schaal- en schelpdieren|Smulhappies|140.0|13.043|5.519|0.686|0.582|9.372|0.551|"71% Atlantische heek (VIS)*, water, TARWEBLOEM, zonnebloemolie, gemodificeerd TARWEZETMEEL, rijstemeel, maïszetmeel, zout, dextrose, specerijen (peper, paprikapoeder, chilipoeder), rijsmiddel: E500/E503/E450, lavaswortel, gist, GERSTEMOUTEXTRACT. 
Dit pro"
Vlees en gevogelte|Kraapkriel|110.0|18.4|3.9|1.9|0.225|0.0|0.0|100% Kippenlever.
Vlees en gevogelte|Kraaiënlever|110.0|18.4|3.9|1.9|0.225|0.0|0.0|100% Kippenlever.
Vlees en gevogelte|Eendenlever|110.0|18.4|3.9|1.9|0.225|0.0|0.0|100% Kippenlever.
Vlees en gevogelte|Kuikenlever 450gr Prime+|110.0|18.4|3.9|1.9|0.225|0.0|0.0|100% kippenlever.
Alcoholische dranken|Dutchesse with a Touch of Mocha||||||||MILK
Alcoholische dranken|Lemoncella||||||||alcohol, sugar, infusion of lemon peels, natural flavours. Acidifying: citric acid.
Alcoholische dranken|Authentic Vanneke Advocaat||||||||Contains: barn EGGS
Fruit|Ethitrade citroenen|41.0|0.7|0.2|0.0|0.005|7.7|1.7|
Fruit|Citronellen|41.0|0.7|0.2|0.0|0.0|7.5|1.5|
Niet-alcoholische dranken|TropiFris Vruchtenmix Vrij Ananas Pompelmoes 1,5 lt pak|16.0|0.0|0.0|0.0|0.003|3.8|3.7|Water, vruchtensap uit concentraat (appel 37%, ananas 1%, mango 1%), natuurlijk aroma, koolzuur (<0,1%).
Niet-alcoholische dranken|Vita Ace Drank|47.0|0.0|0.0|0.0|0.0|11.0|11.0|Water, suiker, geconcentreerd sinasappelsap, glucose-fructosestroop, geconcentreerd citroen en wortelsap, aroma, stabilisator: pectine, conserveermiddelen: E202 en E211, beta-caroteen (pro-vitamine a) vitamine c, vitamine e
Peulvruchten|Mees groene erwten|315.0|21.0|2.0|0.7|0.025|43.0|6.0|Groene erwten
Fruit|||||||||
Graanproducten en bindmiddelen|Brezzi mlk flux 4x1500g|365.0|0.1|0.1|0.0|0.11|91.0|0.0|Gemodificeerd zetmeel. Bevat mogelijk MELK, EI, GLUTEN, SELDERIJ, SOJA, VIS.
Fruit|Sinaasappel in delicate siroop 180g|60.0|0.5|0.1|0.0|0.01|14.0|14.0|mandarijnen, water, suiker, voedingszuur: citroenzuur
Fruit|Sinaasappelpartjes op zachte siroop|43.0|0.8|0.0|0.0|0.0|9.5|8.5|mandarijn, druivensap uit concentraat.
Vetten en oliën|Sano Vita margarine 82% vet|725.0|0.0|80.0|22.0|0.0|0.0|0.0|plantaardige oliën (52% zonnebloem-, palmolie), water, zuurteregelaar: calciumcitraat, emulgator: mono-en diglyceriden van vetzuren, voedingszuur: citroenzuur, natuurlijk aroma, kleurstof: betacaroteen, vitamines A, D, foliumzuur, B12.
Vetten en oliën|Gastronoom vloeibare boter 500 ml PET fles premium (bo 500 ml)|657.0|0.0|73.0|7.1|1.34|0.0|0.0|"Plantaardige olie (raapzaad, zonnebloem, geheel geharde raapzaad), water, 1,5% zout, emulgator: E471/E322, conserveermiddel: E202, voedingszuur: citroenzuur, natuurlijk aroma, kleurstof: carotenen, vitamine A, vitamine D3.

Totaal vetgehalte: 82%"
Vetten en oliën|Bicel margarine / halvine dieet 2020 gr|530.0|0.5|60.0|12.0|0.02|0.5|0.5|"Plantaardige oliën (60%) (zonnebloem, lijnzaad, palm#), water, emulgatoren (zonnebloemlecithine, mono- en dyglyceriden van vetzuren), voedingszuur (citroenzuur), natuurlijke aroma, vitamine (A, D), kleurstof (caroteen).
#Dit is duurzame palmolie. Lees mee"
Vetten en oliën|Becol classic 250 g|398.0|0.5|45.0|9.1|0.02|0.5|0.5|Water, plantaardige oliën 45% (zonnebloem 26%, lijnzaad 11%, palm 6%, koolzaad 2%), emulgatoren (mono- en diglyceriden van vetzuren, zonnebloemlecithine), natuurlijk aroma, vitamine A & D
Suiker, snoep, zoet beleg en zoete sauzen|Lieve Oma's Oranje Marmelade|238.0|0.3|0.1|0.0|0.0|59.0|59.0|suiker, sinaasappel en schilreepjes, rietsuiker, geconcentreerd citroensap, geleermiddel: vruchtenpectine.
Suiker, snoep, zoet beleg en zoete sauzen|Tasje marsepein vruchtjes 100g premium|456.0|7.9|19.0|1.5|0.02|60.0|53.0|suiker, AMANDELEN 40%, glucosestroop, stabilisatoren: E420i, E422 en E1103, saffloerextract, spinazie-extract, kleurstor: E120. Kan sporen van MELK, EI, SOJA, andere NOTEN en GLUTEN bevatten.
Suiker, snoep, zoet beleg en zoete sauzen|Amandelizoentje|432.0|4.9|16.0|0.0|0.0|68.0|0.0|suiker, amandelen (23%), cacaomassa, glucosestroop, cacaoboter, volle melkpoeder, emulgatoren (sojalecithine, E476), bevochtigingsmiddel invertase, vanille extract. Kan noten bevatten.
Suiker, snoep, zoet beleg en zoete sauzen|Tasje marsepeinfruitjes|430.0|7.0|17.6|2.2|0.1|53.2|48.8|suiker, AMANDEL, stabilisator (E420), invertsuikersiroop, glucosestroop, cacaopoeder, naatuurlijk bittere AMANDELaroma, invertase.
Graanproducten en bindmiddelen|Gruismeel|340.0|11.0|0.8|0.3|0.0|69.0|0.0|tarwegriesmeel.
Diversen|Kruisman choco delight|411.0|12.0|9.9|8.6|0.94|66.0|56.0|suiker (42%), magere melkpoeder (25%), magere cacaopoeder (14%), kokosolie, glucosestroop, maltodextrine, stabilisator (kaliumfosfaten), zout, verdikkingsmiddel (xanthaangom), natuurlijke aroma's, gemodificeerd zetmeel, antiklontermiddel (siliciumdioxide)
Melk en melkproducten|Anna's geitenzuivel|58.0|2.8|3.4|2.5|0.083|4.1|4.1|hoog gepasteuriseerde GEITENMELK
Melk en melkproducten|Natuurlijke romige schapenmelk|62.0|3.4|3.5|2.5|0.1|4.2|4.2|
Melk en melkproducten||62.0|3.1|3.5|2.5|0.26|4.4|4.4|volle geitenMELK
Melk en melkproducten|Heide heerlijkheid karnemelk bessen mengelmoes|43.0|3.2|0.5|0.3|0.1|6.5|6.0|karneMELK, suiker, 2,1% aalbessen, maïszetmeel, 0,2% granaatappel, zwarte wortelsap concentraat, natuurlijk aroma.
Melk en melkproducten|Yakooma classic|66.0|1.3|0.0|0.0|0.04|15.4|13.6|water, magere MELK, glucose-fructosesiroop, suiker, maltodextrine, aroma, 20 miljard L. casei Shirota bacteriën
Fruit|Donderwolk pitzak|37.0|0.62|0.2|0.0|0.04|8.0|6.0|Watermeloen.
Fruit|Zomerbessen hapjes 250g|38.0|1.0|0.0|0.0|0.005|8.0|8.0|watermeloen.
Suiker, snoep, zoet beleg en zoete sauzen|Zilveren krakeling schuimtongen 12st|419.0|2.6|8.1|7.4|0.03|86.5|85.5|Suiker, gehard plantaardig vet, vetvrije melkbestanddelen, kippenei eiwit, magere cacaopoeder, tarwezetmeel, vanille aroma, aardbei aroma, chocolade aroma, emulgatoren (soja lecithine, E492), anti klontermiddel (E553b), kleurstoffen (E104, E120, E124, E13
Gebak en koek|Boter koekrolletjes|469.0|2.4|22.5|11.9|0.15|63.8|57.8|suiker, plantaardige oliën (palm, raap, zonnebloem, shea, kokos), glucose-fructosestroop, SCHARRELEI, SOJABONEN, TARWEBLOEM, 2% magere cacaopoeder, dextrose, abrikozenpitten, TARWEZETMEEL, SOJABLOEM, lactose (MELK), stabilisator: E422/E420, emulgator: E49
Suiker, snoep, zoet beleg en zoete sauzen|Tiny Meringa Salted Toffee|405.0|3.0|1.5|1.0|0.53|95.0|92.0|suiker, scharrelei-eiwit, gedroogde glucosestroop, plantaardige olie (palmpit, palm), vegetarisch weipoeder, tarwebloem, zout, kleurstof (karamel [E150a], caroteen [E160a]), glucose-fructosestroop, water, cacaoboter, magerecacaopoeder, emulgator (polyglyc
Suiker, snoep, zoet beleg en zoete sauzen|Fluifkrulletjes per 10|279.19|1.5|0.017|0.009|0.074|69.255|67.433|suiker, water, EI-EIwit (gedroogd), rijstevlokken, TARWEzetmeel, glucosestroop, zout, stabilisator (E422), kleurstoffen (E124*, E102*, E131, E120, E101, E100, E151, E122*), voedingszuur (E330), verdikkingsmiddel (E466), aroma (aroma), glansmiddel (E901),
Graanproducten en bindmiddelen|Traditionele boerenkoek mix|363.0|4.6|14.3|7.0|1.1|53.6|31.2|suiker, TARWEbloem [GLUTEN], palmolie, KIPHEELEIPOEDER (scharrel), glucosestroop, TARWEzetmeel [GLUTEN], rijsmiddelen: E500-E450, MELKeiwit, fructose, emulgatoren: E472b-E477, aroma, magere MELKpoeder, verdikkingsmiddel: E415, zout, kleurstof: E160b.
Graanproducten en bindmiddelen|Homemade mix & bake muffins|290.0|4.9|10.5|1.4|0.7|44.1|28.1|suiker, TARWEbloem [GLUTEN], zonnebloemolie, TARWEzetmeel [GLUTEN], KIPHEELEIPOEDER (scharrel), gemodificeerd aardappelzetmeel, glucosestroop, rijsmiddelen: E500-E450, weipoeder [MELK], maltodextrine, aroma, verdikkingsmiddel: E415, zout, MELKeiwit, TARWE
Vis, schaal- en schelpdieren|Zeeparels|71.0|9.8|2.6|1.0|0.75|2.0|0.0|"100% Mosselen (WEEKDIEREN). 

Mosselen (Mytilus chilensis), gekweekt in Chili, kweekmethode: mosselbanken in open water. Dit product is voorzien van een laagje ijs als bescherming tegen uitdroging."
Vis, schaal- en schelpdieren|Waterdaemers|126.0|17.2|3.1|1.0|0.97|7.2|0.0|Mosselen (Mytilus edulis) (WEEKDIEREN).
Graanproducten en bindmiddelen|Eko perenbroodmix|365.0|8.5|0.9|0.1|1.0|80.0|24.0|TARWEbloem*, suiker*, druivensapconcentraat*, maïszetmeel*, rijsmiddel: E500, zout. * = van biologische oorsprong. Kan sporen bevatten van NOTEN.
Graanproducten en bindmiddelen|BakkerJan appeltaart mengsel 30% extra deeg 600gram|245.0|2.7|9.7|4.3|0.48|36.0|22.0|TARWEBLOEM, suiker, maïsmeel, rijsmiddelen (E450, E500), zout, aroma. Kan EI en MELK bevatten.
Graanproducten en bindmiddelen|Kooksmans appelgebakje mini noll|235.0|2.9|9.0|3.9|0.51|35.0|21.0|TARWEBLOEM, suiker, rijsmiddelen (E 450, E500), zout, aroma. Kan sporen van ei en melk bevatten.
Graanproducten en bindmiddelen|Appeltaartmengsel|360.0|8.1|1.1|0.3|1.8|78.2|37.0|"TARWEMEEL, suiker, bakmiddel (rijsmiddel: E450/E500, TARWEZETMEEL), gejodeerd zout, aroma.

Dit product kan sporen van EI en MELK bevatten"
Graanproducten en bindmiddelen|Prof. Bakker kwarktaart classic met korst|213.0|5.7|13.0|6.6|0.24|20.0|12.0|TAARTMIX (178 gram): suiker, glucosestroop, gelatine, plantaardige olie (palmpit, palm), emulgatoren (E472a, E471), TARWEZETMEEL, aardappelzetmeel, MELKEIWITTEN (bevat LACTOSE), voedingszuur (citroenzuur), aroma's. , BODEMMIX (230 gram): TARWEBLOEM, suike
Vis, schaal- en schelpdieren|Noordzee's glorie mosselen in zuur|104.0|17.0|3.0|1.0|0.89|2.8|0.5|Gekookt MOSSELvlees (Mytilus edulis), water, natuurazijn, uien, zout, zuurteregelaars (E270 - E330), natuurlijke aroma's, suiker.
Vis, schaal- en schelpdieren|Zeejuwelen in zoetzuur|106.0|17.0|3.0|1.0|0.91|2.8|0.5|Gekookt MOSSELvlees (Mytilus edulis), water, natuurazijn, uien, zout, zuurteregelaars (E270-E330), natuurlijke aroma's, suiker.
Vis, schaal- en schelpdieren|Mega mosselen prime 1,6kg|125.0|17.2|3.1|1.0|0.97|7.0|0.0|MOSSELEN (Mytilus edulis).
Vis, schaal- en schelpdieren|Hollandse zeejuwelen 1 kg deluxe verpakking|125.0|17.2|3.1|1.0|0.97|7.0|0.0|"verse mosselen (mytilus edulis)
(WEEKDIEREN), zeewater."
Flesvoeding en preparaten|FitBalance ontbijtstreep espresso 2 x 60 g|365.0|23.0|10.0|3.3|1.0|41.0|25.0|Glucosestroop, sojacrisps (soja-eiwit, tapiocazetmeel, zout), sojacrisps (soja-eiwit, rijstbloem, gerstmoutextract, zout), melkchocolade 8,6% (suiker, cacaoboter, volle melkpoeder, cacaomassa, emulgator: sojalecithinen, aroma's), cichoreivezel, sojagranul
Samengestelde gerechten|Bami gorang|162.0|4.48|4.66|0.99|0.94|25.2|1.14|65,3% gekookte rijst (water, witte rijst, volledig geraffineerde sojaolie), 13,2% prei, 7,5% ham (varkensvlees¹, water, aardappelzetmeel, zout, varkenseiwit, stabilisator: E407/E450/E451, antioxidant: E301, natuurlijk aroma, conserveermiddel: E250), 7,5%
Hartige snacks en zoutjes|Rijstbal|196.0|6.7|4.2|1.9|1.4|32.0|1.2|"Gekookte rijst, paneermeel
(TARWEBLOEM, gist, zout, kleurstof: E160b),
water, palmolie, groenten (ui, prei,
paprika,kool), kip, gehydroliseerd SOJA-eiwit,
doorhaalmiddel (TARWEmeel, gemodificeerd
maiszetmeel, inuline, zout, rijsmiddel: E450, E500, stabili"
Suiker, snoep, zoet beleg en zoete sauzen|Nougato met noten|459.0|3.9|17.0|8.0|0.03|72.0|60.0|Suiker, glucosestroop, AMANDELEN (15%), plantaardig vetten(palm, kokos), EI, EIwitpoeder, natuurlijke aroma's.  Kan sporen bevatten van pinda's, soja, melk en noten
Suiker, snoep, zoet beleg en zoete sauzen|Velvet nougat delight 190 g|444.0|3.6|17.0|8.0|0.0|68.0|58.0|Suiker, glucosestroop, 15% amandelen, plantardig vet (palm, kokos), water, kippenei-eiwitpoeder, natuurlijk aroma
Noten en zaden|Hazelnoot bruin geroosterd gezouten 850g|656.0|21.538|55.509|3.691|0.618|13.995|3.772|AMANDELEN 99,3%, zout, PINDAolie.
Noten en zaden|Hazelnoten krokant met karamel 200g|667.0|21.0|53.0|4.1|0.803|21.0|4.9|AMANDELEN 94,1%, rookaroma, zonnebloemolie, zout 0.8%.
Noten en zaden|Bakker natuur gezouten amandel nootjes|615.0|19.0|49.0|9.5|0.7|22.0|6.0|96% CASHEWNOOT*, zonnebloemolie*, 0,7% zeezout. *Van biologische oorsprong. Kan sporen bevatten van pinda's en andere noten.
Noten en zaden||748.0|8.5|73.0|11.4|1.02|12.6|5.7|"99% MACADAMIANOTEN, zout.

Dit product kan sporen van PINDA en andere NOTEN bevatten."
Noten en zaden||736.0|9.6|72.2|7.9|0.653|9.4|2.9|"93% PECANNOTEN, zonnebloemolie, zout

Dit product kan sporen van PINDA'S en andere NOTEN bevatten."
Noten en zaden||750.0|8.5|73.0|11.0|1.0|13.0|5.7|99% macadamianoot, zout.
Noten en zaden|Amandelnoten gebakken zonder zout 100g|595.0|19.281|46.653|9.106|0.043|22.577|6.094|CASHEWNOTEN 99,9%, PINDAolie.
Noten en zaden|Geroosterde hazelnoten|629.0|21.0|50.2|4.1|0.0|17.7|4.9|"AMANDELEN.

Dit product kan sporen van PINDA en andere NOTEN bevatten."
Noten en zaden|Kokosnoten 200g|715.0|10.2|69.3|7.6|0.0|9.9|3.1|PECANNOTEN.
Noten en zaden|Rauwe pecandruppels|721.0|10.0|70.0|7.6|0.0|9.9|3.1|pecannoot.
Noten en zaden|Pistache persje smaragdgroen|641.0|20.0|53.0|8.6|0.03|16.0|10.0|PISTACHE (NOTEN). Kan sporen van gluten, soja, andere noten, pindas, sesam en melk bevatten.
Noten en zaden|Ongeblakerde kastanoten|709.0|14.0|70.0|18.0|0.03|2.1|1.9|paranoot.
Noten en zaden||719.0|14.3|66.4|15.1|0.008|12.3|2.3|PARANOTEN. Kan sporen van gluten, soja, andere noten, pindas, sesam en melk bevatten.
Vis, schaal- en schelpdieren|Zeeuwse parels 5/0|57.0|6.0|1.9|0.8|1.25|4.0|0.0|OESTERS (Ostrea edulis)
Vis, schaal- en schelpdieren|Vlakke schelp|57.0|6.0|1.9|0.8|0.5|4.0|4.0|Bevat WEEKDIEREN, kan sporen bevatten van SCHAALDIEREN
Vis, schaal- en schelpdieren|Hollands glorie mosselen en flora|57.0|6.0|1.9|0.8|1.25|4.0|0.0|OESTERS (Crassostrea gigas)
Vetten en oliën|Zonneolie|828.0|0.0|92.0|12.5|0.0|0.0|0.0|100% Maïskiemolie.
Vetten en oliën|Monona geroosterde saffraanolie|828.0|0.0|92.0|15.0|0.0|0.0|0.0|SESAMolie. Bevat sporen van NOTEN, SOJA en PINDA'S.
Fruit|Olivena donkere olijven zonder pit|128.0|0.5|13.2|2.2|1.5|0.0|0.0|zwarte Hojiblanca olijven zonder pit, water, zout, stabilisator (E579). Gesteriliseerd
Fruit|Luna'z feest olijven zwart zonder kern|152.0|2.6|16.0|2.6|2.5|0.0|0.0|water, zwarte olijven zonder pit, zout, stabilisator: ijzergluconaat, antioxidant: ascorbinezuur
Fruit|Donkere olijven rondjes|125.0|0.5|13.0|2.3|2.5|0.0|0.0|Zwarte olijven, water, zout, stabilisator: E579
Graanproducten en bindmiddelen|Krooncflakes|375.0|7.8|0.5|0.1|0.9|83.0|5.9|"Maïs, suiker, GERSTEMOUTEXTRACT, zout, emulgator:E471, vitamines (vitamine B1, B2,B3, B5, B6, Biotine, foliumzuur, B12), ijzer. 
Kan sporen van MELK, SOJA en NOTEN bevatten"
Groente|Bladkooi|14.0|1.0|0.2|0.0|0.018|1.4|1.4|Paksoi.
Vis, schaal- en schelpdieren|Pangarausfilet|81.0|17.9|1.0|0.2|0.25|0.0|0.0|"Pangasius meerval (VIS) (Pangasius spp., gekweekt in Vietnam, kweekmethode: kweekvijver).
Vis afkomstig van een ASC-gecertificeerde, verantwoorde kwekerij, www.asc-aqua.org, ASC-C-00004."
Groente|Paprika emerald||||||||
Groente|Paprika zonnegeel||||||||
Groente|Vandermeer paprika stukken zoet-pikant|18.0|1.0|0.2|0.0|0.5|2.4|1.9|paprika, voedingszuur: azijn, zout, conserveermiddel: E211, zoetstof: sacharine, natuurlijk aroma (bevat MOSTERD), kleurstof, riboflavine (vitamine B)
Groente|Heuleke paprikastukjes zestyzoet 320 g|36.0|1.0|0.2|0.1|1.1|6.0|5.5|rode paprika, natuurazijn  , glucose-fructosestroop, suiker, zout.
Hartig broodbeleg|Natuurlijke tahina 1kg|686.0|24.5|60.0|10.0|0.43|12.0|0.0|Gemalen Humera SESAME.
Gebak en koek|Luchtige Mini Soesjes|383.94|11.5|24.431|11.441|0.669|30.059|3.809|Lege soesjes 4,5 cm [scharrelkipheelEI, water, TARWEbloem, aardappelmeel, geharde plantaardige olie (raapzaad), geheel geharde kokosolie, plantaardige olie(palm, raapzaad), TARWEzetmeel, glucosestroop, MELKeiwit, maiszetmeel, weipoeder (MELK), rijsmiddell
Hartige snacks en zoutjes|Verne ragoutbroodje|292.0|5.9|18.6|10.2|1.4|25.0|2.2|36% ragout (water, 13% rundvleesblokjes (96% rundvlees, water, paneermeel (tarwe), tarwezetmeel, zout, stabilisatoren: E450/E451) magere melkpoeder, melkeiwit, gemodificeerd aardappelzetmeel, palmolie, tarwezetmeel, glucosestroop, gehydrolyseerd sojaeiwit
Groente|EcoNature pastinaca 500 g||||||||
Groente|Vruchtenfriet wortelpompoen|71.0|1.8|1.1|0.2|0.025|11.0|5.4|Pastinaak.
Groente|Peperella Verde Krachtig||||||||
Suiker, snoep, zoet beleg en zoete sauzen|Freshtos pepermuntparels|390.0|0.0|1.9|1.8|0.1|93.0|69.0|suiker, glucosestroop, kokosolie, cacaoboter, zetmeel, natuurlijke mint aroma's, maltodextrine, verdikkingsmiddelen (gellangom, cellulosegom, arabische gom), emulgator (sucrose-esters van vetzuren).
Hartige sauzen|Hlms rosemonto pesto 220ml 6x|251.0|1.7|22.0|3.3|1.4|10.0|6.6|Tomaat 48%, zonnebloemolie, water, azijn, suiker, gemodificeerd maïszetmeel, basilicum 2,3%, rode paprika, EIGEEL (scharrel), geraspte KAAS 1,7%, voedingszuur E270, zout, ROOMPOEDER 1%, citroensapconcentraat (bevat SULFIET), conserveermiddel E202, natuurl
Fruit|Mandje vol abrikozen|54.0|0.7|0.3|0.0|0.0|11.0|11.0|perzik*.
Fruit|Bolronde perzik aaa|40.0|1.0|0.1|0.0|0.003|7.2|7.2|Perzik.
Fruit|Prachtige Perziken in Sierlijke Siroop 830gr|64.0|0.4|0.0|0.0|0.0|15.0|11.0|Perziken, water, glucose-fructosestroop, suiker, zuurteregelaar: citroenzuur.
Groente|Munch me sproetjes 150g||||||||
Noten en zaden|Prins-Hap pinda's gezouten|605.0|24.9|48.2|7.5|0.8|14.2|5.3|"97% PINDA'S, zonnebloemolie, zout.

Dit product kan sporen van NOTEN bevatten."
Noten en zaden|Organische noot geroosterd/zuiver 200g|646.0|24.35|49.66|7.72|0.02|21.26|4.9|"PINDA's*.
*Van biologische oorsprong."
Noten en zaden|Notena's mild|643.0|26.2|52.3|8.9|0.0|12.0|6.6|"98% PINDA'S, zonnebloemolie.

Dit product kan sporen van NOTEN bevatten."
Noten en zaden|Notenknabbels Natuur 250 gram|616.0|26.6|49.6|7.0|0.018|11.6|6.5|PINDA's 99,2%, zonnebloemolie.
Noten en zaden|Koker zoetepinda's|548.0|18.0|34.0|5.3|0.0|39.0|32.0|PINDAS 66.8%, suiker, glucosefructose siroop, plantaardige olie (zonnebloemolie, palmolie), honing. Allergieinformatie: Gemaakt in een bedrijf waar ook noten worden verwerkt.
Noten en zaden|Eco Groen dennenzaadjes|704.0|19.9|65.0|5.2|0.06|8.2|3.4|100% pijnboompitten* (Oorsprong: China). *van biologische productie.
Noten en zaden|Zilverboompitten|702.0|18.3|64.2|6.52|0.025|11.2|4.4|100% Pijnboompitten.
Noten en zaden||509.0|13.6|27.0|4.2|0.0|50.6|46.2|"54% PINDA'S, 42% suiker, glucose-fructosestroop, plantaardige olie (zonnebloem, shea), verdikkingsmiddel: E414, kleurstof: E150c/E172.

Dit product kan sporen van NOTEN bevatten."
Noten en zaden|Zonnegoudpitten|595.0|28.0|49.0|5.0|0.0|7.5|3.5|Gepelde zonnebloempitten.
Noten en zaden|Zonnegoud Pitjes 125g|610.0|20.8|51.5|4.5|0.023|11.4|2.6|zonnebloempitten.
Vleesvervangers en zuivelvervangers|BioVerde plantaardige yoghurt stijl met tropische mango|61.0|3.7|2.0|0.4|0.22|5.8|5.6|water, mango (17,8%) (sap uit concentraat (11,1%), fruit (6,7%)), gepelde SOJABONEN (9,7%), tricalciumcitraat, stabilisator (pectinen), zuurteregelaars (natriumcitraten, citroenzuur), natuurlijk aroma, gemodificeerd zetmeel, zeezout, antioxidanten (tocofe
Vleesvervangers en zuivelvervangers|Olpro soja kookgenot|151.0|2.0|15.0|1.7|0.14|1.2|1.2|water, zonnebloemolie, gepelde SOJABONEN (4%), suiker, emulgator (sucrose-vetzuuresters), stabilisatoren (xanthaangom, guarpitmeel, carrageen), zeezout, aroma . Vrij van zuivel en gluten.
Vleesvervangers en zuivelvervangers|Alvero plantaardige verwenyoghurt naturel|51.0|4.0|2.3|0.4|0.25|2.1|2.1|SOJABASIS (water, gepelde SOJABONEN (10,7%)), suiker, tricalciumcitraat, stabilisator (pectinen), zuurteregelaars (natriumcitraten, citroenzuur), aroma, zeezout, antioxidanten (tocoferolrijk extract, vetzuuresters van ascorbinezuur), vitaminen (B12, D2),
Vleesvervangers en zuivelvervangers|Alprem; avontuur; puur|68.0|5.8|3.3|0.6|0.36|2.6|2.5|SOJABASIS (water, gepelde SOJABONEN (15,7%)), suiker, stabilisator (pectinen), tricalciumcitraat, zuurteregelaars (natriumcitraten, citroenzuur), natuurlijk aroma, zeezout, antioxidanten (tocoferolrijk extract, vetzuuresters van ascorbinezuur), vitaminen
Groente|Pimpolaan|15.0|0.7|0.2|0.1|0.005|2.0|1.7|Pompoen.
Alcoholische dranken|Vansteen port 12yo 70cl||||||||Bevat sulfieten.
Hartige snacks en zoutjes|Spookstrom popcorn neon zoete popcorn 175 g|420.0|3.5|4.6|0.7|0.0|89.2|54.6|Glucose-fructosesiroop, maïs 30,5%, suiker, emulgator [sojalecithine], zonnebloemolie, kleurstof [E 141]
Fruit|Pluimen||||||||
Melk en melkproducten|Luna mini spikkel pudding met stukjes exotisch fruit 174 g|165.0|3.6|7.5|5.4|0.14|20.5|17.7|MELK, vruchten (7,7% mandarijn, 4,8% ananas, 2,2% rozijnen, 1,9% papaja), ROOM, suiker, glucose(-fructose)stroop, MELKeiwit, gemodificeerd maïszetmeel, palmolie, rundergelatine, maltodextrine, verdikkingsmiddel: E407, emulgatoren: E471 en E472a, aroma, st
Samengestelde gerechten|Kipkrokettenpotje|106.0|11.0|5.6|1.7|1.1|2.4|0.9|44% kippenvlees, water, groenten (champignon, ui), room (MELK), zonnebloemolie, gemodificeerd maiszetmeel, specerijen (MOSTERD, SELDERIJ), zout, verdikkingsmiddel (E412), aroma, GERSTemoutazijn, gehydrolyseerd SOJA-eiwit, dieetzout, MELKeiwit, karneMELKpo
Samengestelde gerechten|Kippenfricassee|78.0|4.0|3.7|0.9|0.98|6.9|0.6|water, 18% kippenvlees*, TARWEBLOEM, zonnebloemolie, gemodificeerd maïszetmeel, palmolie, natuurlijk aroma, zout, stabilisator: E451/452, tomatenpuree, gehydrolyseerd SOJA-EIWIT, mineraalzout (kaliumchloride), MELKBESTANDDELEN, suiker, BLADSELDERIJ, knofl
Hartig broodbeleg|Spruitenschotel|117.0|1.2|7.6|0.5|0.5|9.0|8.8|67% witte kool, 10% paprika, koolzaadolie, water, suiker, citroensap, natuurazijn, zout, conserveermiddelen (kaliumsorbaat, natriumbenzoaat), specerijen (MOSTERD), antioxidant (ascorbinezuur), verdikkingsmiddel (xanthaangom), natuurlijk aroma. Kan sporen
Melk en melkproducten|LactaChef kooksmooth 250 ml|212.0|2.4|20.2|14.3|0.13|4.8|3.2|88% ROOM (23% vet), water, gemodificeerd maïszetmeel , stabilisator: E466
Melk en melkproducten|Bittere crème 130g|117.0|3.2|10.0|6.7|0.1|3.6|3.6|zure room (MELK).
Graanproducten en bindmiddelen|Zonstraal's roti verrassing 4 stuks|306.0|8.5|7.6|1.4|0.93|48.8|0.9|TARWEbloem, volkoren TARWEbloem, water, raapzaadolie, stabilisatoren: E422, E466; rijsmiddelen: E500, E450; voedingszuur: E296; emulgator: E471, conserveermiddel: E282; TARWEmoutmeel.
Suiker, snoep, zoet beleg en zoete sauzen|Cacao druifjes|435.0|4.6|16.5|9.7|0.095|65.5|57.3|55% Melkchocolade (suiker, cacaoboter, volle MELKPOEDER, cacaomassa, emulgator: SOJALECITHINE, natuurlijk vanillearoma), 44% rozijnen, gemodificeerd tapiocazetmeel, glucosestroop, kokosnootolie, glansmiddel: E904, emulgator: E471, zuurteregelaar: citroenz
Alcoholische dranken|Caridore puerto blanco rum 70cl||||||||
Alcoholische dranken|||||||||
Vlees en gevogelte|Polder rundersnippers|173.0|21.0|9.7|4.3|0.15|0.0|0.0|rundvlees(100%).
Vlees en gevogelte|Polder rundvleesstoofplakken|109.0|23.0|1.9|0.8|0.16|0.0|0.0|rundvlees(100%).
Vlees en gevogelte|Slanke runderboutjes|122.0|22.9|3.4|1.4|0.156|0.0|0.0|100% rundvlees.
Vlees en gevogelte|Magere kalfsbraadstuk nordic|100.0|21.0|2.0|0.8|0.1|0.0|0.0|
Vlees en gevogelte|Slanke rundschijf 2x 2stk|108.0|22.6|1.9|0.8|0.186|0.0|0.0|100% rundvlees.
Vlees en gevogelte|Boeuf ribstuk ierland|165.0|20.0|9.5|4.0|0.16|0.0|0.0|
Vlees en gevogelte|Veldenkiprollade 115gr 1pk|132.0|22.0|3.8|1.1|3.7|2.4|0.5|98% kippenvlees, zout, voedingszuur: E325 en azijnzuur, kruiden, specerijen, stabilisatoren: E450 en E452, dextrose, maltodextrine, gehydrolyseerd koolzaadeiwit, gistextract, gedroogde groentepoeder (prei, ui,), water, paprikaconcentraat, zonnebloemolie,
Vlees en gevogelte||119.0|23.0|3.0|1.0|0.0|0.0|0.0|100% rundvlees.
Vlees en gevogelte|Rondade runder|108.07|22.09|2.12|0.01|1.95|0.17|0.01|rundvlees (98 %), zout, kruiden & specerijen.
Vlees en gevogelte|Koen vleeswaren geroosterde rundvlees|122.0|22.9|3.4|1.3|0.3|0.0|0.0|100% rundvlees
Vlees en gevogelte|Kalflever 450g|129.0|21.0|4.2|1.9|0.19|1.9|0.4|Rundvlees.
Hartig broodbeleg|Koolslar|196.0|1.3|17.3|1.3|0.8|7.6|6.9|50% witte kool, koolzaadolie, water, 6% wortel, ui, suiker, natuurazijn, EIGEEL, zout, gemodificeerd zetmeel, bieslook, verdikkingsmiddelen (guarpitmeel, xanthaangom), conserveermiddelen (kaliumsorbaat, natriumbenzoaat), specerijen (MOSTERD), antioxidante
Hartig broodbeleg||196.0|0.6|18.04|1.4|0.42|7.6|5.4|54% Komkommer, water, raapzaadolie, suiker, maïszetmeel, 2% VRIJE-UITLOOPKIPPENEI-EIGEEL, azijn, gemodificeerd maïszetmeel, zout, conserveermiddel: E202/E211, verdikkingsmiddel: E415, bieslook, dille, voedingszuur: E330, peterselie.
Samengestelde gerechten||145.0|2.1|7.8|0.8|0.98|16.0|4.3|aardappel, water, groente (wortel, doperwt), raapolie, suiker, rundvlees, augurk, azijn, zilverui, zout, zetmeel (maïs, aardappel), vrije-uitloopeigeel, specerijen (o.a. mosterd, selderij), gemodificeerd maïszetmeel, conserveermiddel (kaliumsorbaat [E202]
Samengestelde gerechten|Bourgondische salade 1000g|145.0|1.9|7.9|0.8|0.955|15.9|4.2|aardappel 57,9%, water, raapzaadolie, wortel 5,6%, doperwten 3,8%, suiker, augurk 2,3%, rundvleesproduct 2,2% (gekookt rundvlees 1,6%, water, aardappelzetmeel, zout, conserveermiddel: E250), azijn, zilverui, zout, vrije uitloopEIgeel, maïszetmeel, speceri
Kaas|Tovenaarsbrie® klassiek 125 gram|403.0|1.9|39.3|5.1|1.1|9.6|7.7|"koolzaadolie, water, 16% roomkaas

(MELK, room [MELK], microbieel stremsel,

zuursel), 10% verse prei, suiker, 3% verse

peterselie, 2% knoflook, 2% room (MELK),

citroensap, natuurazijn, EIGEEL*, gemodificeerd

zetmeel (maïs, aardappel), zout, verdikking"
Hartig broodbeleg|Boter-kaas salade|353.0|6.8|32.02|6.7|1.37|9.2|4.1|32% Gesmolten kaas (74% kaas (MELK, zout, zuursel, dierlijk stremsel, kleurstof: E160a/E160b), water, maïszetmeel, aardappelzetmeel, smeltzout: E452/E339), water, raapzaadolie, 9% MOSTERD (water, azijn, MOSTERDZAAD, zout, suiker), suiker, maïszetmeel, VRI
Hartig broodbeleg|Groente Knabbelmix|173.0|0.8|16.0|1.4|0.6|6.1|3.6|komkommer 60,5%, koolzaadolie, water, ui, suiker, SCHARRELEIGEEL, maïszetmeel, azijn, zout, gemodificeerd maïszetmeel, dille, conserveermiddelen: E202 en E211, verdikkingsmiddel: E415, MOSTERD (water, MOSTERDzaad, azijn, zout, kurkuma), voedingszuur: citr
Hartig broodbeleg|Knollensalade|130.0|1.2|9.2|0.7|1.25|9.3|7.8|57% knolselderij, water, raapolie, suiker, azijn, magere yoghurt, zout, gemodificeerd maïszetmeel, citroensap, zetmeel (maïs, tapioca), vrije-uitloopeigeel, scharreleigeel, specerijen (o.a. mosterd), conserveermiddel (kaliumsorbaat [E202], natriumbenzoaat
Hartig broodbeleg|Zalmsalade|397.0|10.7|38.0|2.7|1.7|3.3|2.6|TONIJN MSC (40%), raapzaadolie, water, augurk, suiker, EIgeel, azijn, bouillon (bevat: SCHAALDIEREN, VIS, MELK), zout, citroensap, MOSTERD, aardappel, melasse, specerij, specerijextract, groentenextract (erwt, wortel), aroma, stabilisatoren (E412, E415),
Samengestelde gerechten|Vleeskruid salade 425g|152.0|1.5|9.6|1.18|1.45|13.7|3.5|aardappel 51%, rundvlees 11%, water, plantaardige oliën (raapzaad, koolzaad), azijn, ui 3%, wortel 2,8%, suiker, augurk 2%, doperwten 1,6%, zout, maïszetmeel, glucose-fructosestroop, gemodificeerd zetmeel (maïs, aardappel), gehydrolyseerde eiwitten (SOJA,
Hartig broodbeleg|Gerookte forelsalade met kruidenroomkaas 150g|333.0|11.6|29.8|4.4|1.35|4.1|3.7|gekookte roze zalm MSC-gecertificeerd 26,2% (vis), raapzaadolie, roomkaas 15,4% (melk, room [melk], zout, verdikkingsmiddel: E410, zuursel, vegetarisch stremsel), gerookte Atlantische zalm 14,9% (zalm [vis], zout, rook), zilverui, suiker, natuurazijn, sch
Hartig broodbeleg|Slaadjes: Serami Krabbies, Gerookte Zeelt, Sarimi Krevs|392.0|5.5|37.1|2.9|1.59|8.7|2.2|surimi 39% [VIS (koolvis (Theragra Chalcogramma, makreel (Trachurus Murphiyi), Itoyori (Nemipterus spp.), blauwe wijting (Micromesistius Australis), koolzaadolie, Eiwit, water, zout, aardappelzetmeel, suiker, stabilisator: sorbitol, polyfosfaten, aroma (S
Samengestelde gerechten|Nordland vissalade 3 kg|181.0|3.6|11.6|1.1|1.3|14.8|4.0|52% aardappel, 10% gekookte ZALM, plantaardige oliën (raapzaad, zonnebloem), water, azijn, augurk, suiker, tomatenpuree, zilverui, glucose-fructosestroop, zetmeel (maïs, aardappel), zout, gemodificeerd zetmeel (maïs, aardappel), SCHARRELKIPPENEI, SCHARREL
Hartig broodbeleg|Savor vlees|294.0|4.6|26.9|4.5|1.15|8.1|4.8|34% Boterhamworst (87% varkensvlees*, water, aardappelzetmeel, zout, gehydrolyseerd varkenseiwit, MOSTERD (water, MOSTERDZAAD, azijn, zout, specerij, natuurlijk aroma), specerijen, varkenseiwit, dextrose, kruid), water, raapzaadolie, 8% augurk, 5% appel,
Suiker, snoep, zoet beleg en zoete sauzen|Baron zwartzoet fijne salmiak bollen 1000 g|365.0|0.0|0.0|0.0|0.007|91.5|64.5|Suiker, glucosestroop, salmiakzout (4.5%), zoethoutpoeder, zoethoutwortelextract, caramelsuikerstroop, dextrose
Kruiden en specerijen|Sambal inferno picant|288.0|3.6|15.2|1.88|5.66|35.4|9.6|versgemalen pepers 36,5 % (pepers, zout), gemalen uien, plantaardige olie, rawit pepers 6,5 % (rawit, zout, azijn), zout, suiker, stroop, basterdsuiker, sjalotpuree ( sjalot 81.5%, water, zout 3%, voedingszuur E330, stabilisator E412, E415, anti oxidant E
Kruiden en specerijen|Sambal zoet|337.0|3.5|17.8|1.96|4.67|39.1|27.6|gemalen rode pepers 36%, gemalen uien (SULFIET), suiker, basterdsuiker, zonnebloemolie, aroma, laos, sereh, knoflook, conserveermiddel E202, E211, E260
Niet-alcoholische dranken|Mangojuice|51.0|0.4|0.1|0.02|0.005|11.5|11.5|Ananassap uit concentraat, antioxidant: ascorbinezuur, stabilisator: pectinen.
Niet-alcoholische dranken|Tomatenzot|22.0|0.6|0.0|0.0|0.5|4.5|4.0|tomatensap, zout.
Vis, schaal- en schelpdieren|Makreel in olijfolie met limoen|339.0|20.0|29.0|5.6|0.8|0.5|0.5|"SARDINES (70%) (Sardina
pilchardus), olijfolie (24%), citroen (5%), zout."
Vis, schaal- en schelpdieren|Zeeblitsers in zonnebloemolie|219.6|24.6|13.2|3.0|0.5|0.3|0.0|"sardines (VIS) (70%) (Sardina
piclhardus), olijfolie (29%), zout"
Hartige sauzen|Flinko grilljus 3 kg|169.0|0.9|1.4|0.1|1.9|36.0|35.0|Suiker, water, tomatenpuree 14%, azijn, paprikapuree, augurk, wortel, zout, sojasaus (water, sojabonen, tarwe, zout), wijn, ui 1,4%, tarwezetmeel, raapzaadolie, specerijen, verdikkingsmiddelen (guargoom, xanthaangom), uipoeder, dextrose, kruiden, rookarom
Hartige sauzen|Chicken Delight Tropic|70.0|0.5|0.1|0.1|1.1|15.0|13.0|Water, groenten (paprika 6,4 % (groen, rood), wortel 4,3 %, ui, waterkastanje, BLEEKSELDERIJ), ananas op sap 17,1 % (ananas, water, suiker, zuurteregelaar E330), suiker, tomatenpuree, gemodificeerd maïszetmeel, azijn, zout, geconcentreerd ananassap, stabi
Hartige sauzen|Imperial® jippysaus®|304.0|1.1|22.8|1.8|1.3|24.1|20.2|raapolie, water, suiker, uien, voedingszuur (azijnzuur, citroenzuur, melkzuur, natriumlactaat), SCHARRELEIGEEL, gemodificeerd maiszetmeel, TARWEzetmeel zout, maiszetmeel, maltodextrine, conserveermiddelen(E202, E211), verdikkingsmiddel(E412, E415) antioxi
Hartige sauzen|Alvo kokt drizz 250ml|330.0|0.9|31.0|5.0|1.2|12.0|7.0|Sojaolie, tomaten 30%, water, azijn, suiker, EIGEEL (scharrel), gemodificeerd maïszetmeel, glucosestroop, mosterd (water, MOSTERDZAAD, azijn, zout, aroma, specerijen), zout, worcestersaus (water, glucosestroop, moutazijn (GERST), suiker, zout, aroma, ui,
Hartige sauzen|Yorvitz partysaus|331.0|0.6|31.0|2.2|1.3|12.0|9.2|raapolie, water, tomatenpuree, azijn, glucose-fructosestroop, VRIJE UITLOOP EI en VRIJE UITLOOP EIGEEL, suiker, gemodificeerd zetmeel, zout, maiszetmeel, Schotse whisky 0.5%, MOSTERDMEEL, specerijen, voedingszuur: citroenzuur, verdikkingsmiddel: xanthaang
Hartige sauzen|Paddenstoelensaus|174.0|3.3|15.1|3.0|1.6|4.9|0.6|water, zonnebloemolie, groenten (3,3% champignons, ui), VETPOEDER (BOTEROLIE, glucosestroop, MELKEIWIT), gemodificeerd tapioca zetmeel, NATUURLIJKE AROMA'S (bevat MELK), zout, MELKEIWIT, plantaardig vezel (wortel), 1% ROOM (bevat MELK), TARWEBLOEM, appelc
Suiker, snoep, zoet beleg en zoete sauzen|Luchtbaningen|360.0|1.0|0.0|0.0|0.0|89.0|79.0|suiker, glucosestroop, water, dextrose, varkensgelatine, kleurend saffloerconcentraat, natuurlijk aroma.
Suiker, snoep, zoet beleg en zoete sauzen|Kruidenkamp sint nicolaasswals 200 gram|366.0|2.2|0.0|0.0|0.07|89.0|77.0|suiker, glucosestroop, dextrose, gelatine, saffloerconcentraat, aroma's, kleurstoffen: E120, E131. Kan sporen van tarwe (gluten) bevatten.
Suiker, snoep, zoet beleg en zoete sauzen|Snoeperbeer kleurloos figuurschuim 300 gr|366.0|2.2|0.0|0.0|0.07|89.4|77.3|suiker, glucosestroop, dextrose, gelatine, saffloerextract, aroma's, kleurstoffen: E120, E131. Gemaakt in een bedrijf waar ook gluten verwerkt worden.
Gebak en koek|Choco mini knuffels|425.0|4.0|16.0|9.5|0.2|65.0|52.0|glucose-fructosestroop, suiker, water, cacaoboter, cacaomassa, tarwebloem, weipoeder, mageremelkpoeder, roompoeder, 1% scharrelei-eiwitpoeder, bevochtigingsmiddel (sorbitol [E420]), vollemelkpoeder, emulgator (lecithine [E322], polyglycerolpolyricinoleaat
Groente|Knorrelselderij||||||||
Alcoholische dranken|Vantroff fino sherry - 0,75l||||||||Bevat sporen van Sulfiet.
Suiker, snoep, zoet beleg en zoete sauzen|Berkensiroop|348.0|0.0|0.0|0.0|0.01|87.0|87.0|Natuurlijke esdoornsiroop 100%
Groente|Valtana sla 250g|13.0|1.4|0.4|0.1|0.02|0.3|0.3|romaine sla.
Groente|Grasveld Mix|17.0|2.4|0.2|0.0|0.008|0.7|0.0|"Veldsla.

Dit product kan sporen van SELDERIJ bevatten."
Groente|Weidelies 85g|16.0|2.0|0.2|0.0|0.01|0.7|0.0|veldsla.
Niet-alcoholische dranken|Fruitbom Smoothie 100% Aardbei Framboos Zwarte Bes Appel Banaan 750 ml|60.0|0.7|0.1|0.0|0.1|13.3|11.6|40% appelsap, 28% bananenpuree, 14% aardbeienpuree, 8% frambozenpuree, 5% zwarte bessenpuree, 5% sinaasappelsap
Niet-alcoholische dranken|Tropiswish mango drink 250 ml|56.0|0.5|0.2|0.0|0.0|12.8|11.9|Mangopuree 25%, appelsap* 20%, bananenpuree 20%, druiven- 16% en mandarijn- 15% en passiervruchtensap* 4%, *Uit concentraat.
Niet-alcoholische dranken|Smoothie winterpeer 500ml|64.0|2.1|0.3|0.1|0.027|12.9|11.5|stoofperenpuree 30%, perensap 25%, yoghurt 17,3% (MELK), appelsap 13%, bananenpuree 10%, agavesiroop 3%, bietensap 1,5%, kaneelpoeder 0,2%, antioxidant: E300.
Niet-alcoholische dranken|Tropicale Mango Sinaasappel Banaan Appel Ananas|64.0|0.8|0.2|0.0|0.005|14.2|12.6|37% mangopuree, 27% sinaasappelsap, 17% bananenpuree, 13% appelsap, 6% passievruchtsap, antioxidant: ascorbinezuur.
Niet-alcoholische dranken|Tropische mango-genot 0,5l|64.0|0.8|0.2|0.0|0.005|14.2|12.6|37% mangopuree, 27% sinaasappelsap, 17% bananenpuree, 13% appelsap, 6% passievruchtsap, antioxidant: ascorbinezuur.
Kruiden en specerijen|Kruunox soepje asperello 520 ml|42.0|0.9|2.0|1.1|0.86|5.2|1.3|Aardappelzetmeel, palmvet, glucosestroop, asperge¹ 9,6%, zout, croutons 7,1% (witbrood (TARWEBLOEM, zout, gist), palmvet, gisthydrolysaat, MELKSUIKER, zout, MELKWEI, specerijen (bevat MOSTERD), gistextract, KAAS (Emmental), uipoeder, aroma, antioxidant: r
Kruiden en specerijen|Zefo cup a soup penne & paprika crème 2x200 ml|59.0|1.7|0.5|0.2|0.85|12.0|3.2|"Deegwaar 41% (durum TARWEGRIES, EIWIT), tomaat¹ 21%, aardappelzetmeel, suiker, glucosestroop, gejodeerd zout, MELKWEI, maltodextrine, palmvet, MELKSUIKER, gistextract, TARWEBLOEM, knoflook, zout, tijm.

¹ tomaten op duurzame wijze geteeld.

Kan selderij,"
Kruiden en specerijen|Sipsoep kipfilet|263.0|22.2|3.7|0.8|33.4|35.0|11.7|Smaakversterker: E621, zout, aardappelzetmeel, glucosestroop, aroma's (EI, SOJA, TARWE), 5,5% kippenvleespoeder, gistextract, gehydrolyseerd maïs- en SOJAEIWIT, ui, kruiden en specerijen, raapzaadolie, voedingszuur: citroenzuur.
Kruiden en specerijen|Kruidensoep Drinkmix|238.0|21.6|2.2|0.2|35.9|32.3|22.1|Zout, smaakversterker: E621, glucosestroop, gistextract, gehydrolyseerd SOJA-EIWIT, 4% kruiden (peterselie, basilicum, bieslook, oregano, dragon, tijm), aardappelzetmeel, ui, tomaat, raapzaadolie, aroma (SELDERIJ), peper, rozemarijnextract.
Soepen|Goulashpotje|51.0|2.0|1.5|0.2|0.75|7.0|2.0|water, groente (4,5% groene paprika, 2,5% rode paprika, ui), puree (tomaat, ui, 1% rode paprika), 4,5% rundvlees(b), 4% aardappel, gemodificeerd maïszetmeel, tarwebloem, durumtarwegriesmeel, raapolie, suiker, zout, specerijen, extract (rundvlees, paprika)
Soepen|Erwtenpot met rooksmaak|78.0|5.3|2.8|1.0|1.2|10.8|1.8|water, spliterwten, rookworst (8%)(varkensvlees), TARWEgries, zout, specerijen (bevat koriander), kleurstof (E162), gistextract, geraffineerde sojaolie, conserveermiddelen (E262, E250), antioxidanten (E316, E331, E392, E300), rookaroma, natuurlijk aroma,
Soepen|Stralende kippenbouillon 2l de smakfabriek|30.0|2.1|1.6|0.3|0.88|1.6|1.2|water, 8,1% gegaarde kip [49,0% kipfilet, 49,0% kippendijvlees, zout, aroma, maltodextrine, suiker, gistextract, aardappelzetmeel, kippenvet, kruiden, specerijen, ui, conserveermiddel (natriumacetaat), zuurteregelaar (calciumlactaat), citroenzuur, voeding
Soepen|Henrika Soep|34.0|2.5|1.1|0.2|0.8|3.2|0.4|water, kippenvlees* (5,7%), gegaarde vermicelli (4,5%) (water, harde tarwezetmeel, ei), wortels, prei, gemodificeerd maïszetmeel, zout, smaakversterkers (E621), kippenvet, raapzaadolie, aroma's, (bevat ei, melk, selderij), gistextract, specerijen, (bevat
Soepen|Brouwien soep smeuïge kip 575 ml|38.0|2.0|1.6|0.5|0.72|3.6|0.8|Ingredients: Water, carrot, chicken (4.5%), leek, CELERY (2.5%), cheese (BUTTERMILK, CREAM, MILK powder, salt, garlic, herbs, MILK proteins, pepper, starter culture), modified corn starch, WHEAT flour, shallots, rapeseed oil, salt, BUTTERMILK powder, yeas
Vlees en gevogelte|Kraas kip hapjes 200g|196.0|10.0|15.5|5.9|1.73|4.0|0.1|Soepballen (varkensvlees 82%, rundvlees 7%, aardappelzetmeel, zout, specerijen, gehydrolyseerd maïs eiwit, stabilisatoren: E451, E452, uienpoeder), Bouillon (water, zout, aroma, maltodextrine, gistextract, rundvleesextract, specerijen, raapzaadolie), voll
Gebak en koek|Schuimbom|403.39|3.474|31.722|18.831|0.154|26.84|22.305|slagroom (56%) [slagroom (MELK), suiker, emulgator (E471), stabilisator (E407)], soes [EI, water, maiszetmeel, plantaardige olie (raapzaad), plantaardig vet (palm), TARWEzetmeel, gehard plantaardige vet (palm), weipoeder (MELK), glucosestroop, MELKpoeder
Gebak en koek|Kremblossjes|310.0|4.5|24.0|16.0|0.1|19.0|13.0|61% slagroom, scharrelei, suiker, tarwebloem, palmolie, emulgator (E471), maïszetmeel, stabilisator (E407), Bourbonvanille-extract.  Zout is enkel afkomstig uit natuurlijk voorkomend natrium.
Hartige snacks en zoutjes|Knijpende kaas-peterselie soesjes|645.0|11.0|53.0|29.0|1.5|31.0|7.5|plantaardige olie (palmpit, raap, palm, zonnebloem), bloem (rijst, tarwe), scharrelei, weipoeder, zetmeel (rijst, tarwe, aardappel), melk, room, stabilisator (sorbitol), paneermeel (tarwe), specerijen, zout, droge melkbestanddelen, zure room, kruiden (o.a
Hartige snacks en zoutjes|Knisperende kaas-prei hapjes|645.0|11.0|53.0|29.0|1.5|31.0|7.5|plantaardige olie (palmpit, raap, palm, zonnebloem), bloem (rijst, tarwe), scharrelei, weipoeder, zetmeel (rijst, tarwe, aardappel), melk, room, stabilisator (sorbitol), paneermeel (tarwe), specerijen, zout, droge melkbestanddelen, zure room, kruiden (o.a
Graanproducten en bindmiddelen|Goldig vullend spaghetti 500 g|335.0|11.0|1.5|0.1|0.03|64.0|3.5|"TARWEGRIESMEEL, TARWEVEZELS

Kan sporen bevatten van KIPPENEI.

Kan sporen bevatten van kippenei."
Gebak en koek|Rb. heerlijk gevulde koekjes|432.0|7.5|21.0|6.5|0.5|51.7|35.4|46% amandelspijs (21% AMANDELEN, suiker, scharrelKIPPENEI, stabilisator: E420, verdikkingsmiddel: E415, citrusvezel, natuurlijk citroenaroma, water), TARWEbloem, suiker, 11% roomboter (MELK), 5% AMANDELEN, invertsuikerstroop, scharrelKIPPENEI, 0,7% specul
Gebak en koek|Karamelboter speculaas met hazelnootspijs|439.0|7.7|21.4|8.1|0.38|53.1|34.4|suiker, 22% AMANDEL, TARWEBLOEM, roomboter (MELK), SCHARRELEI, stabilisator: E422/ sorbitolen, 1,5% AMANDELSCHAAFSEL, water, kruiden en specerijen: kaneel/ kruidnagel/ nootmuskaat/ piment/ gember/ korianderzaad/ foelie/ kardemom, glucose-fructosestroop, r
Vleeswaren|Natuurlijke boerenham 85gr 3plk|309.0|15.0|27.0|10.0|2.2|1.5|0.4|"95% varkensvlees*, natuurlijk aroma, zout, conserveermiddel: E250, antioxidant: E331, dextrose*, rook. 
* = van biologische oorsprong"
Vleeswaren|Kattenspek|316.0|15.0|28.0|9.0|2.4|0.9|0.9|87% varkensvlees*, water, zout, voedingszuur (natriumlactaat [E325]), rietsuiker*, stabilisator (natriumcitraat [E331]), groentepoeder (wortel*, pastinaak*, tomaat*), kruiden*, natuurlijk aroma, conserveermiddel (natriumnitriet [E250]), zuurteregelaar (na
Vleeswaren|Keistenspek|305.0|17.0|25.0|10.0|2.5|3.0|2.5|94% varkensvleesª, zout, dextrose, stabilisator (xanthaangom, E451), varkenseiwit, gistextract, suiker, antioxidant (E316, E331), specerijen, specerijenextract, rookaroma, aroma, conserveermiddel (E250), rook. ªBeter Leven keurmerk 1 ster.
Vleeswaren|Zilt Zeeuws spek 7x|175.76|18.49|8.89|3.3|2.54|5.16|1.18|varkensvlees (90%), water, nitrietzout (zout, conserveermiddel E250), voedingszuur (E326), aroma (SOJA), melasse, stabilisator (E262, E451, E331), kruiden (paprikapoeder, koriander, gember, foelie), glucosestroop, gehydrolyseerd eiwit (SOJA), keukenzout,
Diversen|Prof. Groentebakker marsepeinkoek|450.0|8.0|24.0|2.5|0.06|50.0|46.0|"AMANDELEN 46%, suiker, water, bevochtigingsmiddel (E422), verdikkingsmiddel (E415), aroma, conserveermiddel (E202), voedingszuur (citroenzuur)

Kan sporen van melk, ei, soja en tarwe (gluten) bevatten."
Niet-alcoholische dranken|Energiedrank bramen 500ml|28.0|0.0|0.0|0.0|0.08|6.9|6.9|Water, suiker, voedingszuur: citroenzuur, conserveermiddelen: E202 en E211, zuurteregelaars: E331, E340 en E341, natuurlijk aroma, natriumchloride, stabilisatoren: arabische gom en E445, vitaminen: E, niacine (B3), pantotheenzuur (B5), B6 en biotine (B8),
Hartig broodbeleg|VanLoom broodbeleg delikate kruiden 300 g|215.0|1.8|16.0|1.1|2.0|16.0|14.0|Groenten 45% (bloemkool, KNOLSELDERIJ, witte kool 10%, koolraap, ui 4,0%), raapzaadolie, water, suiker, tomatenpuree, weipoeder (MELK), azijn, mosterd (water, MOSTERDZAAD, azijn, zout, specerijen), zout, gemodificeerd zetmeel, aroma's, tuinkruiden (basili
Hartig broodbeleg|Hendrik's broodspread mediterranee 300 g|200.0|1.6|14.0|1.0|1.5|16.0|15.0|Groenten 42% (wortel, witte kool, ui 7,0%, rode paprika 5,1%), raapzaadolie, tomatenpuree 11%, suiker, sinaasappelsap, azijn, weipoeder (MELK), knoflook, gemodificeerd zetmeel, basilicum, chilipeper, zout, aroma's (bevatten SELDERIJ), kruiden- en specerij
Gebak en koek|Chocoladeflitsers|489.0|5.33|27.0|14.53|0.35|54.89|26.86|TARWEBLOEM, plantaardige olie (palm, kokos, raapzaad), 18% chocolade (cacaomassa, suiker, MELKVET, plantaardig vet (sal, palm, shea, mango, in wisselende verhoudingen), cacaoboter, emulgator: E322 (SOJA)/E476, aroma), suiker, SCHARRELEI-EIPOEDER, invertsu
Gebak en koek|Smeuïge spritsen boterkoekjes|485.0|4.5|27.0|18.0|0.5|55.0|24.0|tarwebloem, 32% roomboter, suiker, invertsuiker, weipoeder, zout, dextrose, gemodificeerd aardappelzetmeel, mageremelkpoeder, rijsmiddel (natriumcarbonaat [E500]), natuurlijke aroma's (melk), kleurstof (caroteen [E160a]), maïszetmeel.
Brood|Fm - brood - feest stol 450g (kerst/pasen)|343.0|9.0|10.3|1.9|0.59|51.0|27.7|TARWEBLOEM, 23% rozijnen, 22% amandelspijs (42% AMANDELEN, suiker, stabilisator: E420, water, SCHARRELKIPPENEI-EIWIT, SCHARRELKIPPENEI, verdikkingsmiddel: E466, natuurlijk aroma), water, 5% AMANDELEN, bakkersgist, 2,5% appel, 2,5% krenten, TARWEGLUTEN, de
Brood|Winterbrood 800 gram in verpakking|323.7|7.097|5.429|1.642|0.809|59.282|35.665|TARWEbloem, rozijnen (28%), amandelspijs (14%) [suiker, AMANDELEN, water, EI-EIwit, glucosestroop, EI, citroenvezel, aroma (citroen)], krenten (7%), water, geconfijte vruchten (3%) [glucose-fructosestroop, meloen (SULFIET), sinaasappelschil, suiker, citro
Brood|Winterstol 850 gram in tas|330.45|7.124|6.124|1.713|0.767|59.378|36.764|TARWEbloem, rozijnen (27%), amandelspijs (18%) [suiker, AMANDELEN, water, EI-EIwit, glucosestroop, EI, citroenvezel, aroma (citroen)], krenten (7%), water, geconfijte vruchten (3%) [glucose-fructosestroop, meloen (SULFIET), sinaasappelschil, suiker, citro
Brood|Solo feest enkelvoudig broodje marsepeinvulling|322.93|6.901|5.361|1.719|0.79|59.477|36.235|TARWEbloem, rozijnen (27%), amandelspijs (13%) [suiker, AMANDELEN, water, EI-EIwit, glucosestroop, EI, citroenvezel, aroma (citroen)], krenten (7%), water, Poedersuiker (4%) [dextrose, TARWEzetmeel, antiklontermiddellen (E170, E470a), plantaardig vet (pal
Brood|Mono feest eenpersoons stol kaneelspijs|321.31|7.203|5.342|1.615|0.824|58.763|34.972|TARWEbloem, rozijnen (28%), amandelspijs (14%) [suiker, AMANDELEN, water, EI-EIwit, glucosestroop, EI, citroenvezel, aroma (citroen)], krenten (7%), water, geconfijte vruchten (3%) [glucose-fructosestroop, meloen (SULFIET), sinaasappelschil, suiker, citro
Brood|Krentenkornel spijs|316.39|10.01|8.74|0.97|0.58|53.69|32.64|rozijnen(33%), TARWEbloem, water, suiker, AMANDELEN(6%), gist, weipoeder(MELK), EI, bakkerszout, SOJAbloem, glucosestroop, dextrose, GERSTemoutmeel, enzymen(TARWE), veldbonenmeel, Stabilisator(E420, E415), Plantaardige Olie(raapzaad, katoenzaad), Geheel G
Brood|Kruid rozijnenbrood 1 plak verpakt|309.12|7.574|5.356|1.09|0.891|55.482|31.182|TARWEbloem, rozijnen (26%), amandelspijs (18%) [suiker, AMANDELEN, water, EI-EIwit, glucosestroop, EI, citroenvezel, aroma (citroen)], water, krenten (7%), gist, TARWEgluten, dextrose, bakkerszout, plantaardig vet (palm), weipoeder (MELK), TARWEzetmeel, e
Brood|Snoeprozijntjesbrood (35%) fijn gesneden|277.87|6.93|4.64|1.21|0.7|51.94|29.01|TARWEbloem, rozijnen, water, suiker, AMANDELEN, gist, TARWEgluten, ei, Emulgator(E471, E481, E472e), weipoeder(MELK), bakkerszout, dextrose, Geheel Gehard Plantaardige Vet(palm), ROGGEbloem, Plantaardige Olie(raapzaad, zonnebloem), Aroma(aroma), citroenve
Brood|Trof 1000 gram bliek|301.53|7.92|8.49|2.86|1.66|48.96|30.57|rozijnen, TARWEbloem, water, AMANDELEN, suiker, krenten, gist, EI, CASHEWNOTEN, dextrose, TARWEgluten, botervet(MELK), HAZELNOTEN, abrikoos(SULFIET), wei-eiwit (concentraat)(MELK), bakkerszout, weipoeder(MELK), SOJAbloem, glucosestroop, TARWEzetmeel, ROGG
Vlees en gevogelte|De Pluimveemarkt struisvogelsteak ca. 260 g|102.0|22.0|0.6|0.2|0.0|0.0|0.0|Struisvogelvlees
Vis, schaal- en schelpdieren|Zeemeeuw snipsels|129.0|7.3|4.9|0.4|1.875|14.5|5.4|40% Surimi (38% Alaska KOOLVIS en/of Pacifische heek (VIS) en/of Hoki (VIS) (Theragra chalcogramma* en/of Merluccius productus* en/of Macruronus magellanicus**), stabilisator: E420/E450/E451/E452), water, gerehydrateerd SCHARRELKIPPENEI - EIWITPOEDER, zet
Samengestelde gerechten|Hartige taart met boerengeit en veldspinazie|244.0|8.9|17.3|8.0|0.97|12.7|1.1|EI (scharrel), 17% spinazie, TARWEBLOEM (TARWEBLOEM, TARWEGLUTEN), 14% geitenkaas (GEITENMELK, zout, melkzuurfermenten, stremsel), margarine (plantaardige oliën (koolzaad en zonnebloem, in wisselende verhoudingen), plantaardige vetten (palm en kokos, in w
Gebak en koek|Sugary lane berry delight cake 2.5 kilogram|355.0|5.0|25.0|15.0|0.63|27.0|19.0|ROOMKAAS (38,21%) [MELK, ROOM (MELK), cultuur, zout, emulgator: E410, stabilisatoren:E415, E412], wit suikergoed [suiker, palmpittenolie, palmolie, MELKSERUM, magere MELK, emulgator:E322 (SOJA), puur vanilla], SCHARRELEIEREN, suiker, TARWEMEEL, margarine
Suiker, snoep, zoet beleg en zoete sauzen|Cacao luchtsticks|430.0|2.6|8.1|7.4|0.1|86.5|85.5|suiker, cacaofantasie (suiker, gehard palmpit- en kokosvet, weipoeder (MELK),magere cacaopoeder, stabilisator: E492, emulgator: SOJAlecithine,  natuurlijk vanille aroma), scharrelkippenEI- EIWIT, cacaopoeder, glucosestroop, zuurteregelaar: citroenzuur.
Gebak en koek|Fleur fruitgebak 2 stuks|165.53|0.21|6.75|4.25|0.27|23.75|14.43|Fruit divers (SULFIET), water, slagroom (MELK), suiker, SCHARRELEI, TARWEBLOEM, gemodificeerd zetmeel(E1414), frambozen, TARWEZETMEEL, glucosestroop, glucose-fructosestroop, lactose (MELK), emulgator(E472b, E477, E472a, E471, E322) (SOJA), magere MELKpoed
Gebak en koek|Patisserie van der Linden koffiesnede 400 g|313.0|4.8|19.0|10.0|0.26|31.0|22.0|Room (40%), ei, tarwebloem, suiker, toffeesaus (7%) (suiker, glucose-fructosestroop, gesuikerde gecondenseerde melk, plantaardig vet (palm), water, karamelsuiker, geleermiddel pectine, emulgator mono- en diglyceriden van vetzuren, natuurlijk aroma, zout),
Hartige sauzen|Luc Olivier tapanade donkere olijven|376.0|2.0|38.8|4.3|3.1|4.1|2.5|52% zwarte olijven, zonnebloemolie, tomaat, zout, knoflook, azijn, paprika, witte peper, voedingszuur: citroenzuur, ascorbinezuur. JeanBâton Zwarte Olijven Tapenade kan sporen van pinda en noten bevatten.
Hartige sauzen|Paprikatapenade 150g|383.0|4.3|32.1|3.8|3.08|17.3|3.6|zonnebloemolie, zongedroogde tomaat (zongedroogde tomaat 27%, zout, conserveermiddel: E223 [SULFIET]), tomatenpuree 20%, water, groene olijf (groene olijf, water, zout, antioxidant: melkzuur), kappertjes (kappertjes, water, zout, natuurazijn), balsamicoaz
Brood|Krokant Gersteschijfjes|397.0|15.2|7.7|1.8|2.0|62.4|2.5|VOLKORENTARWEMEEL(88%), SESAMZAAD (7%), gist, zout, GERSTEMOUTMEEL, emulgatoren: E481 en SOJALECITHINE. Kan sporen van melk bevatten.
Vis, schaal- en schelpdieren|Zalmmofilet|115.0|17.9|4.8|2.5|0.13|0.0|0.0|Tilapia (VIS) (Oreochromis spp., gekweekt in Indonesië, kweekmethode: kweekvijvers, vis afkomstig uit een ASC-gecertificeerde, verantwoorde kwekerij, zie www.asc-aqua.org, ASC-C-00004).
Vis, schaal- en schelpdieren|Zalmpiafilet|115.0|17.9|4.8|2.5|0.13|0.0|0.0|Tilapia (VIS) (Oreochromis spp., gekweekt in Indonesië, kweekmethode: kweekvijvers, vis afkomstig uit een ASC-gecertificeerde, verantwoorde kwekerij, zie www.asc-aqua.org, ASC-C-00004).
Melk en melkproducten|Tiraluna|245.0|5.0|11.0|9.5|0.2|29.0|18.0|gerehydrateerde magere melk, glucosestroop, room, suiker, kokosolie, melk, tarwebloem, vrije-uitloopeigeel, vrije-uitloopei, gedroogde magere melk, 1,7% alcohol, 1,5% marsala wijn, 0,8% koffiepoeder, 0,7% cacaopoeder, gelatine, maïszetmeel, citroenvezel,
Melk en melkproducten|Vanilleraumertje|93.0|2.5|3.0|2.0|0.1|14.0|12.0|magere melk, water, 10% room, suiker, gemodificeerd maïszetmeel, fructosestroop, kleurstof (caroteen [E160a]), vanillearoma, verdikkingsmiddel (carrageen [E407]), varkensgelatine, melkeiwit, zout.
Suiker, snoep, zoet beleg en zoete sauzen|Côte Chocolaar 500g puur ea|460.0|2.4|18.5|12.0|0.21|69.0|51.0|Suiker, glucosestroop, cacaomassa, palmolie, cacaoboter, volle MELKPOEDER, lactose (van MELK), magere cacaopoeder, emulgatoren (SOJALECITHINE, zonnebloemlecithine), zout, voedingszuur (mononatriumcitraat), aromas. KAN NOTEN BEVATTEN.
Groente|EcoFresh trosjuwelen|21.0|0.7|0.4|0.3|0.02|2.9|2.9|"Trostomaat*.
* van biologische oorsprong"
Groente|Sterrentomaten|25.0|0.8|0.1|0.0|0.003|4.3|4.3|Trostomaten.
Groente|Zonnetomaten|25.0|0.8|0.1|0.0|0.003|4.3|4.3|Trostomaten.
Gebak en koek|Koraal strepenkoekjes 4 stuks|335.0|4.6|17.9|11.9|0.48|38.6|22.7|magere MELK, suiker, TARWEBLOEM, plantaardig vet (palm), water, room (MELK), plantaardige olie (raapzaad, palm), glucosestroop, gelatine (varkens),  maltodextrine, slagroom (MELK), gehard plantaardig vet (palm), emulgatoren (E433, E471), zout, abrikoos, v
Groente|Zongevlamde paprikastukjes op zonnebloempasta|191.0|5.1|14.1|1.9|4.0|8.0|7.5|49% Zongedroogde tomaten, 44% zonnebloemolie, zout, kappertjes, rode wijnazijn, voedingszuur: citroenzuur, tijm, antioxidant: ascorbinezuur, knoflook.
Fruit|Lutti frutti|287.0|2.5|0.5|0.1|0.025|64.3|47.3|"50% Pruimen, 20% abrikozen, 10% perziken, 10% peren, 10% appelen, zonnebloemolie, conserveermiddel: E220 (SULFIET), voedingszuur: E200.

Dit product kan sporen van PINDA'S en NOTEN bevatten."
Hartige sauzen|Blitzitori|123.0|3.6|8.3|6.8|1.0|8.4|4.0|84% melkbereiding (magere MELK, kokosvet, MELKEIWIT, gemodificeerd maïszetmeel, geleermiddel: agar-agar, pectine, yoghurtculturen),14% komkommer, azijn, gejodeerd zout, knoflook, uien, peper, verdikkingsmiddel: xanthaangom/johannesbroodpitmeel, dextrose,
Groente|Kruiden ui salade||||||||
Vlees en gevogelte|Roodworst|281.0|9.2|18.6|6.9|2.2|18.2|0.7|varkensbouillon, boekweitmeel, varkensspek 18,3%, varkenszwoerd 18,3%, varkensbloed 12,2%, zout, dextrose, specerijen, kruiden, aroma, gistextract, antioxidant(E316), suiker, conserveermiddel(250).
Vleeswaren|Grillandeau|120.0|24.0|2.4|0.8|1.3|0.5|0.5|varkensvlees 98%, voedingszuur: E325, zout, aardappelvezels, bamboevezels, gehydroliseerd koolzaadeiwit, stabilisatoren: E451 en E452, dextrose, kruiden, specerijen, water, zonnebloemolie.
Vlees en gevogelte||176.328|19.802|10.548|3.546|1.646|0.474|0.383|varkensvlees 98,3%, zout, paprikapoeder, witte peper, dextrose, antioxidanten: E301 en E300, nootmuskaat.
Vlees en gevogelte|Varkensbuffet mager mild gekruid 1pk|186.0|16.747|12.727|3.798|1.369|1.07|0.259|97% varkensvlees, zout, voedingszuur (E325), specerijen (koriander, peper, gember, foelie, kardemom, chilies, kruidnagel), glucosestroop, dextrose, natuurlijke aroma, antioxidant (ascorbinezuur), antioxidanten (E301, E331iii).
Vlees en gevogelte|Varkensfilet 2st/300g|105.0|22.4|1.7|0.8|0.228|0.0|0.0|varkensvlees.
Vlees en gevogelte|Heupkarbonade|150.0|23.0|6.5|2.5|0.1|0.0|0.0|
Vlees en gevogelte|Schnitzel sambal 1blk|300.0|10.5|20.0|6.6|1.56|18.9|5.8|"varkensvlees (Beter Leven keurmerk 1 ster) (47,0%), satésaus (23,0%) (water, gemalen PINDA'S, suikerstroop, suiker, azijn, zonnebloemolie, SOJASAUS (water, SOJABONEN, TARWE, zout), gehydrolyseerd SOJA- en maiseiwit, MELKEIWIT, aroma's, zout,
gemodificeerd"
Vlees en gevogelte|Haassteak 1plus|156.0|23.2|7.0|2.8|0.128|0.0|0.0|"100% varkensvlees*.
* = Beter Leven keurmerk 1 ster.
Dit product kan sporen van gluten, soja, melk, selderij en mosterd bevatten."
Vleesvervangers en zuivelvervangers|Tarlenzo veggie paté classic|216.0|4.6|17.0|13.5|1.5|10.0|0.5|drinkwater, kokosvet*, tofu* (water, SOJAbonen*, verstevigingsmiddel: calciumsulfaat), aardappelzetmeel*, voedingsgist* gedroogd, tomatenpuree*, plantaardig eiwit uit zonnebloempitten*, zeezout, specerijen* (met SELDERIJ*), zonnebloemolie*, appelsapconcen
Groente|Lentel|17.0|1.0|0.0|0.0|0.028|2.0|2.0|Venkel.
Groente|Zenkel|17.0|1.0|0.0|0.0|0.028|2.0|2.0|Venkel.
Groente|Fenockel|16.0|0.9|0.2|0.0|0.024|1.5|1.4|Venkel
Kruiden en specerijen|Kruidenlook|58.0|3.6|0.7|0.0|0.08|8.5|0.0|Bieslook.
Kruiden en specerijen|Klaaserkruid|30.0|4.0|0.0|0.0|0.1|1.0|1.0|peterselie  Zout is enkel afkomstig uit natuurlijk voorkomend natrium.
Kruiden en specerijen|Kromme kervel|30.0|4.0|0.0|0.0|0.063|1.0|0.0|Peterselie.
Fruit|Fijne Vijgen 240gr|243.0|3.6|0.2|0.1|0.11|54.2|39.0|vijgen, conserveermiddel: E202.
Melk en melkproducten|Hofmaker vla-dessert mandarijn|89.0|1.8|1.8|1.3|0.12|16.2|13.4|MELK, suiker, wei (MELK), gemodificeerd maïszetmeel, verdikkingsmiddel (carrageen), aroma, kleurstof (annatto, karmijn).        In de fabriek worden gluten verwerkt.
Melk en melkproducten|Havenvelde vla-dessert karamel|90.0|1.8|1.8|1.3|0.12|16.5|13.4|MELK, suiker, wei (MELK), gemodificeerd maïszetmeel, verdikkingsmiddel (carrageen), aroma, kleurstof (annatto).         In de fabriek worden gluten verwerkt.
Melk en melkproducten|Melkmeester vla-fijn!® koekjes 6 x 170 g|137.0|3.4|4.5|2.6|0.25|21.0|14.0|Vanillevla [melk, suiker, gemodificeerd maïszetmeel, magere melkpoeder, kleurstof (carotenen), natuurlijk bourbon vanille-aroma, natuurlijk aroma, verdikkingsmiddel (carrageen), zout], 11% koekjes [tarwebloem, suiker, palmolie, fructose, dextrose, tarweze
Gebak en koek|Perziken roostergebak half|197.5|3.6|3.3|1.6|0.5|40.0|22.7|38% abrikozen, TARWEBLOEM, water, suiker, gezoete gecondenseerde MELK, gemodificeerd mais zetmeel, glucose-fructosestroop, plantaardige vetten (palmkokos), plantaardige oliën (raapzaad, palm), gist, dextrose, vitamine A en D3, zout, kleurstof: E160a, emul
Gebak en koek|Perzikken taart vol|176.0|2.4|1.9|0.9|0.36|36.8|21.2|38% abrikoos, water, TARWEBLOEM, suiker, gemodificeerd maïszetmeel, palmolie, glucosestroop, gist, rijsmiddel: E450/E500, glucose-fructosestroop, verstevigingsmiddel: E509, lactose (MELK), palmvet,zetmeel (aardappel, tapioca), verdikkingsmiddel: E412/E414
Gebak en koek|Aardbei vlaai 22cm|186.0|2.5|2.0|0.9|0.38|39.2|20.5|water, 23% kersen, suiker, TARWEBLOEM, gemodificeerd maïszetmeel, palmolie, glucosestroop, gist, rijsmiddel: E450/E500, glucose-fructosestroop, palmvet, lactose (MELK), verdikkingsmiddel: E412/E414, zetmeel (aardappel, tapioca), zout, zuurteregelaar: E330
Gebak en koek|Kokosmelk taart slagroom half|242.36|4.16|13.8|9.12|0.22|25.24|20.97|MELK (halfvolle), room(MELK), suiker, TARWEbloem, rijst, water, EI-EIwit, MELK, EIgeel, cacaomassa, plantaardig vet (palm), cacaoboter, MELKvet, cacaopoeder (magere), MELK (magere), zout, gist, glucosestroop, plantaardige olie (raapzaad), plantaardig vet
Gebak en koek|S.b. frambozen room vlaai|189.16|2.03|10.83|8.02|0.11|21.0|17.8|room(MELK), MELK (magere), suiker, water, glucose-fructosestroop, EI, Plantaardige Olie(raapzaad), aardbeienpuree, ROGGEmout (geroosterd), TARWEbloem, TARWEzetmeel, gelatine, Geleermiddel(E440), glucosestroop, Aroma(aroma), Conserveermiddel(E202), Emulgat
Gebak en koek|Vlaaska apricot royale ongesnipt|213.1|4.12|4.58|2.29|0.34|37.92|27.04|TARWEbloem, abrikoos, suiker, water, MELK, glucosestroop, fructosestroop, gist, zout, dextrose, Gemodificeerd Zetmeel(E1442), Plantaardig Vet(palm, kokos), Plantaardige Olie(zonnebloem, raapzaad), Geleermiddel(E440), Emulgator(E471), Natuurlijk Aroma(natu
Samengestelde gerechten|Boki panyang|162.92|5.64|5.05|1.95|0.78|23.39|20.57|Pangangsaus (57%)(suiker, tomatenpuree, natuurazijn, gemodificeerd maïszetmeel, soja saus (SOJA, GLUTEN) (sojabonen (SOJA), tarwe (GLUTEN)), verdikkingsmiddel (E412, E410, E415), raapolie, conserveermiddel (E211, E202)), varkensvlees (27%), water, zout, c
Vlees en gevogelte|Jan de Boer & Zoon Kesbeke Royale Ganslever 65 g|458.0|9.8|46.1|15.2|1.1|2.1|2.1|Eendenvet, eendenlever, water, witte port, armagnac, suiker, zout, peper, antioxidant: E301, conserveermiddel: E250
Fruit|Joyful folks blauwe bessen in lichte siroop 340g|73.0|0.5|0.5|0.1|0.01|15.0|15.0|bosbessen, water, suiker, citroenzuur.
Fruit|Koning Pruim|103.0|0.5|0.0|0.0|0.02|23.0|23.0|pruimen, water, suiker, gebrande suiker, voedingszuur (citroenzuur), antioxidant (ascorbinezuur).
Niet-alcoholische dranken|Zonavita groenensap|20.0|1.0|0.5|0.1|0.6|3.5|3.5|tomaten* 84,2%, melkzuur gefermenteerd sap (wortel* 3,5%, biet* 3,5%, komkommer* 3%, SELDERIJ* 3%, zuurkool*, ui*, dille*), basilicum*, zeezout, kruiden*. *ingrediënt van biologische teelt.
Niet-alcoholische dranken|Donkere bessen elixer|51.0|0.3|0.0|0.0|0.01|12.0|12.0|water, 25% zwarte bessensap, suiker.
Gebak en koek|Galetto wafels|480.0|7.5|21.0|9.0|1.0|64.0|31.0|tarwebloem, suiker, palmvet, scharrelei, raapolie, sojabloem, zout, rijsmiddel (difosfaat [E450], natriumcarbonaat [E500], ammoniumcarbonaat [E503]), emulgator (sojalecithine [E322], mono- en diglyceriden van vetzuren [E471]), natuurlijk aroma, tarwezetme
Gebak en koek|Drou drou wefles|535.0|4.4|32.0|18.0|0.42|57.0|36.0|70% Crème (palmvet, suiker, lactose (MELK), dextrose, volle MELKPOEDER, weipoeder (MELK), vanillesuiker (suiker, vanille), zout, voedingszuur: citroenzuur), TARWEBLOEM, kokosolie, vrije uitloop KIPPENEI-EIGEEL, emulgator: raapzaadlecithine, zout, kleursto
Gebak en koek|Butterwafel chocolade honey crunch|471.0|3.7|21.7|12.4|0.659|64.7|41.6|TARWEBLOEM, 22% glucose-fructosestroop, suiker, 13% melkchocolade (suiker, cacaoboter, volle MELKPOEDER, cacaomassa, watervrij MELKVET, emulgator: SOJALECITHINE, natuurlijk vanillearoma), 12% roomboter (MELK), suikerstroop, palmvet, rietsuiker, SOJAMEEL,
Gebak en koek|Honingwafel chocolade|474.0|3.8|22.5|12.8|0.44|63.5|39.3|TARWEBLOEM, 23% glucose-fructosestroop, 14% melkchocolade (suiker, cacaoboter, volle MELKPOEDER, cacaomassa, watervrij MELKVET, emulgator: SOJALECITHINE, natuurlijk vanillearoma), 12% roomboter (MELK), suiker, suikerstroop, palmvet, rietsuiker, SOJAMEEL,
Gebak en koek|Honingwafel melkchocolade zeezout toffee|471.0|3.7|21.7|12.4|0.659|64.7|41.6|TARWEBLOEM, 22% glucose-fructosestroop, suiker, 13% melkchocolade (suiker, cacaoboter, volle MELKPOEDER, cacaomassa, watervrij MELKVET, emulgator: SOJALECITHINE, natuurlijk vanillearoma), 12% roomboter (MELK), suikerstroop, palmvet, rietsuiker, SOJAMEEL,
Gebak en koek|Ck zoetwafel duo|405.0|7.0|19.0|9.1|1.2|51.0|24.0|"TARWEMEEL, plantaardige olie (raapzaad), plantaardig vet (palm), suiker, water, SCHARRELEI, 3,0% roomboter (MELK), invertsuiker, gist, zout, SOJAMEEL, SOJAMELKPOEDER (lactose, dextrose, SOJA eiwit), volle MELKpoeder, vanilline.
Geproduceerd in een bedrijf"
Gebak en koek|Zoet suikerkoekjes 90g rozenkroon d&d|435.0|5.9|19.0|10.0|1.0|58.0|26.0|TARWEbloem, suiker 27%, margarine [plantaardige vetten en oliën (palm, koolzaad) in wisselende verhoudingen, water, zout, emulgatoren: zonnebloemlecithine en E471, voedingszuur: citroenzuur, aroma's, kleurstof: E160a], EI, gist, invertsuikerstroop, SOJAbl
Alcoholische dranken|Bruynstone whisky harborside select 38% 0,7l||||||||
Alcoholische dranken|Valkaran bourbon barrel aged single malt whisky||||||||
Suiker, snoep, zoet beleg en zoete sauzen|Jubbie frogs family pack 450 g|345.0|5.8|0.5|0.1|0.02|79.0|53.0|"Glucosestroop, suiker, dextrose, gelatine, voedingszuur: citroenzuur, vruchten- en plantenconcentraten: spirulina, saffloer, appel, glansmiddelen: bijenwas wit en geel, carnaubawas, aroma, invertsuikerstroop

Kan sporen bevatten van melk, tarwe"
Suiker, snoep, zoet beleg en zoete sauzen|Van der Meer fruit karamel|400.0|0.8|6.8|6.8|0.03|83.0|54.0|glucosestroop, suiker, geheel gehard kokosvet, vruchtensappen (citroen, aardbei, sinaasappel) (3%), voedingszuur (citroenzuur), gelatine, bevochtigingsmiddel (glycerol), aroma's, geleermiddel (arabische gom), dextrine, kleurstoffen (bietenrood, beta-apo-8
Vlees en gevogelte|Valkenbrij smid|187.0|4.5|12.6|4.8|1.5|13.3|0.2|varkensbouillon, boekweitmeel, varkensspek 15,7%, varkenszwoerd 8,97%, zout, kruiden en specerijen, gistextract, conserveringsmiddel(E250,E262), aroma, antioxidant(E316), dextrose, suiker.
Vlees en gevogelte|Balkenbrok brons 2kg|202.0|5.04|13.6|5.2|1.405|13.68|0.018|water, bouillon (water, varkensvleesextract, zout), boekweitmeel, varkensvlees 5,8%, varkensspek 5,8%, zout, zuurteregelaar: E262, voedingszuren: E325 en E300, specerijen (nootmuskaat, piment, witte peper, kruidnagel). Bereidingswijze: koekenpan: verhit b
Vlees en gevogelte|Roodworst|285.896|12.818|22.657|8.811|0.842|8.939|0.114|varkensvlees (58%), varkensbloed (21%), boekweitmeel (11%), bouillon (5%), ui (3%), zout, conserveermiddel(E250), voedingszuur(E326, E261), specerijen (bevat : MOSTERD)(stabilisator (E331)), kruiden (bevat : MOSTERD).
Vleesvervangers en zuivelvervangers|GroenDelight vegetarische sandwichworst|212.0|20.0|11.0|1.4|2.2|7.7|1.5|water, gerehydrateerd TARWE-eiwit (18%), gerehydrateerd SOJA-eiwit (12%), TARWEbloem, plantaardige olie (zonnebloem, raapzaad) , ui, scharrelEI-eiwit, SOJA-eiwit (2,4%), zout, glucosestroop, erwteneiwit, gistextract, gehydrolyseerd eiwit (TARWE-, SOJA-) (
Vleeswaren|Chorizito|465.0|19.0|42.0|17.0|4.3|3.0|1.0|VARKENSVLEES, VARKENSSPEK, SPECERIJEN (PAPRIKA, KNOFLOOK, WITTE PEPER), ZOUT, SOJA-EIWIT, MELKPOEDER, DEXTRINE, LACTOSE, MELKEIWIT, DEXTROSE, SUIKER, AROMA&rsquo;S, STABILISATOR (E450, E451, E452), ANTIOXIDANT (E316), CONSERVEERMIDDEL (E250, E252). Voor 1
Vleeswaren|Genietgrill vleesworst|303.0|13.0|26.5|9.7|2.3|3.0|0.5|88% varkensvlees (waarvan 10% mechanisch gesepareerd varkensvlees), water, aardappelzetmeel, zout, varkensvet, specerijen, dextrose, emulgator: E451, kleurstof: karamel, aroma, ui, antioxidant: E301, conserveermiddelen E250, E262.
Vleeswaren|Vuurworst|278.0|13.6|23.8|9.0|2.4|3.0|0.6|87% varkensvlees*, water, aardappelzetmeel, zout, voedingszuur: natriumlactaat; 0,6% gehydrolyseerd soja-eitwit, kruiden, specerijen, maltodextrine, groentenpoeders (ui, tomaat, knoflook), dextrose, gistextract, emulgator: trifosfaten; antioxidanten: asco
Vleeswaren|Ovenwurst 145g|328.0|11.0|27.0|7.5|1.918|10.0|6.0|grillworstplakjes 72,4% (varkensvlees Beter Leven 1 ster 61%, water, zetmeel [tapioca, aardappel], rijstebloem, gehydrolyseerd raapzaadeiwit, specerijen, zout, ui, tomaat, rijstmeel, stabilisatoren: E450, E451 en E452, antioxidant: E331, voedingszuren: E2
Vleeswaren|Kip kruidenworst (zacht gekruid)|173.0|15.0|11.0|4.0|2.1|3.5|1.3|Kippenvlees (83%), water, aardappelzetmeel, zout, natuurlijk aroma, dextrose, kruiden, kippencollageen, azijn, specerijen, stabilisator (E450), gistextract, antioxidant (E300), maltodextrine, conserveermiddel (E250).
Vleeswaren|Branderwijk kaas zwijvelworst 250 g|316.0|14.5|28.5|12.1|2.5|2.8|0.4|77% varkensvlees (waarvan 12% mechanisch gescheiden varkensvlees), 10% kaas (koemelk, zout, zuursel, stremsel, conserveermiddel [E251], kleurstof [E160b]), water, aardappelzetmeel, zout, varkensvet, kruiden en specerijen, dextrose, emulgator (E451), ui, g
Vleeswaren|VanLaan kip kruidenworst|228.0|12.5|18.0|6.5|2.25|4.0|1.0|40% meschanisch gesepareerd kippenvlees, 30% kippenvlees, water, kippenvet, aardappelzetmeel, kippencollageen, zout, voedingszuur: E326 , specerijen (bevat mosterd), dextrose, rijstebloem, stabilisator: E451, smaakversterker: E621    , antioxidanten: asco
Vlees en gevogelte|Kipknukworsten|159.0|12.6|8.7|3.89|1.86|7.4|0.3|35% kippenvlees*, 30% kippenseparatorvlees*, water, aardappelzetmeel, zouten (keukenzout, kaliumchloride), kippeneiwit, erwtenvezel, stabilisator: E451/E452, specerijen, gehydrolyseerd maïseiwit, rundercollageen, dextrose, antioxidant: E316, specerij-extr
Melk en melkproducten|Mykonos yoghurt mediterrane stijl aardbeien 4 x 150 g|135.0|2.6|7.2|4.8|0.1|14.8|14.5|"YOGHURT, 10% aardbeien, 9,2% suiker, 2,4% glucose-fructosestroop, kleurend vruchtenextract (zwarte bessen extract, zwarte wortelen extract), gemodificeerd zetmeel, verdikkingsmiddel (E440, E410), zuurteregelaar (E330), aroma

Kan sporen van schaalvruchten"
Melk en melkproducten|Mediterrane stijl yoghurt bosbes|135.0|3.0|9.0|6.0|0.1|10.0|10.0|90% yoghurt, suiker, puree uit concentraat (1% bosbes, 1% aardbei, 1% framboos, 1% zwartebes), gemodificeerd maïszetmeel, natuurlijk aroma, kleurend wortel concentraat, citroensapconcentraat, water.
Melk en melkproducten|Meli meli originele griekse yoghurt 0% 170 g|59.0|10.3|0.0|0.0|0.1|4.5|3.5|Afgeroomde koeienmelk, yoghurtcultuur
Suiker, snoep, zoet beleg en zoete sauzen|Cola berenpruimen, sappige zoete gums met colasmaak|346.0|1.1|0.2|0.1|0.05|84.0|59.0|Glucosestroop, suiker, gemodificeerd zetmeel, dextrose, appelsap uit appelsapconcentraat (3,8%), voedingszuur (citroenzuur, appelzuur, melkzuur), aardappelproteïne, natuurlijk aroma, karamelsuikerstroop, saffloerconcentraat, gehydroliseerd erwtenproteïne,
Suiker, snoep, zoet beleg en zoete sauzen|Berries aardbei, sappig aardbeiensnoep met vruchtennectar|371.0|3.2|5.1|2.9|0.1|76.0|51.0|Glucose- fructosestroop, TARWEBLOEM, suiker, plantaardige olie (palmolie), dextrose, aardbeisap uit aardbeisapconcentraat (12%), voedingszuur (citroenzuur), natuurlijk aroma, zwartebessensap uit zwartebessensapconcentraat (2,7%), fruit- en plantenconcentr
Noten en zaden|Pure Vitality chiazaad 250 g|444.0|21.2|31.4|3.8|0.0|4.9|0.8|Biologisch chiazaad (Salvia hispanica)
Noten en zaden|Sesamkruim 100g|610.0|24.67|53.02|8.84|0.028|3.4|0.9|"SESAMzaad.

Kan bevatten: pinda en noten."
Vis, schaal- en schelpdieren|Koningsman wilde zalm 215 g|129.0|22.0|4.6|0.9|0.9|0.0|0.0|Roze zalm (VIS), zout
Vis, schaal- en schelpdieren|Gerookte zalmbot gesneden 500g|211.0|19.4|14.8|2.1|2.5|0.0|0.0|Groenlandse heilbot (Reinhardtius hippoglossoides) (VIS), zout, rook
Vis, schaal- en schelpdieren|Gemengde Zeedelicatessen|89.0|13.3|1.7|0.7|0.8|5.1|0.7|"WITPOOTGARNALEN ASC, Chileense MOSSELEN ASC, surimi MSC (PACIFISCHE HEEK, water TARWEZETMEEL, gemodificeerde tapiocazetmeel, suiker, sorbitol, zout, KRABextract en -aroma, KIPPENEI-eiwit, bevochtigingsmiddelen: E450iii, E451i,
kleurstoffen: calciumcirbona"
Graanproducten en bindmiddelen|Zemeltarwen|256.0|15.2|5.0|0.9|0.01|14.1|3.9|TARWEzemelen* [GLUTEN ]. * van gecontroleerd biologische teelt.  , Kan sporen bevatten van noten en sesamzaad.
Suiker, snoep, zoet beleg en zoete sauzen|Krokeltje schuddemuisjes kaneelkoekjes|467.0|4.5|18.0|8.1|0.8|70.0|35.0|TARWEBLOEM, suiker, plantaardige oliën (palm, raap), speculaaskruiden (bevat kaneel), plantaardige vezels, gebrande suiker, invertsuikerstroop, rijsmiddelen (E500, E450), zout, aroma's (bevat MELK). Kan sporen bevatten van andere glutenbevattende granen,
Groente|Groentefriet parel aardappel|98.0|1.2|0.3|0.1|0.1|21.3|5.7|Zoete aardappel, antioxidant: E300, voedingszuur: citroenzuur.
Suiker, snoep, zoet beleg en zoete sauzen|Suikerel navullingset voor verdeelapparaat 520 stuks 45 g|348.0|7.7|0.0|0.0|0.09|82.0|76.0|Lactose (afkomstig van melk), zoetstoffen: aspartaam (8%, bevat een bron van fenylalanine), acesulfaam-K (5,37%), stabilisator: microcrystalline cellulose, verbonden natrium carboxymethylcelullose, smaakstof
Suiker, snoep, zoet beleg en zoete sauzen|Krüger zoetsprankel 300 tafeldruppels 15,6 g|306.0|3.4|1.0|1.0|0.69|72.0|65.0|Dextrose, zoetstof sucralose, zetmeel, antiklontermiddel L-leucine, antiklonteringsmiddel vernette natriumcarboxymethylcellulose
Suiker, snoep, zoet beleg en zoete sauzen|Smikkelzoet vloeibaar 300ml|0.3|0.0|0.0|0.0|2.6|0.0|0.0|Zoetstoffen (cyclamaten en sacharinen), zuurteregelaar (natriumcarbonaten), voedingszuur (wijnsteenzuur)
Suiker, snoep, zoet beleg en zoete sauzen|Lekkersuiker zoet 80g|376.0|0.0|0.0|0.0|0.0|94.0|6.5|Maltodextrine, zoetstof: sucralose 1,0%.
Hartige snacks en zoutjes|Tokio Kneepjes|399.0|7.2|4.4|0.6|1.76|81.0|0.5|"94% Rijst, zonnebloemolie, zout, gistextract, antioxidant: E306.

Dit product kan sporen van PINDA, NOTEN en SESAM bevatten."
Kaas|Melkcreme puur|249.0|5.3|23.8|15.8|0.8|3.5|3.3|MELK, zout, microbieel stremsel, zuursel, zuurteregelaar: citroenzuur.
Melk en melkproducten|Zuivelfijn milkshake tropischebanaan 200 ml|75.0|3.7|1.4|0.9|0.1|12.0|11.0|Halfvolle MELK, suiker, MELKbestanddelen, stabilisatoren: carrageen, gellangom en guarpitmeel, natuurlijk aroma
Kaas|FreshField organische roomkaasspread puur 200 g|251.0|4.5|25.0|16.0|0.5|2.8|2.8|Biologische room (MELK), biologische magere MELK, zout, zuursel (MELK)
Kaas|Amsterdam Firepepper Special Edition 175 g|134.0|6.6|9.3|6.2|0.79|5.1|5.1|Volle MELK, MELKEIWITTENBEREIDING, ROOM, Jalapeño-pepers (5,5%), groene paprika's (5%), weipermeaatconcentraat (van MELK), zout, stabilisatoren (johannesbroodpitmeel, carrageen), suiker, alcoholazijn, citroensapconcentraat, voedingszuur (citroenzuur)
Kaas|Zuivelzmeer|290.0|5.5|29.0|20.0|0.67|2.0|2.0|"melk*, zeezout, zuursel, vegetarisch stremsel.
EU Landbouw
*Van biologische oorsprong."
Kaas|Zuivelcrème kruiden light 200g|176.0|7.4|14.0|8.9|1.3|4.5|3.4|karneMELK, gepasteuriseerde room (MELK), yoghurt (MELK), ui, zout, bieslook 0,4%, zuursel (MELK).
Niet-alcoholische dranken|Appelnectar uit geconcentreerd appelsap|44.0|0.0|0.0|0.0|0.0|11.0|10.0|appelsap uit concentraat
Suiker, snoep, zoet beleg en zoete sauzen|Choco knabbels melk/rijstcrunch 125g|534.0|6.9|31.3|19.7|0.275|54.8|45.2|suiker, cacaoboter¹, volle MELKpoeder, cacaomassa¹, rijstcrisp 11% (rijstmeel, suiker, GERSTemoutextract, zout, stabilisator: E170, koolzaadolie, emulgator: SOJAlecithine), emulgator: SOJAlecithine, natuurlijk vanillearoma. ¹Rainforest Alliance CertifiedT
Vlees en gevogelte|Deen kipfilet kerrie plakjes 4 stuks 360 g|282.0|14.4|24.5|9.1|2.0|0.7|0.1|Varkensvlees (Beter Leven keurmerk 1 ster) (84,5%), water, zout, natuurlijk aroma, raapzaadolie, vezels (aardappel, bamboe, citrus), antioxidant (E300), kruiden en specerijen, gedroogde glucosestroop, azijn, suiker, gemodificeerd maïszetmeel, paprika, zon
Soepen|Zonox soep in blik hartige kippensoep 1,4 l|27.0|1.8|0.9|0.3|0.77|2.8|0.6|Water, kippenvlees 5,6%, groenten 4% (wortel, prei), vermicelli 2,2% (harde tarwegries, ei-eiwit), zout, gemodificeerd aardappelzetmeel, aroma, kippenvet 0,5%, suiker, bieslook, gistextract, smaakversterker E621, nootmuskaat, kleurstof: riboflavine
Groente|Augurken extra zachtzuur 690 g (jr 690 grm)|31.0|0.6|0.2|0.1|0.7|5.5|5.5|Augurken, water, azijn, suiker, zout, MOSTERDZAAD, dille, paprika, ui, natuurlijke aroma's.
Samengestelde gerechten|Eco Groen Erwtjes Tomaat Kip Rijst|53.0|2.4|1.8|0.3|0.05|6.0|1.9|c
Alcoholische dranken|Vondel bio lager|43.0|0.4|0.0|0.0|0.0|2.5|0.0|"water, GERSTEmout*, hop*.
* = van Biologische oorsprong"
Alcoholische dranken|Heinroman pilsener|42.0|0.0|0.0|0.0|0.01|3.2|0.0|water, GERSTEMOUT, hopextract.
Brood|Goudbruin knabbeltje.|211.2|8.27|1.24|0.39|1.07|39.18|2.48|water, TARWEbloem, VolkorenTARWEmeel, gist, bakkerszout, TARWEgluten, dextrose, suiker, enzymen(TARWE), TARWEmoutmeel, GERSTemoutmeel, Plantaardig Vet(palm), Aroma(aroma), Meelverbeteraar(E300, E920) *= van biologische oorsprong
Brood|Heerlijke boerderij tijgerbrood wit|230.0|7.45|1.15|0.22|1.03|46.72|1.66|"TARWEBLOEM, water, rijstebloem, PANEERMEEL (TARWE), bakkerszout, suiker, TARWEMOUTMEEL, meelverbeteraar (E300), gist, plantaardige oliën (raapzaad ), SOJABLOEM, TARWEZETMEEL, emulgator (E482), emulgator (E471), ENZYMEN (TARWE) 

Dit product kan sporen van"
Brood|Knapperige leperdbol a 5|233.86|8.315|1.126|0.299|0.946|46.266|1.49|TARWEbloem, water, gist, rijstebloem, paneermeel (TARWE), bakkerszout, TARWEzetmeel, dextrose, weipoeder (MELK), emulgator (E472e), TARWEgluten, plantaardig vet (palm), plantaardige olie (koolzaad), GERSTemoutmeel, meelverbeteraars (E300, E920), TARWEmout
Brood|Pitabunnetjes|243.0|8.4|1.0|0.2|1.0|48.5|1.9|TARWEBLOEM, water, gist, zout, dextrose.
Groente|Champignons Royale||||||||Oesterzwammen, Gele boleten, eekhoorntjesbrood, shiitakes, sulfieten, cantharellen.
Hartige snacks en zoutjes|Tyrwin's artisan-cooked british crisps tangy cream & festival chili|495.0|6.3|28.1|3.0|1.1|50.0|1.8|Aardappelen, zonnebloemolie, lactose (MELK), zout, suiker, uienpoeder,magere MELK poeder, gedroogde zure room uit de Blackmore Vale (MELK),karnemelkpoeder (MELK), gemalen paprika, gistextract, cayenne chillipoeder,knoflookpoeder, gedroogde rode paprika, n
Suiker, snoep, zoet beleg en zoete sauzen|Kolossale rondjes melk/puur/wit 150g|541.0|5.7|32.0|19.3|0.15|55.9|54.3|"suiker, cacaoboter, cacaomassa, volle MELKpoeder, watervrij MELKvet, emulgator: SOJAlecithine, natuurlijk vanille-aroma.

Pure chocolade: ten minste 46% cacaobestanddelen.
Melkchocolade: ten minste 31% cacaobestanddelen.

Kan bevatten: tarwe (gluten), ama"
Suiker, snoep, zoet beleg en zoete sauzen|Cacaobrief melk 135g|533.0|5.8|30.5|18.3|0.15|57.0|55.6|"suiker, cacaoboter, cacaomassa, volle MELKpoeder, emulgator: SOJAlecithine, natuurlijk vanille-aroma.

Ten minste 32% cacaobestanddelen.

Kan bevatten: amandel en hazelnoot."
Suiker, snoep, zoet beleg en zoete sauzen|Traditionele zachte zoetige lauriertorentjes 250 gr|306.0|5.1|0.5|0.2|0.09|63.0|47.0|suiker, glucose-fructosestroop, geleermiddel (arabische gom), maïszetmeel, melasse, varkensgelatine, zoethoutwortelextract, salmiakzout, glansmiddel (carnaubawas), laurierblad extract
Eieren|Kippenvreugde xl-blk 10 pack|132.0|12.3|9.1|3.1|0.38|0.2|0.2|SCHARRELEI.
Peulvruchten|Herbentin® puur falafel met zongedroogde bessen 1kg|273.0|6.6|14.6|2.3|0.7|25.1|14.1|gewelde kikkererwten* (64%) (water, kikkererwten*), ui*, dadels* (7%), rozijnen* (7%), basilicum* (5%), peterselie* (5%), knoflook*, zeezout, zuurteregelaar (melkzuur**), zonnebloemolie*, verdikkingsmiddelen (xanthaangom, guargom), chilipeper*. *Gecontrol
Niet-alcoholische dranken|Colla-Koca suiker-vrij|0.3|0.0|0.0|0.0|0.02|0.0|0.0|Sprankelend water; kleurstof: E150d; voedingszuren: E338, E331; zoetstoffen: aspartaam, acesulfaam-K; natuurlijke aroma's (plantenextracten), waaronder cafeïne.
Groente|Panbakmix mediterraan|56.0|1.8|3.4|1.6|0.05|3.2|2.8|18% Courgette, 15% broccoli, 15% sperziebonen, 9% BLEEKSELDERIJ, 8% rode paprika, 8% groene paprika, 8% gele paprika, 7% ui, 7% wortel, 5% kruidencrème (plantaardige oliën (palm, raap, kokos, in wisselende verhoudingen), zout, water, basilicum, olijfolie,
Hartig broodbeleg|Cheerful Chickpea Delight Natural 50g|301.0|4.7|27.7|2.3|1.2|6.0|0.5|Kikkererwten (50%), raapolie, water, SESAMzaad, knoflook (1,5%). limoenconcentraat, zout, glutenvrijeTARWEvezel, conserveermiddelen: E202, E211, suiker, verdikkingsmiddel: xanthaangom, voedingszuur: melkzuur, witte peper. Dit product bevat de volgende all
Suiker, snoep, zoet beleg en zoete sauzen||92.0|0.1|0.0|0.0|0.03|22.8|22.5|"Water, glucose-fructosestroop, suiker, frambozensap van concentraat 2,7%, kleurstoffen: bietenconcentraat, 160a, stabilisatoren: E412, E410, E440, natuurlijk aroma, voedingszuur: E330.
Gemaakt in een bedrijf waar ook pinda's en noten worden verwerkt."
Niet-alcoholische dranken|Frozen Crimson blossom Sparkling Sip 330ml|15.0|0.02|0.0|0.0|0.04|3.6|3.5|koolzuurhoudend water, suiker, fructosestroop, extracten (thee 0,07%, rooibos 0,03%), voedingszuur: citroenzuur, natuurlijke aroma's, zuurteregelaar: E331, concentraten (wortel, hibiscus), natuurlijk citrusaroma, zoetstof: steviolglycosiden.
Kaas|Milbur 30+ mild gerijpt|293.0|30.1|18.8|12.8|1.773|0.0|0.0|Gepasteuriseerde KOEMELK, zout, zuursel, dierlijk stremsel, conserveermiddel: E251, kleurstof: E160a.
Vlees en gevogelte|Kippenborst 850g|109.0|23.6|1.6|0.688|0.093|0.0|0.0|kippenvlees.
Kaas|Groenster gerijpt 48+|387.0|25.2|31.8|22.9|1.8|0.0|0.0|Gepasteuriseerde KOEMELK, zout, zuursel, dierlijk stremsel, conserveermiddel: E251, kleurstof: E160b.
Kaas|Lepelkaas 21+|144.0|16.971|7.199|4.988|2.0|2.799|2.799|47% kaas (MELK), water, smeltzout: E452/E451/E339/E331, MELKEIWITTEN, weipoeder (MELK), magere MELKPOEDER, zout, conserveermiddel: E234.
Vlees en gevogelte|Carnivore's Delight kalfsoester holland 250 g|108.0|22.8|1.9|0.7|0.0|0.5|0.5|100% kalfsvlees
Niet-alcoholische dranken|||||||||gemalen koffie.
Gebak en koek|Kruidenmoppen|450.0|6.5|13.0|5.5|1.6|75.0|31.0|tarwebloem, suiker, plantaardige olie (palm, raap), water, glucose-fructosestroop, 1,5% speculaaskruiden (o.a. kaneel), rijsmiddel (E450, E500), gekaramelliseerde suiker, zout, emulgator (sojalecithine), sinaasappelschil.
Peulvruchten|Oogst no. 1 groene pareltjes|115.0|6.9|0.67|0.13|0.06|16.3|1.0|Groene linzen. Kan sporen van soja en gluten bevatten.
Flesvoeding en preparaten|SlimShake Ultra banana breeze drink mix 8 sachets 440 g|425.0|26.0|8.0|1.3|0.98|58.0|9.0|Maltodextrine, melkeiwitten, magere melkpoeder, sojaolie in poeder (sojaolie, glucosestroop, melkeiwitten, natuurlijk aroma), inuline, zonnebloemolie in poeder (zonnebloemolie, glucosestroop, melkeiwitten, emulgator: mono- en diglyceriden van vetzuren, ve
Kruiden en specerijen|Authentieke kruidenmix bambere|335.0|13.7|9.0|1.8|0.1|36.0|5.8|83% specerijen (paprika, pepers, chilies, fenegriek, koriander, gember, nootmuskaat, komijn, kruidnagel, kaneel, kardemom), groenten (knoflook, ui), basilicum.
Soepen|Borlox soep mosterd 570ml 5x|61.0|1.7|4.6|1.5|0.69|3.3|0.8|Water, mosterd 5,6%(water,MOSTERDZAAD,azijn,zout,aroma,)ROOM 4,6%,spek 3,7%(varkensvlees,water,zout,conserveermiddel (E252,E250),stabilisator E301),gemodificeerd maiszetmeel,raapzaadolie,kruiden (bieslook,peterselie,laurierblad),KARNEMELKPOEDER, TARWEBLOE
Noten en zaden|Knapperige Amandelzoutjes|635.0|25.0|55.0|4.5|0.68|6.0|4.0|95% amandel, zonnebloemolie, zeezout.
Hartige snacks en zoutjes|Veganeese nuggets familiedeel 320 g|267.0|11.9|17.4|2.1|1.3|14.6|1.6|Water, cornflakes (mais, suiker, zout, moutextract), sojabonen (17%), zonnebloemolie, beslag (water, tarwebloem, zout), vegetarisch stremsel (calciumchloride, natriumalginaat), tarwegluten, soja-eiwit, plantaardig verdikkingsmiddel (methylcellulose), krui
Vetten en oliën|Zonnegloed olijfolie met citrustrilling essence vierge|900.0|0.0|100.0|16.0|0.0|0.0|0.0|70% Olijfolie van de eerste persing, 30% citroenolie.
Fruit|Zalora feest olijven groen zonder kern|172.0|1.0|18.0|3.0|4.0|0.0|0.0|water, groene olijven zonder pit, zout, zuurteregelaar: citroenzuur, antioxidant: ascorbinezuur
Suiker, snoep, zoet beleg en zoete sauzen|Sloop choco toffee zoutspread|547.0|4.4|33.0|5.3|0.9|56.0|56.0|Suiker, plantaardig vetten (raapolie, palm), magere MELKpoeder, magere cacaopoeder, weipoeder (MELK), karamelpoeder, zeezout (0.8%), emulgator: SOJAlecithine, aroma. Geproduceerd in een fabriek waar ook noten producten verwerkt worden.
Graanproducten en bindmiddelen|Rigatoni lisse n°42 500g, de bianchi|351.0|14.0|1.5|0.3|0.0|69.0|3.4|Deegwaren van griesmeel van harde TARWE -  kan sporen bevatten van SOJA.
Noten en zaden|Groot - dennenpitten 50g|702.0|18.3|64.2|6.5|0.025|11.2|4.4|"100% pijnboompitten.

Dit product kan sporen van NOTEN, PINDA'S en SESAMZAAD bevatten."
Niet-alcoholische dranken|Mandarijnaere, vers geperst mandarijnsap (797 gram)|51.0|0.6|0.2|0.1|0.1|10.9|8.4|Sinaasappels
Niet-alcoholische dranken|Zonnesina'sap 0,5l|48.0|0.6|0.1|0.0|0.0|10.9|9.3|100% Sinaasappelsap.
Samengestelde gerechten|Wildstoof met herfstgroente 800g|55.0|5.175|1.103|0.251|0.486|5.525|2.828|gestoofd hertenvlees met saus 75% (stoofsaus 55,5% [water, bospaddenstoelen (kastanjechampignons, oesterzwam, shiitake, boleet, bundelzwam), ui, bier (water, GERSTemout, glucosestroop, hop, gist), braadvocht, cranberry, rietsuiker, TARWEbloem, gemodificee
Samengestelde gerechten|Varkensstukjes in saus|235.0|10.0|16.0|3.0|1.2|12.0|12.0|34% varkensvlees, water, 15% pinda, suiker, invertsuikerstroop, karamel, aardappelzetmeel, gehydrolyseerd soja-eiwit, azijn, tomatenpuree, zout, gemodificeerd maïszetmeel, suikerstroop, melasse, plantaardige olie (raap, zonnebloem), dextrose, specerijen (
Hartige sauzen|Pasta Prikgemak|50.0|1.5|1.5|0.1|0.75|7.0|4.5|77% Tomaat, 12% tomatenpasta, ui, water, zonnebloemolie, gemodificeerd maïszetmeel, basilicum, zout, chilipoeder, peper, citroenconcentraat, paprikapoeder, natuurlijk aroma, rode chili, tijmextract, peterselie, knoflookpoeder.
Niet-alcoholische dranken|Zonk vruchtenelixer robijn|28.0|0.0|0.0|0.0|0.0|6.9|6.7|Glucose-fructosestroop (44%), water, vruchtensap uit concentraat 10% (appelsap 9%, granaatappelsap 1%), voedingszuur: citroenzuur, kleurend concentraat: vlierbessen, aroma, zoetstoffen: acesulfaam-K, sucralose, steviol glycosiden, conserveermiddel: kalium
Niet-alcoholische dranken|FruitMix groen / vert del campo 200 ml (220 gram)|49.0|0.8|0.1|0.0|0.02|10.4|10.3|"Ananas, Kiwi, Sinaasappels 100% fruit/groente
Bevat kiwi, ananas, druif, sinaasappel, spinazie, komkommer en limoen"
Gebak en koek||488.0|2.4|22.0|10.0|0.47|70.0|26.0|palmvet, aardappelzetmeel, suiker, meel (maïs, rijst, bakbananen), inuline, HEELEI, glucose-fructosestroop, HEELEIPOEDER, zout, natuurlijk aroma, EIWITPOEDER, rijstmiddel (natriumwaterstofcarbonaat), emulgatoren (SOJALECITHINE, mono- en diglyceriden van v
Suiker, snoep, zoet beleg en zoete sauzen|Lonko fudge vanielle. 175g|438.0|1.6|13.0|11.0|0.6|78.0|69.0|IIngrediënten: suiker, glucosestroop, plantaardige vetten/oliën (palm, kokos), magere MELKpoeder, zout, emulgator (SOJAlecithine), natuurlijke aroma's, vanille-extract. Kan sporen van ei, pindas en noten bevatten. Kan sporen van ei, pinda's en noten bevat
Samengestelde gerechten||77.0|2.8|1.0|0.2|1.4|14.0|2.5|Ravioli (55%): water, durum tarwegriesmeel, rundvlees (2%), kippenvlees (2%), paneermeel (tarwebloem, zout), ei, raapzaadolie, zout, specerijen, kruidenextract., Saus (45%): water, tomatenpuree (5%), ui, gemodificeerd maïszetmeel, zout, suiker, wortel (0,
Brood|Rijstcrunch met smoky bbq|409.0|7.3|8.2|1.0|1.425|75.0|2.9|34% Zilvervliesrijst, 25% witte rijst, 25% maïsgrits, raapzaadolie, 8% barbecuesmaak (zout, paprikapoeder, weipoeder (MELK), suiker, aroma, uipoeder, fructose, tomatenpoeder, kaaspoeder (MELK), knoflookpoeder, antiklontermiddel: E341/E551, voedingszuur: c
Vlees en gevogelte|Royal hertensteak|150.0|22.0|7.0|3.5|0.2|0.0|0.0|hertenvlees.
Vleeswaren|Landboer Worst|419.0|16.8|39.0|15.5|2.92|1.0|1.0|56% varkensvlees, varkenscollageen, varkensspek, zout, glucosestroop, rode bietensap, specerijen, dextrose, antioxidant: natriumerythorbaat; conserveermiddel: natriumnitriet; rook
Vis, schaal- en schelpdieren|Rookzalm Deluxe|211.0|20.6|14.3|3.0|2.56|0.0|0.0|"Zalm* (VIS) (Salmo salar), zout, azijn, rook. 

*van biologische oorsprong

Aquacultuurproduct uit Noorwegen."
Flesvoeding en preparaten|NutriPure pepter 1|67.0|1.6|3.5|1.6|0.05|7.0|3.4|Ingrediënten :Gehydrolyseerd wei-eiwit-concentraat (MELK), maltodextrine, plantaardige oliën (palmolie, koolzaadolie, kokosolie, zonnebloemolie), galacto-oligosacharide (MELK), emulgator (mono- en diglyceriden van in spijsvetten voorkomende vetzuren veres
Suiker, snoep, zoet beleg en zoete sauzen|Klaverfruit|205.0|5.0|0.2|0.2|0.0|76.0|0.4|zoetstoffen (maltitolen, isomalt), gelatine, water, voedingszuur (E330), aromas, kleurstoffen (E120, E141, E153, E161b)
Vlees en gevogelte|Z-zebrahaas heel za vac (1,5 kilogram)|210.0|19.5|14.3|6.6|0.18|0.0|0.0|(100%)rundvlees
Samengestelde gerechten|Z-shashlik spies 85g bamboe dv (0,085 kilogram)|106.0|13.7|4.5|1.6|1.2|2.2|1.6|(53%)varkensvlees, paprika, ui, gerookte spek (varkensvlees, water, zout, E301 (E301), Conserveermiddel E250, E252, antioxidant: E301), water, zout, kruiden en specerijen (selderij), glucosestroop, gehydrolyseerd plantaardig eiwit, suiker, dextrose, malto
Aardappelen en knolgewassen|Krieltjes bieslook met salie en oregano|190.0|3.5|14.0|10.0|0.75|12.0|4.1|"ROOM 45%, aardappelen,

Goudse KAAS 7% (MELK, zout, zuursel),

dierlijk stremsel, kleurstof (E160a)), zout,

stabilisator (E461), aardappelzetmeel,

rozemarijn 0.2%, tijm 0.2%, natuurlijk

knoflookaroma, specerijen."
Aardappelen en knolgewassen|Krieltjesgratin 4st/100g|147.0|2.8|8.4|5.64|0.475|14.0|0.7|aardappelen 64,6%, gesteriliseerde room 21,1% (MELK), gesteriliseerde MELK, Emmentaler kaas 3,7% (gepasteuriseerde MELK, zout, startercultuur, vegetarisch stremsel, emulgator: E461), gemodificeerd aardappelzetmeel, bamboevezel, zout, verdikkingsmiddelen:
Aardappelen en knolgewassen|Krieltjèsgratin zonder zout|102.0|1.9|4.4|0.8|0.19|13.0|1.5|(59%)aardappel, water, pureebasis(volle MELK, plantaardige olie (zonnebloem)), gemodificeerd maïszetmeel, knoflookpuree (knoflook, water, zout, citroenvezel, voedingszuur: citroenzuur), vloeibare margarine(plantaardige olie (zonnebloem, raapzaad (gehard))
Fruit|Applestar 75-80 mm klasse A|54.0|0.4|0.0|0.0|0.002|12.0|11.8|APPELEN
Fruit|Rubystar appels 4 stuks ca. 850 g||||||||
Fruit|Zonnagoud appels 70-80 verpakt 10st (1940 kilogram)||||||||appel
Alcoholische dranken|Lemon Swirl Radler.|32.0|0.1|0.0|0.0|0.0|5.0|4.1|bier 50% (natuurlijk mineraalwater, GERSTEMOUT, glucosestroop, hopextract), limonade 50% (koolzuurhoudend water, suiker, citroensap uit concentraat 1,7%, voedingszuur: citroenzuur, natuurlijk aroma, acacia extract, zoetstof: steviol glycosides, kleurstof:
Fruit|Zwamon|37.0|0.9|0.2|0.0|0.005|5.1|5.1|bramen
Samengestelde gerechten|Smullenworstje (150 gram)|296.0|12.0|16.3|5.5|1.4|25.0|3.9|54% ROOKWORST:, varkensvlees (95%), keukenzout, gemengde specerijen MOSTERD, LACTOSE MELK, zuurteregelaar (E575), voedingszuur (E331), emulgator (E450), antioxidant (E301), conserveermiddel (E250), natuurlijke rook, 46% BROOD;, TARWEbloem, water, suiker,
Suiker, snoep, zoet beleg en zoete sauzen|Tiger choco 2 x 30 g|483.0|5.5|22.1|11.8|0.46|64.7|43.8|Glucose-fructosesiroop, suiker, tarwemeel, gecondenseerde melk (melk, suiker), cacaoboter, palmolie, volle melkpoeder, cacaomassa, weipoeder, maltodextrine, magere melkpoeder, tarwezetmeel, emulgator (zonnebloemlecithine)  , zout, rijsmiddel (natriumcarbo
Fruit|Kersbessen groot (12 kilogram)|331.0|0.1|1.4|0.1|0.008|76.7|65.0|50% suiker, 49% cranberries, 1% plantaardige olie (zonnebloem)
Gebak en koek|Kersentstrudel. x 5 stuks|322.91|4.13|12.07|6.78|0.64|48.28|23.29|appel, TARWEbloem, Plantaardige Olie(raapzaad), roomboter(MELK), suiker, EI, rozijnen, aardappelzetmeel (gemodificeerd), gist, zout, boter (concentraat)(MELK), caramelstroop, citroenschil, Conserveermiddel(E202, E224(SULFIET)), Kleurstof(E160a), Kruiden E
Kruiden en specerijen|Lemonicum heel 14g (strooier)|418.0|14.37|3.98|0.24|0.075|60.96|1.71|gedroogde basilicum.
Kruiden en specerijen|NatuurPlus oregano pot 10g|265.0|9.0|4.28|1.55|0.06|26.42|4.09|"Oregano*.
* van biologische oorsprong."
Kruiden en specerijen|Pieterzelie||||||||100% peterselie.
Kruiden en specerijen|Rozemintje gemalen|328.0|4.9|15.2|7.4|0.1|21.5|0.0|100% rozemarijn.
Kruiden en specerijen|Herbivo basilicus 12 g||||||||Basilicum
Samengestelde gerechten|Hando gehaktballetjes in pikante zoetigheid|155.0|6.8|4.3|1.5|1.1|22.0|19.0|Water, rundvlees 20%, suiker, azijn, pruimenpuree (pruimen, suiker, vezels), tomatenpuree, plantaardige oliën (raap, zonnebloem), gemodificeerd maïszetmeel, paneermeel (TARWEbloem, water, gist, zout), ui, sambal manis (sambal [rode peper, zout], melasse,
Samengestelde gerechten|Moro gehaktkroketjes in zoetpittige saus|170.0|6.5|6.0|3.0|1.03|22.0|17.0|Water, rundvlees 20%, suiker, plantaardige oliën (palm, zonnebloem), pruimenpuree, kruidenazijn (azijn, aroma, kleurstof: E150c), tomatenpuree, paneermeel (TARWEbloem, gist, zout), ui, gemodificeerd zetmeel, sambal [pepers, melasse, ui, suiker, SOJAsaus (
Vlees en gevogelte|Kruidige Bouillonballetjes (825 gram)|101.0|9.6|6.6|3.1|1.16|0.7|0.1|51% bouillon (water, zout, smaakversterker: E621, kleurstof: E150c, zonnebloemolie, aroma, specerij), 49% soepballetjes  (90% vlees (varkensvlees, kipseparatorvlees, rundvlees), plantaardige SOJA eiwit-isolaat, gemodificeerd aardappelzetmeel, varkenseiwit
Samengestelde gerechten|Ratatouille zonder zout 6 persoons (1200 gram)|50.0|1.6|1.1|0.2|0.02|7.5|5.3|(38%)courgette, (27%)ui, (18%)rode paprika, (7%)tomatenstukjes (tomaat, tomatensap, verdikkingsmiddel: calciumchloride, voedingszuur: citroenzuur), tomaat, gemodificeerd maïszetmeel, suiker, plantaardige olie (SOJA), knoflookpuree (knoflook, water, zout,
Hartig broodbeleg|Pure Notenpasta Squeeze Packs|611.0|24.0|47.0|6.1|0.0|18.0|5.2|"50% pinda, 35% amandel, 15% cashewnoot.
Waarvan toegevoegde suikers 0g per 100 gram en waarvan toegevoegd zout 0g per 100 gram."
Hartig broodbeleg|Notenmelange smeerpasta bio, 350 g|730.0|19.0|66.0|5.0|0.31|11.0|5.0|geroosterde hazelnoten* (50%) en amandelen* (50%), zeezout. *= van biologische teelt.
Samengestelde gerechten|Maaltijdpakket rustieke penne 1250g|68.0|2.19|0.82|0.14|0.75|11.75|3.96|tomaat, rode paprika, prei, wortel, lasagnebladen (harde TARWEgriesmeel), ui, kruidenmix (tomatenconcentraat, water, zout, ui, plantaardige oliën [olijf, zonnebloem], kruiden [tijm, peterselie, oregano], specerijen [paprikapoeder, zwarte peper], knoflook,
Soepen|Gustav soep in blik robuuste preisoep 3 porties 750 ml|19.0|0.8|0.5|0.1|0.83|2.5|1.4|Water, ui¹ 25%, zout, gemodificeerd aardappelzetmeel, raapzaadolie, gistextract, aroma, specerijen (ui, knoflook, peper), suiker, groentesapconcentraat (selderij, wortel, prei, ui), ¹op duurzame wijze geteeld.
Vlees en gevogelte|Kipfilet Deluxe|126.0|24.9|2.4|0.9|0.125|0.0|0.0|100% Kalkoenvlees.
Vlees en gevogelte|Eendfilet 250g|103.0|22.6|1.4|0.3|0.1|0.0|0.0|kalkoenvlees.
Vlees en gevogelte|Turkblokjes|125.0|24.9|2.4|0.9|0.125|0.0|0.0|100% Kalkoenfilet.
Vlees en gevogelte|Kipfiletblokjes|126.0|24.9|2.4|0.9|0.125|0.0|0.0|100% Kalkoenvlees.
Vlees en gevogelte|Kippetjeschnitzel|108.0|24.8|1.0|0.3|0.13|0.0|0.0|100% Kalkoenvlees.
Melk en melkproducten|Wanderlust kefir elixir|46.0|3.4|1.6|1.0|0.1|4.5|3.8|Gepasteuriseerde magere gefermenteerde KOEMELK met 12 Kefir culturen.
Groente|Zuurmeer naturel|13.0|1.0|0.0|0.0|1.5|1.0|0.0|"98% witte kool, zout, voedingszuur (citroenzuur [E330]), antioxidant (ascorbinezuur [E300]).
Waarvan toegevoegde suikers 0g per 100 gram en waarvan toegevoegd zout 1.5g per 100 gram."
Fruit|Sunquat||||||||
Flesvoeding en preparaten|Damhert slim-fit maaltijdshake caramel delight met tagatose|353.0|17.8|8.9|1.8|1.83|54.0|13.6|maltodextrine; tagatesse (21,9%) [D-tagatose (39,9%) (afkomstig van MELK); zoetstoffen: isomalt (39,9%), sucralose (0,02%); inuline; oligosachariden]; MELKeiwitconcentraat; WEI-eiwit concentraat (bevat MELK) [WEI-eiwitconcentraat (bevat MELK), emulgator:
Flesvoeding en preparaten|Gerlina mijn maaltijd afslank toetje espresso smaak 3 x 220 g|99.0|6.3|2.6|0.3|0.25|12.0|8.6|Magere melk, water, suiker, melkeiwitten, gemodificeerd zetmeel, plantaardige oliën (raapzaad, soja), aroma, karamelaroma, zuurteregelaar: natriumcitraat, emulgatoren: mono- en diglyceriden van vetzuren, geleermiddelen: carrageen en guarpitmeel, mineralen
Flesvoeding en preparaten|Kruidenhuis dinerdrink cacao|376.0|16.1|7.7|1.7|1.1|55.3|23.4|maltodextrine, weipoeder(MELK), MELKEIWIT, inuline, magere cacaopoeder (7,7%), SOJAOLIE, verdikkingsmiddelen (cellulosegom, xanthaangom), mineralen(magnesiumcarbonaat, ijzerpyrofosfaat, zinksulfaat, mangaansulfaat, kopersulfaat, kaliumjodide, natriumselen
Fruit|Clementijnen in Nectar|62.0|0.47|0.1|0.1|0.005|14.5|13.4|Mandarijnen, water, suiker.
Flesvoeding en preparaten||70.0|2.1|2.5|0.68|0.1|9.9|5.2|Magere melk, water, maltodextrine, plantaardige oliën (palm, raapzaad (laag erucazuur), zonnebloem), lactose (melk), suiker, maïszetmeel, minerale zouten (calciumcitraat, magnesiumcitraat, ijzersulfaat, zinksulfaat, kaliumjodide), emulgator: sojalecithine
Flesvoeding en preparaten|NutriNova classic 3|66.0|1.3|2.9|1.2|0.06|8.4|6.4|Ingrediënten :  Lactose (MELK), plantaardige oliën (palmolie, koolzaadolie, kokosolie, zonnebloemolie), maltodextrine, magere MELK, wei-eiwit concentraat (MELK), galacto-oligosacharide (MELK), fructo-oligosacharide, calciumcarbonaat, VISolie, trikaliumcit
Flesvoeding en preparaten|Prima 3 babyvoeding 2x400g|465.0|9.01|18.77|7.79|0.35|62.82|40.35|gedemineraliseerde weipoeder (MELK), maltodextrine, plantaardige oliën (palm, raapzaad, zonnebloem), magere MELKpoeder, GOS (galacto-oligosachariden [MELK]), lactose (MELK), mineralen: kaliumcitraat, calciumcarbonaat, ijzer(II)sulfaat, calciumfosfaat, mag
Groente|Groene Peperzoet|24.0|0.8|0.1|0.0|0.003|3.8|3.8|Paprika.
Samengestelde gerechten|Fusilli alfresco|169.0|5.51|8.58|2.1|0.66|17.03|0.7|48% Gekookte fusilli (water, TARWEGRIESMEEL, raapzaadolie), 45% carbonarasaus (water, ui, 11% roomkaas met bieslook (roomkaas (MELK, room (MELK), zout, verdikkingsmiddel: johannesbroodpitmeel, zuursel, stremsel), 4,9% bieslook, lente-ui, knoflook, MELKEIW
Graanproducten en bindmiddelen|Pasta Bella penne rigate zonder gluten|359.0|6.5|1.8|0.3|0.003|78.7|1.2|wit maïsmeel (65%), geel maïsmeel (29,5%), rijstmeel (5%), water, emulgator: mono- en diglyceriden van vetzuren.
Graanproducten en bindmiddelen|Bella pasta penne rigati glutenvrij|359.0|6.5|1.8|0.3|0.003|78.7|1.2|wit maïsmeel (65%), geel maïsmeel (29,5%), rijstmeel (5%), water, emulgator: mono- en diglyceriden van vetzuren.
Graanproducten en bindmiddelen|Glutenvrije pastavellen 250g|362.0|6.1|1.6|0.3|0.25|79.9|0.47|maïsmeel, rijstmeel.
Kruiden en specerijen|Verkruimelde witte peper|345.0|8.0|2.2|0.5|0.09|63.8|1.9|100% witte peper.
Kruiden en specerijen|Bleke Peper|283.0|10.4|2.1|0.6|0.01|42.4|0.0|Witte peper.
Kruiden en specerijen|Spicado kruiden witte peper fijngemalen 50 g||||||||
Kruiden en specerijen|Donkere Peper|376.0|10.0|10.0|1.0|0.025|56.5|0.0|Zwarte peper.
Kruiden en specerijen|Donkere peper|376.0|10.0|10.0|1.0|0.025|56.5|0.0|Zwarte peper.
Graanproducten en bindmiddelen|Kruidenrijst 300g|445.0|13.6|18.6|2.87|0.115|54.2|7.4|"rijst 64,5%, gekonfijte papaja 12% (gedroogde papaja 5,2%, glucose-fructosestroop, rijstbloem, poedersuiker, zuurteregelaar: citroenzuur), pompoenpitten 10,5%, zonnebloempitten 8%, AMANDEL 5%.

Kan bevatten: tarwe en gerst (gluten), spelt (tarwegluten) en"
Graanproducten en bindmiddelen|Graanschat Rijst|347.0|8.6|2.0|0.5|0.0|71.0|0.7|33% zilvervlies rijst, 33% witte rijst, gerst, tarwe, 5% wilde rijst.
Suiker, snoep, zoet beleg en zoete sauzen|Cacao krenten|396.0|4.4|13.1|8.2|0.15|62.9|60.5|"50% Rozijnen, 48% melkchocolade (suiker, volle MELKPOEDER, cacaomassa*, cacaoboter*, weipoeder (MELK), emulgator: SOJALECITHINE), natuurlijk vanillearoma), glucosestroop, glansmiddel: E414/E904, zonnebloemolie.
*Rainforest Alliance Gecertificeerd. Lees me"
Vlees en gevogelte|Biefstuk Deluxe 15x200g (3 kilogram)|165.0|23.0|8.1|3.5|0.0|0.0|0.0|100% 100% Rundvlees
Vlees en gevogelte|Ribstuk Royale xl (uy)|255.0|19.0|20.0|8.0|0.1|0.0|0.0|Rundvlees 100%.
Vlees en gevogelte|Entroqueen steak|165.0|23.0|8.1|3.5|0.0|0.5|0.5|100% rundvlees
Vlees en gevogelte|O's de Entrecôt v2|158.0|20.7|8.3|3.4|0.18|0.0|0.0|100% Rundvlees Herkomst:Ierland
Samengestelde gerechten|Delano huzarensalade met aardappelblokjes, kipfilet en gemengde groenten 5kg|157.0|2.3|10.0|1.0|1.2|13.3|4.2|48% aardappel, water, raapolie, 8% wortel, 5% doperwten, corned beef (4% gekookt rundvlees, water, aardappelzetmeel, zout, conserveermiddel: E250), 3% augurk, suiker, 2% zilverui, azijn, zout, vrijeuitloop-EIGEEL, maïszetmeel, gemodificeerd maiszetmeel, c
Samengestelde gerechten|Sjacharensoepje|145.0|1.6|9.0|0.8|1.2|13.7|3.8|aardappel, water, raapolie, 7% wortel, 3.9 augurk, suiker, 2.1% rundvleesproduct (1.6% gekookt rundvlees, water, aardappelzetmeel, zout, conserveermiddel: E250), 1,6% zilverui, komkommer, appel, azijn, maiszetmeel, zout, 1.0% doperwten, vrije UITLOOPEI-ei
Samengestelde gerechten|Middagssalade provençaal 255g|80.0|6.81|5.011|0.939|1.023|1.558|1.067|lollo biondo 23,4%, komkommer 17,7%, tonijn 17,7% (tonijn [VIS], water, zout), scharrelEI 15,8%, vinaigrettedressing 9,8% (water, citroensap, azijn, olijfolie, raapzaadolie, mosterd [azijn, MOSTERDzaad, zout, kurkuma], suiker, zout, specerijen [knoflookpo
Niet-alcoholische dranken|Pomelonesap|34.0|0.5|0.0|0.0|0.003|7.3|7.3|100% versgeperst grapefruitsap.
Samengestelde gerechten|Oma's hartige hachée|97.0|8.8|3.6|0.1|1.0|7.6|3.5|(38%)runderpoulet (97% rundvlees, zout, peper, gemodificeerd maïszetmeel, verdikkingsmiddel: guarpitmeel, gekarameliseerde suiker), water, ui, appelblokjes (appel, voedingszuren: citroenzuur, ascorbinezuur), juspoeder(gemodificeerd maïszetmeel, TARWEBLOEM
Samengestelde gerechten|Oma's stoofpot familiegrootte (rundvlees) (1700 gram)|74.0|9.2|1.4|0.6|1.04|7.9|3.4|(38%) runderpoulet(96% rundvlees, aardappelzetmeel, zout, zuurteregelaar: E640, gekarameliseerde suiker), water, ui, appelblokjes(appel, voedingszuur: citroenzuur), juspoeder(gemodificeerd maïszetmeel, TARWEBLOEM, witte wijnextract (SULFIET), groentepoede
Soepen|Paprika groentesoep 750 ml - zoutarm pk|39.0|1.4|1.4|0.5|0.65|4.9|2.8|tomaat 42,8% (tomatenpuree, tomatenstukjes, tomatensap), water, groenten (wortel 3,6%, prei 3,1%, bleekselderij 2,9%, ui 2,5%), soepballen 5,8% (varkensvlees Beter Leven 1 ster, rundvlees Beter Leven 1 ster, water, varkenscollageen, zout, kruiden, speceri
Soepen|Tomatenstoof|48.0|1.7|1.1|0.5|0.65|7.6|4.6|50% tomatenpuree, 17% tomatenpassata, 10% tomaten, 7% gekookte vermicelli (water, TARWEGRIESMEEL, SCHARRELKIPPENEI-EIWIT), 5% soepballen (varkensvlees*, rundvlees*, varkenscollageen, antioxidant: citroenzuur, zout, varkenseiwit, kruiden, specerijen, uienp
Soepen|Pomatensoep|48.0|1.7|1.1|0.5|0.65|7.6|4.6|50% tomatenpuree, 17% tomatenpassata, 10% tomaten, 7% gekookte vermicelli (water, TARWEGRIESMEEL, SCHARRELKIPPENEI-EIWIT), 5% soepballen (varkensvlees*, rundvlees*, varkenscollageen, antioxidant: citroenzuur, zout, varkenseiwit, kruiden, specerijen, uienp
Soepen|Pomatoensoep|52.0|1.9|1.6|0.4|0.83|5.9|3.7|83% tomaat (tomatenpuree, water, tomatenblokjes), 5% soepballen (varkensvlees*, rundvlees*, TARWEZETMEEL, water, zout, varkenseiwit, stabilisator: E450/E451, specerijen, conserveermiddel: E250), gekookte vermicelli (water, TARWEGRIESMEEL, SCHARRELEI-EIWIT
Suiker, snoep, zoet beleg en zoete sauzen|De authentieke zoetstroop|300.0|0.0|0.0|0.0|0.5|75.0|75.0|suikerstroop
Gebak en koek|Klaai klaai|370.0|6.5|3.0|1.5|0.18|78.0|39.0|bloem (rogge, tarwe), glucose-fructosestroop, suiker, plantaardige olie (palm, raap, zonnebloem), steranijs, rijsmiddel (natriumcarbonaat [E500], ammoniumcarbonaat [E503]), melkeiwit, zout, invertsuikerstroop, dextrose.
Melk en melkproducten|Karamisu|305.0|3.2|16.1|12.2|0.2|33.0|19.0|gereconstitueerde magere melk, glucosestroop, 17% mascarpone (slagroom (melk), zuurteregelaar: melkzuur), 10% koek (tarwebloem, suiker, el*, aardappelzetmeel, emulgator: mono- en diglyceriden van vetzuren***; kokosolie, rijsmiddelen: difosfaten, natriumca
Groente|Bospruik|31.0|1.5|0.4|0.1|0.015|4.2|4.1|Bosui.
Groente|Duinui||||||||
Groente|Groenei 4mm tas 500gr (530 gram)|31.0|1.5|0.4|0.1|0.0|4.2|4.1|bosui
Kruiden en specerijen|Herbanelle||||||||
Kruiden en specerijen|Kruismint|49.0|3.8|0.7|0.2|0.05|5.1|0.0|
Kruiden en specerijen|Minterij|49.0|3.8|0.7|0.2|0.005|5.1|5.1|Munt.
Kruiden en specerijen|Krent|49.0|3.8|0.7|0.2|0.005|5.1|5.1|Munt.
Kruiden en specerijen|FrischeMint||||||||
Kruiden en specerijen|Kruid thee|49.0|3.8|0.7|0.2|0.005|5.1|5.1|Munt.
Kruiden en specerijen|Kruidpot basilicum|334.0|0.0|0.0|0.0|0.0|67.0|0.0|"Oregano*.

*van biologische oorsprong"
Kruiden en specerijen|Selrenij|16.0|1.0|0.0|0.0|0.2|2.0|2.0|.
Melk en melkproducten|Lichtromige zachte yoghurt met fruit, perziken-passionfruit|84.0|3.5|1.4|1.0|0.08|14.0|13.0|YOGHURT, 16% perzik-maracujabereiding (suiker, perzik, water,gemodificeerd zetmeel, maracujasap uit maracujaconcentraat, natuurlijk aroma,zuurteregelaars: citroenzuur, natriumcitraat) suiker
Melk en melkproducten|Yoghurt mediterrane stijl framboos 100g|60.0|3.9|1.5|1.1|0.14|7.6|7.1|halfvolle yoghurt 84% (MELK), suiker, aardbeienpuree uit concentraat 4,5%, water, MELKeiwit 1,4%, aardbeiensap 1,2%, rijstzetmeel, stabilisatoren: pectinen en E412, natuurlijk aroma, geconcentreerd citroensap, zwarte wortelsapconsentraat.
Flesvoeding en preparaten|NutriLife start 1 mini-pack|66.0|1.3|3.4|1.5|0.1|7.3|7.2|Lactose (MELK), plantaardige oliën (palmolie, koolzaadolie, kokosolie, high oleic zonnebloemolie, zonnebloemolie), gedemineraliseerde wei (MELK), magere MELK, galacto-oligosachariden (MELK), wei concentraat (MELK), fructo-oligosachariden, calciumfosfaat,
Vlees en gevogelte|Gebakken d-friedanderstontade +v+w|106.231|22.592|1.643|0.772|1.391|0.165|0.157|(98%)kalfsvlees, zout, palmolie, kruiden en specerijen .
Kaas|100v1 pl. 45+ freshChoice belegen (18 gram)|332.0|25.5|25.5|18.1|2.13|0.0|0.0|gepasteuriseerde MELK, zout, zuursel (bevat MELK), dierlijk stremsel, conserveermiddel: natriumnitraat (E251), kleurstof: carotenen
Hartig broodbeleg|Krokante Komkommersalade|188.0|0.6|17.4|1.3|0.62|6.9|4.8| 56% komkommer, water, raapzaadolie, suiker, maïszetmeel, VRIJE-UITLOOPEIGEEL, azijn, zout,gemodificeerd maïszetmeel, verdikkingsmiddel: E415, conserveermiddelen: E202/E211, bieslook, dille,voedingszuur: E330
Groente|Broccolovista||||||||
Aardappelen en knolgewassen|Zudelse pracht vastkokend|88.0|2.0|0.0|0.0|0.1|19.0|1.0|
Aardappelen en knolgewassen|Stukjes 20mm|78.0|1.9|0.0|0.0|0.04|16.6|0.2|100% Vers voorgekookte aardappelen
Groente|Zuurzoete Kruiderken|31.0|0.6|0.2|0.1|0.7|5.5|5.5|Augurken, water, azijn, suiker, zout, MOSTERDZAAD, dille, paprika, ui, natuurlijke aroma's.
Groente|Kesselhoek frocera|17.0|1.5|0.4|0.0|0.25|1.1|0.9|Augurk, water, azijn, zout, zoetstof: sacharine, conserveermiddel: E211, natuurlijke aroma's (MOSTERD), kleurstof: riboflavine (vitamine B)
Vleesvervangers en zuivelvervangers|Knakbolletjes|186.0|18.6|8.1|1.8|1.9|8.2|2.8|77% SOJA structuur (water, SOJA-eiwit, TARWE-eiwit, TARWEzetmeel, zout), plantaardige oliën (zonnebloem, raap), ui, vrije-uitloopkippenEI-eiwit, zetmeel, kruiden en specerijen, dextrose, verdikkingsmiddel: carrageen, gebrande suiker, aroma, gistextract, p
Fruit|Rubijnbessen||||||||
Gebak en koek|Duo Donut Delight|425.36|5.9|25.96|13.04|0.67|41.85|14.68|TARWEbloem, water, Plantaardig Vet(palm, kokos), dextrose, suiker, suiker, gist, Plantaardige Olie(zonnebloem), SOJAbloem, lactose(MELK), Gedeeltelijk Gehard Plantaardig Vet(palm), plantaardig vet (gehard), plantaardige olie (gehard), lactose(MELK), weipo
Fruit|Zachte feta blokjes 40+ met kruiden (2,5 kilogram)|518.0|3.6|56.0|6.7|2.2|0.2|0.1|Koolzaadolie 47%, groene en zwarte olijven 31% (stabilisator: E579), kaas 22% (gepasteuriseerde koeMELK, zout, microbieel stremsel, startercultuur), kruiden en specerijen.
Suiker, snoep, zoet beleg en zoete sauzen|Freestraw Delight|168.0|0.0|0.0|0.0|0.0|68.4|0.0|ZOETSTOFFEN XYLITOL, SORBITOL, MANNITOL, ASPARTAAM, ACESULFAAM K; GOMBASIS, VERDIKKINGSMIDDEL ARABISCHE GOM, BEVOCHTIGINGSMIDDEL GLYCEROL, VOEDINGSZUUR CITROENZUUR, EMULGATOR SOJALECITHINE, VOEDINGSZUUR APPELZUUR, AROMAS, GLANSMIDDEL CARNAUBAWAS, ANTIOXID
Gebak en koek|Herbistel protein bar crispy toffee bean essence|364.0|31.0|16.0|9.4|0.59|28.0|3.0|"MELKCHOCOLADECOATING* MET ZOETSTOF (30%) (ZOETSTOF (MALTITOL), CACAOBOTER*, VOLLE MELKPOEDER, CACAOMASSA*, EMULGATOR (SOJALECITHINE), NATUURLIJK
VANILLEAROMA), KARAMELLAAG MET VEZELS (17%) (POLYDEXTROSE, GECONDENSEERDE MELK, CACAOBOTER*, BEVOCHTIGINGSMIDD"
Samengestelde gerechten|Kalfsdelight groot 808g|130.0|11.185|7.612|3.234|0.962|3.942|1.097|kalfsblanket 99,3% (kalfsblanket 44,9% [kalfsstoofvlees, water, marinade (zout, conserveermiddel: E262, vezel [inuline, cichorei], zuurteregelaar: E331, glucosestroop, aroma), kruiden], water, spekreepjes [varkensvlees, water, zout, glucosestroop, dextros
Graanproducten en bindmiddelen|GroenParel - biologische pandan rijst 400g|357.0|6.1|0.7|0.18|0.01|81.1|0.12|"Pandanrijst wit*.
*= van gecontroleerde biologische oorsprong.

Dit product kan sporen van NOTEN bevatten."
Graanproducten en bindmiddelen|Tignora verdi rijst organica 1200 gram|361.0|7.4|0.3|0.0|0.023|81.3|0.3|Roma rijst integrale.
Samengestelde gerechten|Klassieke lunchsalade zalm|108.0|6.5|6.0|0.9|0.83|6.4|1.6|groente (12% ijsbergsla, 10% wortel, 9,3% krulsla), 23% aardappel, 16% tonijn, water, 8,8% scharrelei, plantaardige olie (raap, zonnebloem), 3,1% Leccino olijf, azijn, zout, suiker, glucosestroop, gemodificeerd maïszetmeel, specerijen (o.a. mosterd), scha
Niet-alcoholische dranken|Citroen Glow fl 6x500 - suikervrij|39.0|0.0|0.0|0.0|0.02|9.45|9.45|koolzuurhoudend water, suiker, voedingszuren: citroenzuur en appelzuur, natuurlijk citroen-limoenaroma, natuurlijk aroma, zuurteregelaar: E331.
Graanproducten en bindmiddelen|Vissin bowl noodles beef|83.0|2.1|3.7|0.0|0.0|9.8|0.0|Noedels 88,1% [TARWEmeel, palmolie, zout, smaakversterker E621, meelverbeteraars (E500, E451), antioxidant E306, zuurteregelaar: citroenzuur], aromas (smaakversterkers: E627, E631; rijstolie, TARWE, SOJA, MELK), rundblokjes 1,7%, ERWTEN, WORTEL, MAIS, sma
Vlees en gevogelte|Grill ribstuk aziatisch 200gr 1pak|236.0|17.8|11.7|4.2|1.8|14.8|12.1|78% gegaarde spareribs (87% varkensvlees*, water, bruine basterdsuiker, zout, specerijen (paprikapoeder, zwarte peper, chilipoeder, komijn, koriander), natuurlijk aroma, knoflook, groentepoeder (ui, knoflook), suiker, voedingszuren: E262/E325, verdikkings
Vis, schaal- en schelpdieren|Jane Oost Nederland zee krul MSC zalm Italiaanse dressing 90 gram|140.0|19.0|6.3|0.8|1.0|3.0|1.5|TONIJN (62%) (Katsuwonus Pelamis), water, zonnebloemolie, bosuitjes, azijn, suiker, gemodificeerd zetmeel, knoflook, zout, verdikkingsmiddel: xanthaan gom, MOSTERDpoeder, peterselie, zwarte peper.
Alcoholische dranken|Tenraku goldmalt whisky 70cl||||||||
Alcoholische dranken|Dorbén feinrot lieblich 0,75 l||||||||
Vleesvervangers en zuivelvervangers|Natura soja proteïne drankje 1 l|57.0|5.0|2.8|0.5|0.1|2.5|2.5|Sojabasis (water, gepelde sojabonen (13,1%)), suiker, zuurteregelaar (kaliumfosfaten), calciumcarbonaat, aroma, zeezout, stabilisator (gellangom), vitaminen (B2, B12, D2)
Vlees en gevogelte|X-blindekakel +m+r v2 (0,1 kilogram)|111.0|20.38|1.64|0.04|1.13|3.96|0.22|(86%)kalfsvlees, water, paneermeel (tarwe, gluten), zout, voedingszuur (E262, E331, E330), antioxidant (E301, E300), glucosestroop, kruiden en specerijen .
Vleeswaren|Beenvlees met Been Deluxe 6 kg|126.0|18.0|5.0|1.7|2.3|2.2|1.5|varkensvlees, water, zout, dextrose, aardappelzetmeel, stabilisator (E450, E451, E407a), antioxidant (E301), natuurlijk aroma, smaakversterker (E621), selderij extract, varkenshemoglobine, conserveermiddel (E250), rook
Vlees en gevogelte|L-fritandeau rollado v3 vac (1 kilogram)|103.0|23.31|1.29|0.5|0.15|0.0|0.0|(>99%)kalfsvlees, rundergelatine.
Kaas|Kaasstukjes mild gerijpt|381.0|25.8|30.9|18.9|2.06|0.0|0.0|gepasteuriseerde MELK, zout, zuursel (MELK), dierlijk stremsel, conserveermiddel: natriumnitraat, kleustof: carotenen.
Vlees en gevogelte|K-kjarnlap vac (0,1 kilogram)|108.0|17.7|3.3|0.0|0.18|2.0|0.0|(100%)kalfslever.
Gebak en koek|Pronk tompoucen|252.0|2.9|11.0|5.4|0.35|35.0|21.0|volle melk, water, suiker, tarwebloem, palmvet, dextrose, gemodificeerd maïszetmeel, glucosestroop, invertsuikerstroop, plantaardige olie (raap, palm), maïszetmeel, geleermiddel (carrageen [E407], natriumfosfaat [E339]), cacaomassa°, emulgator (mono- en d
Vlees en gevogelte|Varkensfilet, vers verpakt:5x200g (1 kilogram)|107.0|||||||varkensvlees.
Vlees en gevogelte|R-beefdeluxe v3 120 gram pack (0,12 kilogram)|135.0|21.3|5.5|2.2|0.18|0.0|0.0|(100%)rundvlees.
Vlees en gevogelte|Z-nierendelstuk v3 130 gram vac (0,130 kilogram)|135.0|21.3|5.5|2.2|0.18|0.0|0.0|(100%)rundvlees
Vlees en gevogelte|R- royale filet niet gepaneerd ## (0,130 kilogram)|155.0|22.68|6.83|1.25|0.52|0.52|0.0|varkensvlees, gepasteuriseerde melk(lactose), zout, zuursel, stabilisator E251, stabilisator E412, zetmeel, kleurstof (E160b), conserveermiddel (E251, E250), varkensvlees, water, aardappelzetmeel, gedroogde glucosestroop, maltodextrine, dextrose, stabilis
Vlees en gevogelte|Varkenstrots-shoarma, overheerlijk (dv) pakket: 1kg|161.0|20.7|8.2|3.1|1.28|1.0|0.0|varkensvlees (97%), kruiden, specerijen(MOSTERD), zout, ui, knoflook, maltodextrine, rijstebloem, gistextract, eiwithydrolysaat (SOJA), paprika-extract, zonnebloemolie, aroma natuurlijk (ui), kleurstof (E100)
Samengestelde gerechten|Mediterraanse mengeling|60.0|2.99|3.825|1.922|0.772|2.662|2.449|36% Komkommer, 15% witte kaas (MELK, zout, zuursel, vegetarisch stremsel), ui, cherrytomaat, rode paprika, groene paprika, gele paprika, 6,1% zwarte olijven.
Samengestelde gerechten|Mediterrane salade tray 9x100gr (1050 kilogram)|193.0|2.4|18.7|3.7|1.5|2.8|1.6|komkommer, tomaten, olijfolie, uien, zwarte olijven (zwarte olijven, water, zout, kleurstof (E579)), FETAKAAS (pekelwater (zout, voedingszuur (E270), water), WITTE KAAS (gepasteuriseerde KOEMELK, zout, zuursel, microbieel stremsel)), brandewijnazijn, oreg
Kaas|Panpan kruidenkaas 20+|240.0|33.1|11.9|8.0|2.5|0.0|0.0|gepasteuriseerde MELK, zout, komijn 1,4%, zuursel, vegetarisch stremsel, kleurstof: carotenen, conserveermiddel: E251.
Fruit|Zomerbeien||||||||
Fruit|Knipcrisp zoete peren (3000 gram)|60.0|0.3|0.2|0.0|0.0|13.0|10.0|appel
Fruit|Geschilderde appeltjes|54.0|0.4|0.0|0.0|0.003|12.0|12.0|appel, meelverbeteraar: E300.
Vetten en oliën|Koken en smoren|884.0|0.2|98.0|44.0|1.15|0.2|0.2|98% plantaardige oliën (palm, soja,raapzaad), aroma (melk), 1,2% zout, emulgator: lecithinen (zonnebloem); smaakversterker: mononatriumglutamaat; vitamine A, vitamine D, kleurstof: carotenen
Vetten en oliën|Rijnlands meisje plantaardig 250 g|695.0|0.5|79.0|34.0|1.5|0.5|0.5|Plantaardige oliën (palm# en raapzaad), water, zout (1,5%), emulgatoren (SOJALECITHINE, E471), droge MELKBESTANDDELEN, voedingszuur: citroenzuur, aroma's, kleurstof: caroteen, vitamine A en D, # Dit is duurzame palmolie.
Vetten en oliën|Smeer & sudder|884.0|0.5|98.0|44.0|1.22|0.5|0.5|Plantaardige oliën en vetten (palm, koolzaad, in wisselende verhoudingen), zout (1,2%), emulgator (lecithinen), aroma's, magere melkpoeder, weiproteïnen (melk), smaakversterker (E620, E621, E627, E631), vitamines (vitamine A, vitamine D), kleurstof (carot
Vetten en oliën|Smaak & klaar bewuster|819.0|0.4|90.6|8.7|0.07|0.6|0.6|plantaardige oliën en vetten (raapzaadolie, zonnebloemolie, geheel gehard raapzaadvet), karnemelkpoeder, kaliumchloride, emulgator: E322 (soja)/E471, rundvleesbouillonpoeder (zout, rundvlees- extract, aardappelzetmeel, aroma, palmolie, specerijen), antiox
Vetten en oliën|Essentieel vloeibaar kook- en bakproduct|664.0|0.0|73.8|7.3|1.33|0.5|0.5|plantaardige oliën (koolzaad, zonnebloem, geheel geharde koolzaad), water, 1,5% zout, emulgatoren: lecithinen (zonnebloem, soja); natuurlijk aroma, voedingszuur: citroenzuur; vitamine A, vitamine D, kleurstof: carotenen.
Vetten en oliën|Broma roosteren en bakken 250 g|880.0|0.5|98.0|48.0|1.3|0.6|0.5|Plantaardige oliën (palm, koolzaad, volledig geharde palm, zonnebloem), zout (1,3%), droge melkbestanddelen, emulgator (sojalecithine), smaakversterkers (mononatriumglutamaat, dinatriumguanylaat, natriuminosinaat), natuurlijke aroma's, vitamine A en D
Vetten en oliën|Fase Pro Langdurige Echte Botersensatie 0,9 l|877.0|0.5|99.0|13.0|0.78|0.5|0.5|Plantaardige oliën 99% (zonnebloem, geheel geharde raapzaad), zout 0,78%, emulgator (zonnebloemlecithine), natuurlijk aroma, kleurstof (caroteen)
Vetten en oliën|Culinair Proxima Elite 2,5 l|812.0|0.5|92.0|6.8|0.01|0.5|0.5|Raapzaadolie, emulgator (zonnebloemlecithine), natuurlijke aroma, kleurstof (caroteen)
Vetten en oliën|Kremia koken en braden zacht|883.0|0.4|98.0|9.3|1.2|0.7|0.6|plantaardige oliën en vetten 97% (raapolie, zonnebloemolie, geheel geharde raapolie), KARNEMELKPOEDER, zout, emulgatoren: zonnebloemlecithine en mono- en diglyceriden van vetzuren, roomboteraroma, aroma, antioxidant: E304 en E306, kleurstof: caroteen, vit
Vetten en oliën|Fleisch & Saus|807.0|0.5|89.0|13.0|1.3|0.7|0.7|Plantaardige oliën en vetten (zonnebloem, soja, palm, in wisselende verhoudingen), zout (1,4%), magere melkpoeder, emulgator (sojalecithine), aroma's, smaakversterkers (E621, E631, E627, E620), vitamines (A en D), kleurstof (caroteen).
Vetten en oliën|Flowture Plantaardige Olie-Versmelting|659.0|0.0|73.0|8.0|1.35|0.0|0.0|Koolzaadolie, water, palmvet, zout, emulgator: E471/lecithinen, voedingszuur: citroenzuur, aroma, kleurstof: bèta-caroteen.
Fruit|Banaanza||||||||
Brood|Knabbelt volkoren|385.0|14.1|4.3|1.2|0.75|68.5|10.0|"41% Volkoren TARWEMEEL*, 41% TARWEMEEL*, glucosestroop*, gist, suiker*, 1,2% EI*, zout, raapzaadolie*, emulgator: SOJALECITHINE*, meelverbeteraar: ascorbinezuur. 
*van biologische oorsprong   

Dit product kan sporen van SESAM bevatten."
Brood|Volkoren knabbelschuit|388.0|16.4|7.6|2.7|0.73|59.6|8.9|Volkoren TARWEMEEL, glucose-fructosestroop, TARWEGLUTEN, gist, gesuikerd vrije UITLOOPKIPPENEI (vrije UITLOOPKIPPENEI, suiker), palmvet, emulgator: zonnebloemlecithine, TARWEMOUTBLOEM, GERSTEMOUTMEEL, zout, meelverbeteraar: ascorbinezuur, rijsmiddel: E501
Niet-alcoholische dranken|Viva Loco Zero 0.0%|32.0|0.5|0.0|0.0|0.01|7.8|4.0|water, GERSTEMOUT, glucosesiroop, suiker, hopextract, natuurlijke aroma's, zuurteregelaar: citroenzuur.
Niet-alcoholische dranken|Dorstvrij Blond 0.0 blik 6st/330ml|15.0|0.2|0.0|0.0|0.0|3.6|1.75|water, GERSTemout, natuurlijke aroma's, hop, hopextract
Alcoholische dranken|200 watt - 250 watt||||||||water, GERSTEMOUT (Pils, Cara en Roostmouten), HAVERVLOKKEN, Hop (Perle, Columbus, Cascade, Centennial), en gist
Alcoholische dranken|Dionysos kersbier||||||||Bevat TARWE en mout van GERST, suiker en zoetstof: steviolglycosiden uit Stevia.
Alcoholische dranken|Brabantse Donker Bruin|38.0|0.1|0.0|0.0|0.0|5.3|3.1|natuurlijk mineraalwater, GERSTEMOUT, suiker, maltose, kleur (karamel E150c) hop.
Alcoholische dranken|Zeestorm wit||||||||
Alcoholische dranken|Antwerpse wijs bok||||||||
Alcoholische dranken|Lentegroot Bokbier|62.0|0.5|0.0|0.0|0.0|5.0|0.0|water, GERSTEmout, TARWEmout, hop
Alcoholische dranken|Nordlinger witbrau weißbier 0.33liter||||||||water, TARWEMOUT, GERSTEMOUT, hop, gist.
Alcoholische dranken|Korenhoop sneeuw bier||||||||Water, GERST, TARWE, HAVER, Hop, Korianderzaad, Jacmelschil, Zoete sinaasappelschil, Paradijszaad en Gist.
Alcoholische dranken|Blijmans vruchtlief blik 25 cl||||||||Water, gerstemout, tarwemout, 15% vruchten (kriek, framboos, bosbes, vlierbes, aardbei), fructose, aroma, hop, zoetstof: acesulfaam-K
Alcoholische dranken|Hessenborgs kriek sélection français||||||||wilde gisten uit de Pajotse lucht, water, GERSTEMOUT, ONGEMOUTE TARWE en overjaarse hopbellen
Alcoholische dranken|Klifgaard blondbier||||||||Bevat GERSTEMOUT
Niet-alcoholische dranken|Brewers 0.0% Limoen Radler|34.0|0.4|0.0|0.0|0.01|7.9|6.4|water, GERSTEMOUT, natuurlijk aroma en hop.
Niet-alcoholische dranken|Hollandse Breezer 0.0 Bier Limoen Kist 24 x 30 cl|39.0|0.2|0.1|0.0|0.01|9.7|8.6|Koolzuurhoudend water, gerstemout, suiker, vruchtensap 5% uit concentraat (citroensap 2,7%, sinaasappelsap, limoensap, acerolasap), hop, hopextract, geconcentreerd citroenextract, natuurlijk aroma, stabilisator: johannesbroodpitmeel, citroengrasextract
Niet-alcoholische dranken|Brouwerij Duinen citroen dubbel fris 0.0%|27.0|0.1|0.1|0.0|0.01|6.0|5.6|koolzuurhoudend water, GERSTEMOUT, suiker, vruchtensap 5% uit concentraat (limoensap 1,8%, citroensap 1,4%, sinaasappelsap, acerolasap), hop, hopextract, geconcentreerd citroenextract, natuurlijk aroma, stabilisator: johannesbroodpitmeel
Niet-alcoholische dranken|Kronkel radler lime 0.0|33.0|0.1|0.1|0.0|0.01|8.2|6.7|koolzuurhoudend water, GERSTEMOUT, suiker, vruchtensap 4,5% uit concentraat (grapefruitsap 1,6%, citroensap, limoensap, acerolasap), hop, hopextract, geconcentreerd citroenextract, natuurlijke aroma's, stabilisator: johannesbroodpitmeel, kleur: anthocyane
Gebak en koek|Admiral loopo micro shimmers (sneeuw chocolade)|509.0|6.1|27.0|14.0|0.3|60.0|30.0|65% cacaobiscuit (tarwemeel, suiker, palmolie, 4% cacaopoeder, glucose-fructosestroop, 1,7% magere melkpoeder, rijsmiddelen: ammoniumcarbonaten, natriumcarbonaten, difosfaten; zout, emulgator: lecithinen (zonnebloem); aroma), 23% witte chocolade (suiker,
Gebak en koek|Nordic Biscuits Vanilla Delight 250g|449.0|5.0|12.9|6.9|0.2|77.7|36.4|TARWEbloem, suiker, plantaardige vetten (palm), glucosestroop, rijsmiddel:E503, zout, magere MELKpoeder, emulgator:E322, aroma. Kan sporen bevatten van ROGGE, GERST (GLUTEN).
Gebak en koek|Bakkertje crunelly|496.0|6.3|23.0|13.0|0.57|66.0|38.0|"MELKCHOCOLADE 50% (suiker, cacaoboter, cacaomassa, magere MELKPOEDER, MELKVET, emulgator (SOJALECITHINE), natuurlijk aroma), TARWEBLOEM, suiker, plantaardige oliën (palm, raap), invertsuikerstroop, rijsmiddelen (E500, E450), kokossnippers, zout, aroma. 
K"
Gebak en koek|Bessenbiscuit bosmix|383.0|5.0|7.0|1.5|0.38|74.0|33.0|TARWEBLOEM, 21% rozijnen, volkoren TARWEMEEL, 8% bosvruchtenvulling (glucose-fructosestroop, suiker, bevochtigingsmiddel: glycerine, 7,6% fruitpuree (braam, rode bes, framboos), TARWEZEMELEN, dextrose, HAVERMEEL, geleermiddel: pectinen, 0,12% fruitconcent
Gebak en koek|Berrybessen koekjes 220g|396.0|6.4|6.1|0.9|0.683|77.2|38.9|tarwebloem, rozijnen 18,6%, bosvruchtenvulling 12,4% (glucosestroop, dextrose, bevochtigingsmiddel: E422, stabilisator: E460, gemodificeerd zetmeel [aardappel, tapioca], sapconcentraat [appel, framboos 0,1%, braam 0,1%, bosbes 0,1%, aronia], karamelsuiker
Gebak en koek|Haven's choco koekjes met snoepjes.|462.0|5.4|15.8|7.1|0.81|73.9|36.3|TARWEBLOEM, 21,5% cacaofantasie (suiker, gedeeltelijk gehard plantaardig vet in wisselende samenstelling (palmolie, zonnebloemolie, SOJAOLIE, shea olie, raapzaadolie), 1,7% magere cacaopoeder, emulgator (SOJALECITHINE), aroma), suiker, 10% decoratiesuiker
Gebak en koek|Krokante melkchocolade koekjes|465.0|9.0|16.0|9.0|0.5|70.0|35.0|"tarwebloem, suiker, plantaardige olie (pal, raap), cacaoboter, cacaomassa, glucosestroop, mageremelkpoeder, weipoeder, plantaardig vet (mangopit, sal, shea, palm), melkvet, rijsmiddel (difosfaat [E450],
natriumcarbonaat [E500], ammoniumcarbonaat [E503]),"
Gebak en koek|Schaakvriendjes donker|494.0|7.0|23.0|15.0|0.43|63.0|32.0|"48% pure chocolade (suiker, cacao massa, cacao boter, botervet (MELK), emulgator: SOJALECITHINE), TARWEBLOEM, suiker, 7% boter (MELK), glucosestroop, rijsmiddel: E503/E450/E500; magere MELKPOEDER, emulgator: SOJALECITHINE, zout.

Dit product kan sporen va"
Gebak en koek|ChocoVerte Digestief melk 4 x 3 x 400 g|495.0|6.7|23.6|12.4|1.0|62.2|29.5|Bloem 39% (tarwebloem, calcium, ijzer, niacine, thiamine), melkchocolade 30% [suiker, cacaoboter, cacaomassa, magere melkpoeder, weipoeder (melk), boterolie (melk), plantaardige vetten (sal en/of shea, palm), emulgatoren (sojalecithine, E476), natuurlijk
Gebak en koek|Schaduwmaatjes noir|494.0|7.0|23.0|15.0|0.43|63.0|32.0|"48% pure chocolade (suiker, cacao massa, cacao boter, botervet (MELK), emulgator: SOJALECITHINE), TARWEBLOEM, suiker, 7% boter (MELK), glucosestroop, rijsmiddel: E503/E450/E500; magere MELKPOEDER, emulgator: SOJALECITHINE, zout.

Dit product kan sporen va"
Gebak en koek||475.0|6.5|17.8|9.7|0.47|71.0|39.4|61% Biscuit (TARWEBLOEM, suiker, palmolie, glucose-fructosestroop, GERSTEMOUTEXTRACT, zout, rijsmiddel: E500/E503), 27% melkchocolade (suiker, cacaoboter*, cacaomassa*, magere MELKPOEDER, weipoeder (MELK), MELKVET, plantaardige vetten (sal, palm, shea in
Gebak en koek|Van Haarden Delfikjes 250g|462.0|5.4|15.8|7.1|0.81|73.9|36.3|TARWEBLOEM, 21,5% cacaofantasie (suiker, gedeeltelijk gehard plantaardig vet in wisselende samenstelling (palmolie, zonnebloemolie, SOJAOLIE, shea olie, raapzaadolie), 1,7% magere cacaopoeder, emulgator (SOJALECITHINE), aroma), suiker, 10% decoratiesuiker
Gebak en koek|Haarlems hoekje puur|505.0|6.5|25.0|16.0|0.25|61.0|37.0|suiker, cacaomassa, tarwebloem, cacaoboter, 4% roomboter, glucosestroop, boterolie, rijsmiddel (natriumcarbonaat [E500], ammoniumcarbonaat [E503]), emulgator (sojalecithine [E322]), vollemelkpoeder, vegetarisch weipoeder, zout, voedingszuur (citroenzuur [
Graanproducten en bindmiddelen|Vers quiche- & piekrust|425.0|5.7|25.0|12.0|0.88|41.0|2.9|tarwebloem; palmvet: water: koolzaadolie: ethylalcohol: tarwezetmeel; zout; suiker: voedingszuur: citroenzuur; antioxidant: ascorbinezuur. Kan sporen van melkbestanddelen bevatten.
Graanproducten en bindmiddelen|Aytak tarwemeel|348.0|10.0|1.0|0.1|0.003|72.3|0.7|Tarwebloem
Graanproducten en bindmiddelen|Koren meel|349.0|11.0|1.1|0.2|0.0|72.0|1.0|tarwebloem.
Suiker, snoep, zoet beleg en zoete sauzen|Chocoliance bonbon noir (1000 gram)|491.0|3.75|32.0|18.5|0.007|44.0|41.28|suiker, cacaomassa, gezoete slagroom (slagroom (MELK), suiker, verdikkingsmiddel: (E407)), Margarine (plantaardig vet (palm , Kokos (kokosnoot)), water, plantaardige olie (Raapzaadolie, zonnebloemolie), emulgatoren (E471, E475), Zuurteregelaar: Citroenzuu
Suiker, snoep, zoet beleg en zoete sauzen|Edelhoorn suikervrije mintpastilles|292.0|0.4|9.9|9.6|0.0|83.8|0.1|zoetstoffen (maltitolstroop, mannitol), geheel gehard kokosvet, gelatine, emulgatoren (mono- en diglyceriden, lecithinen), natuurlijk aroma. Overdreven consumptie kan een laxatief effect hebben. KAN SPOREN BEVATTEN VAN MELK EN NOTEN.
Vetten en oliën|Melkzacht 400g|747.0|0.6|82.4|52.6|0.013|0.7|0.7|gepasteuriseerde room (MELK), zuursel.
Vetten en oliën|Natuurlijke boerderijboter licht gezouten 250g|727.0|0.7|80.0|58.0|1.0|1.0|1.0|"room (MELK)*, zout, zuursel (MELK).
*Van biologische oorsprong."
Vetten en oliën|Zilte romerboter|735.0|0.7|81.0|54.0|0.6|0.8|0.8|"roomboter*, 0,6% zout.
EU Landbouw
*Van biologische oorsprong."
|Klausen Försterwald Wildjus|15.0|0.9|0.0|0.0|1.3|1.5|1.4|wildbouillon (water, vleesbeenderen van ree en hert, wortel, pastinaak, prei, SELDERIJ, uien, kruiden), Madeirawijn, gehydroliseerd plantaardig eiwit, suiker, vleesextract, zout, specerijen, natuurlijk jeneverbesaroma
Vetten en oliën|Botersnoep rol havermout 250g|729.0|0.6|80.5|58.2|1.5|0.6|0.6|roomboter (MELK), zeezout 1,5%.
Vetten en oliën|Karnemelk kerel 100g|744.0|0.7|82.0|57.0|0.0|0.9|0.9|roomboter (MELK).
|Bouillon haan|12.0|1.5|0.6|0.2|0.83|0.1|0.0|water, 23% kippenvleesª, zout, kippenvet, natuurlijk aroma (ei), tomatenpuree, specerijen. ªBeter Leven keurmerk 1 ster.
|Bouillon beefstar|15.0|1.7|0.8|0.4|0.83|0.1|0.0|water, 23% rundvlees(b), zout, rundervet, natuurlijk aroma (tarwe), ui, tomatenpuree, zwarte peper, rozemarijnextract.(b)Beter Leven keurmerk 2 sterren.
|O'krauf rundbroeisel|6.0|0.9|0.2|0.1|0.74|0.1|0.1|runderbouillon 100%: water, rundvlees 12%, zout, smaakversterker: E621, kleurstof: E150c, zonnebloemolie, aroma, specerij.
|Vleesschotel|48.0|5.9|2.4|1.2|3.01|0.5|0.2|"Water, 20% rundvlees*, zout, natuurlijk aroma's, rundvet, tomatenpuree, zwarte peper.

* = Beter Leven keurmerk 2 sterren"
|Rundvleesbroodje|9.5|1.0|0.6|0.3|1.0|0.0|0.0|water, 8,5% rundvlees, zout, rundervet, smaakversterker (E621, E627, E631), aroma's (tarwe, ei), kleurstof (E150c), specerijen (mosterd), kruiden, extract (selderij, kurkuma), raapolie.
|Boeufbouillon|9.5|1.0|0.6|0.3|1.0|0.0|0.0|water, 8,5% rundvlees, zout, rundervet, smaakversterker (E621, E627, E631), aroma's (tarwe, ei), kleurstof (E150c), specerijen (mosterd), kruiden, extract (selderij, kurkuma), raapolie.
Groente|Brocchino|27.0|2.9|0.7|0.1|0.03|0.8|0.5|"Waarvan toegevoegde suikers 0.00g per 100 gram en waarvan toegevoegd zout 0.00g per 100 gram
EU Landbouw"
Brood|Dorps mais half gesn.|262.42|10.226|3.282|0.509|0.961|46.454|1.859|tarwebloem, water, roggebloem, zonnebloempitten, sojazemelen, lijnzaad, dextrose, gist, tarwegluten, sesamzaad, roggezuurdesem (gedroogd), Verbeteraar [tarwegluten, dextrose, emulgatoren (E322, E472e), gerstemoutbloem (geroosterd), tarwebloem, meelverbete
Brood|Plattelands koren oog|240.0|9.42|3.16|0.59|0.879|44.67|1.49|TARWEBLOEM, water, 5,14% maisgries (geëxtrudeerd), bakkersgist, TARWEGLUTEN, TARWEZUURDESEM, zonnebloempitten, 1,1% maïsgries, 0,9% maisbloem, bakkerszout, dextrose, plantaardige oliën (raapzaad, palm, koolzaad), TARWEBLOEM (VOORVERSTIJFSELD), emulgatoren
Brood|Zongerijpte Cornobus|260.41|9.991|3.29|0.533|1.015|43.962|1.984|TARWEbloem, water, maisgries (geëxtrudeerd), zonnebloempitten, mais, TARWEgluten, gist, LUPINEmeel, maisgries, zout, weipoeder (MELK), dextrose, plantaardige olieen (koolzaad, raapzaad), SOJAbloem, suiker, kruiden en specerijen (mengsel), emulgatoren (E48
Brood|Bakker's Rijke Rye Fries|203.0|5.7|1.3|0.2|0.8|36.8|11.6|gebroken ROGGE, water, TARWEkiemen, gejodeerd zout, TARWEzemelen, voedingszuren E270, E262, conserveermiddelen: E200, E282
Brood|Bakker's korenbrood fries|203.0|5.7|1.3|0.2|1.2|36.8|11.6|gebroken ROGGE, water, TARWEKIEMEN, gejodeerd zout, TARWEZEMELEN, voedingszuren E270, E262, conserveermiddelen: E200, E282.
Brood|Knabbeltje roggevoer fries 250g|202.0|5.9|2.1|0.3|0.94|35.0|9.3|water, 57% volkoren gebroken ROGGE, TARWEZEMELEN, zout, voedingszuur (melkzuur), volkoren TARWEMEEL, TARWEMOUTMEEL, TARWEBLOEM.
Brood|Eco rozijnenbroodje x 12|259.0|7.1|1.2|0.3|0.975|52.8|28.6|TARWEbloem Bio, rozijnen Bio (34%), water, gist, TARWEgluten Bio, rietsuiker Bio, weipoeder Bio (MELK), zout, MELKpoeder Bio, LUPINEmeel Bio, plantaardig vet (palm Bio), meelverbeteraar (E300), voedingszuur (E322 (SOJA)), TARWEmoutmeel Bio, enzymen (TARWE
Brood|Krentencake 2 plakjes verpakt|250.29|6.69|1.59|0.61|0.76|49.93|26.18|rozijnen (36%), TARWEbloem, water, gist, TARWEgluten, suiker, weipoeder(MELK), bakkerszout, Emulgator(E471, E481, E472e), SOJAbloem, TARWEbloem (voorverstijfseld), dextrose, Geheel Gehard Plantaardige Vet(palm), Plantaardige Olie(raapzaad, zonnebloem), Ar
Brood|Zonnestralen rozijnenbrood 5st|309.0|9.143|3.99|1.178|0.889|57.435|27.0|TARWEbloem, krenten 35%, water, bakkersgist, plantaardige oliën (palm, raapzaad, zonnebloem), TARWEgluten, dextrose, weipoeder (MELK), gejodeerd zout, gedroogd ROGGEzuurdesem, TARWEmoutmeel, enzymen (TARWE), meelverbeteraar: E300, natuurlijke aroma's (sin
Brood|Rozijnenbroodjes 6 stuks|292.93|6.32|1.92|0.87|0.93|59.3|12.97|TARWEBLOEM, rozijnen, water, krenten, gist, TARWEGLUTEN, weipoeder (MELK), suiker, bakkerszout, emulgator(E471, E472e, E481) (TARWE), voorverstijfselde TARWEbloem, SOJABLOEM, geheel gehard en plantaardig vet (palm), meelverbeteraar(E920, E300), plantaardi
Brood|Bramen-bessen broodjes 6st|273.0|7.6|2.23|1.05|0.824|54.25|23.29|TARWEBLOEM, 22% rozijnen, 11% krenten, water, bakkersgist, TARWEGLUTEN, dextrose, weipoeder (MELK), plantaardige oliën (raapzaad, palm, zonnebloem, koolzaad), bakkerszout, BOTERPOEDER, emulgatoren (plantaardig): E482/E471/E472e,  rijsmiddelen: E450/E500ii
Brood|Solo broodjes rozijnen|258.12|6.37|2.37|1.09|0.88|52.11|28.23|rozijnen, TARWEbloem, water, gist, TARWEgluten, suiker, Emulgator(E471, E481, E472e), bakkerszout, weipoeder(MELK), dextrose, Geheel Gehard Plantaardige Vet(palm), ROGGEbloem, Plantaardige Olie(raapzaad, zonnebloem), Aroma(aroma), enzymen(TARWE), erwtenei
Brood|Krentenkrol|299.4|10.12|7.24|0.72|0.7|53.19|30.84|rozijnen(37%), TARWEbloem, water, gist, suiker, dextrose, bakkerszout, ROGGEbloem (voorverstijfseld), wei-eiwit (concentraat)(MELK), weipoeder(MELK), SOJAbloem, EI, ROGGEbloem, gistextract, enzymen(TARWE), veldbonenmeel, Gedeeltelijk Geharde Plantaardige
Brood|Vomar - bessen-bramenbol 6 st|249.0|6.9|1.8|0.8|0.8|49.3|25.9|"TARWEBLOEM, rozijnen (24%), water, krenten (8%), bakkersgist, suiker, TARWEGLUTEN, weipoeder [MELK], bakkerszout, veldbonenmeel,
roomboterpoeder [MELK], enzym [TARWE], TARWEMOUTBLOEM, koolzaadolie, ROGGEMEEL, dextrose, raapzaadolie, zonnebloemolie, aroma,"
Brood||247.2|9.18|6.74|0.8|1.04|35.42|1.61|TARWEbloem, water, volkorenTARWEmeel, zonnebloempitten, desem (2%), gierst**, lijnzaad, GERSTemoutmeel, bakkerszout, dextrose, TARWEgluten**, HAVERvlokken, pompoenpitten, SESAMzaad (ongepeld), veldbonenmeel, durumTARWEbloem, TARWEgluten, Plantaardig Vet(p
Brood|plattelands zonneschijn meergranen brood|245.0|10.4|2.61|0.45|1.04|42.71|1.19|TARWEBLOEM, water, VOLKORENTARWEMEEL, TARWEGLUTEN, TARWEZEMELEN, zonnebloempitten, lijnzaad, bakkerszout, ROGGEBLOEM, gierst, meelverbeteraar (E300), TARWEMOUTMEEL, GERSTEMOUTEXTRACT, gist, SOJABLOEM, ENZYMEN (TARWE) , suiker (gebrand), GERSTEMOUTMEEL, em
Brood|Kookzak waldkern boerderij-breed dik gs|233.39|11.17|4.3|0.94|1.02|35.02|1.54|water, TARWEbloem, volkorenTARWEmeel, SOJAschroot, TARWEgluten, TARWEmoutmeel, HAVERvlokken, zonnebloempitten, GERSTemeel, lijnzaad, gist, bakkerszout, GERSTemoutextract, SESAMzaad (gepeld), ROGGEbloem, maltodextrine, roggezuurdesem (gedroogd)(TARWE), Emu
Brood|Natuurlijk zonnegraan 600g|289.0|12.44|6.979|0.753|1.321|42.43|1.9|"TARWEbloem*, water, zonnebloempitten* 8%, TARWEgluten*, lijnzaad*, SOJAgrits*, bakkersgist, SESAMzaad*, moutmeel (GERST*, TARWE*), rietsuiker*, gejodeerd zout, enzymen (TARWE), meelverbeteraar: E300, ROGGEbloem*, emulgator: zonnebloemlecithine. 
*Van biol"
Brood|Heuvelbrood woudzaden 750 gram|266.64|12.801|5.599|1.135|0.995|38.069|1.835|water, TARWEbloem, volkorenTARWEmeel, SOJAvlokken, TARWEgluten, TARWEmoutbloem (geroosterd), zonnebloempitten, HAVERvlokken, lijnzaad, GERSTevlokken, gist, GERSTemoutextract, SESAMzaad (gepeld), HAVER (gebroken), bakkerszout, ROGGEbloem, ROGGEzuurdesem (g
Brood|Groot heidebrood|247.27|12.33|3.98|0.95|0.98|37.38|2.26|TARWEbloem, volkorenTARWEmeel, water, TARWEgluten, gist, TARWEmoutmeel, SOJAschroot, HAVERvlokken, GERSTemeel, zonnebloempitten, lijnzaad, bakkerszout, GERSTemoutextract, ROGGEbloem, maltodextrine, roggezuurdesem (gedroogd)(TARWE), SESAMzaad (gepeld), enz
Brood|Twee donker geschaafd|291.65|11.0|7.2|2.84|0.91|41.94|6.23|volkorenTARWEmeel, water, TARWEBLOEM, GERSTEMOUTMEEL, TARWEGLUTEN, weipoeder (MELK), dextrose, zonnebloempitten, veldbonenmeel, ROGGEMOUTMEEL, gist, pompoenpitten, emulgator(E472e, E482), LUPINE, gebrande suiker, geheel gehard en plantaardig vet (palm), g
Brood|Tweedonker meerzaden 400g|263.0|12.285|6.445|0.832|0.925|34.718|0.48|volkorenTARWEmeel 37%, water, zonnebloempitten 6%, ROGGEmeel 4%, volkorenSPELTmeel 4%, TARWEgluten, moutmeel (GERST 1,5%,TARWE 1,5%), bakkersgist, lijnzaad 0,8%, bakkerszout, HAVERvlokken 0,6%, gedroogd ROGGEzuurdesem, enzymen (TARWE), meelverbeteraar: E3
Brood|Bram van Dijk's premium volkoren sneetjes 825 gesneden|280.0|11.38|7.79|1.19|0.67|39.74|1.13|TARWEbloem, water, zonnebloempitten, TARWEgluten, lijnzaad, SESAMzaad (ongepeld), gist, LUPINEzemelen, plantaardige olie (raapzaad), bakkerszout, ROGGEbloem (TARWE), GERSTemoutmeel, veldbonenmeel, suiker, zuurdesempoeder (ROGGE), raapzaad, palm, emulgator
Brood|Heidegraan-brood 800gr. gesneden|268.93|12.744|5.28|0.7|1.07|39.257|2.045|TARWEbloem, water, volkorenTARWEmeel, SOJAgrits, TARWEgluten, lijnzaad, HAVER (gebroken), HAVERvlokken, ROGGEmeel, GERSTemoutextract, zonnebloempitten, gist, SESAMzaad (ongepeld), TARWE, TARWEvezel, bakkerszout, maltodextrine, plantaardige olie (raapzaad)
Brood|75 do ciabatta rustiek|245.0|8.0|1.8|0.1|1.0|49.8|1.0|"TARWEbloem, water,

bakkersgist, bakkerszout, rijstmeel, moutmeel

(TARWE), moutextract (GERST), azijn.

Gemaakt in een bakkerij die ook melk, noten

en sesam verwerkt."
Brood|Van deurse's puurkorrel finaal|206.75|9.62|2.25|0.69|0.94|33.49|2.12|volkorenTARWEmeel, water, gist, bakkerszout, GERSTemoutmeel, suiker, Plantaardige Olie(raapzaad), Plantaardig Vet(palmpit, palm), veldbonenmeel, Emulgator(E482, E471), glucosestroop, suiker (gebrand), Geheel Gehard Plantaardige Vet(palm), invertsuikerstro
Brood|2x broodbella|278.0|8.3|3.1|0.4|1.05|52.5|0.3|TARWEbloem, water, TARWEgries, olijfolie (extra vergine), bakkerszout, gist, Antioxidant(E300), rijstemeel, dextrose, Plantaardige Olie(koolzaad), TARWEgluten, TARWEmoutmeel
Brood|Boeren veldbrood heel|250.0|8.3|1.3|0.2|1.01|50.3|1.0|TARWEbloem, water, bakkersgist, gejodeerd zout, raapzaadolie, TARWEmoutmeel, enzym (TARWE), meelverbeteraar: E300.   Kan sporen bevatten van: ei, soja, melk, noten, sesam, lupine.
Brood|Gesneden lichtzonnebrood, zonnebloempitten|226.48|8.14|1.87|0.28|0.91|43.03|1.29|TARWEBLOEM, gist, SESAMZAAD (ongepeld), bakkerszout, meelverbeteraar(E920, E300), TARWEMOUTMEEL, dextrose, SOJABLOEM, suiker, geheel gehard en plantaardig vet (palm), plantaardige olie (raapzaad), plantaardig vet (palm), stabilisator(E415), glucosestroop,
Brood|Vol casino sneeuwwit brood gesneden.|244.17|8.21|1.08|0.31|1.02|48.81|2.5|TARWEbloem, water, gist, bakkerszout, dextrose, Emulgator(E471, E481), SOJAbloem, enzymen(TARWE), Plantaardige Olie(koolzaad), Aroma(aroma), Meelverbeteraar(E300, E920), Stabilisator(E415), TARWEmoutbloem
Hartige snacks en zoutjes|Gestoomd broodje gevuld met sappige reepjes rundvlees in een pittige pindasaus|232.0|7.5|5.0|0.8|1.01|38.9|6.8|tarwebloem, water, kippenvlees (15%), satésaus (9%) (water, gemalen pinda's, suikerstroop, azijn, zonnebloemolie, sojasaus (water, sojabonen, tarwe, zout), gehydrolyseerd maïs en sojaeiwit, soja-eiwitconcentraat, emulgator: E473, sambal (chillies, zout, w
Graanproducten en bindmiddelen|Pasta deegballen 14 x 200g (2800 gram)|237.0|8.0|3.1|0.4|0.7|42.4|0.5|TARWEbloem, water, koolzaadolie, gist, zout, suiker, TARWEGLUTEN
Graanproducten en bindmiddelen|Pizzabodem gezinsformaat meergranen|268.0|12.0|2.8|0.6|0.83|43.0|2.8|speltbloem (tarwe), water, volkoren tarwemeel, tarwegluten, tarwebloem, rijsmiddel (glucono-delta-lacton [E575], natriumcarbonaat [E500]), olijfolie, dextrose, zout, zuurteregelaar (citroenzuur [E330]), antioxidant (ascorbinezuur [E300]).
Hartige snacks en zoutjes|Kapao bip (1300 gram)|247.2|9.6|4.8|1.7|1.5|40.7|9.9|Broodje: TARWEbloem, water, suiker, plantaardige olie (raapzaad), gist, gejodeerd zout., vulling: (kippenvlees (59%) (kippenvlees, water, paneermeel (TARWE), TARWEzetmeel, zout, stabilisatoren (E450, E451), kruiden en specerijen))
Hartige snacks en zoutjes|Gestoomde broodjes met lamsvleesvulling|240.0|8.1|4.9|1.7|0.87|40.6|7.7|tarwebloem, 22% rundvlees, water, suiker, ketjap (suiker, water, sojasaus [sojabonenextract, tarwebloem, zout, kleurstof: E150c, water], zout, gemodificeerd zetmeel (maïs), citroenzuur, kruiden, specerijen), gist, uien, plantaardige oliën (raap, soja), wi
Brood|10x tarwe fluweel zacht|253.64|10.205|2.902|1.151|1.006|44.036|6.142|TARWEbloem, volkorenTARWEmeel, water, gist, weipoeder (MELK), dextrose, TARWEgluten, bakkerszout, plantaardig vet (palm), GERSTemoutmeel, wei-eiwit (concentraat) (MELK), SOJAmeel, emulgatoren (E471, E481), palm, plantaardige olie (raapzaad), glucosestroop
Brood||228.0|8.6|2.4|0.2|1.06|38.6|4.0|volkorenTARWEmeel, Water, TARWEBLOEM 22,4%, gist, TARWEGLUTEN, dextrose, weipoeder (MELK), bakkerszout, SOJABLOEM, geheel gehard en plantaardig vet (palm), meelverbeteraar(E920, E300), TARWEMOUTMEEL, plantaardige olie (raapzaad), emulgator(E471, E472e, E4
Brood|Broodje brons luchtig stuk per 8 ven|230.67|9.72|2.64|1.15|1.1|39.83|6.35|water, TARWEbloem, volkorenTARWEmeel, weipoeder(MELK), gist, wei-eiwit (concentraat)(MELK), dextrose, bakkerszout, TARWEgluten, Plantaardig Vet(palm, palmpit), Emulgator(E482, E471), Plantaardige Olie(raapzaad), Geheel Gehard Plantaardige Vet(palm), GERST
Brood|Broodje bruin luchtige bol per 6 verp|230.67|9.72|2.64|1.15|1.1|39.83|6.35|water, TARWEbloem, volkorenTARWEmeel, weipoeder(MELK), gist, wei-eiwit (concentraat)(MELK), dextrose, bakkerszout, TARWEgluten, Plantaardig Vet(palm, palmpit), Emulgator(E482, E471), Plantaardige Olie(raapzaad), Geheel Gehard Plantaardige Vet(palm), GERST
Brood|Zachte graan bol sesam a 6|258.24|12.259|4.754|1.312|0.941|37.588|5.506|volkorenTARWEmeel, water, gist, maanzaad, TARWEgluten, weipoeder (MELK), dextrose, bakkerszout, plantaardig vet (palm), GERSTemoutbloem (geroosterd), emulgatoren (E471, E481), SOJAbloem, wei-eiwit (concentraat) (MELK), gehard plantaardige vet (palm), gluc
Brood|Mals meergranen kegel zaadblend|276.48|12.695|6.919|1.557|0.889|36.769|5.143|volkorenTARWEmeel, water, gist, TARWEgluten, weipoeder (MELK), HAVERvlokken, SESAMzaad (gepeld), lijnzaad, maanzaad, zonnebloempitten, dextrose, bakkerszout, plantaardig vet (palm), GERSTemoutbloem (geroosterd), emulgatoren (E471, E481), SOJAbloem, wei-ei
Brood|Pitabakjes 8st/45g|243.0|8.4|1.0|0.2|1.0|48.5|1.9|TARWEbloem, water, gist, zout, dextrose.
Hartige snacks en zoutjes|Van Hagen rookworst broodjes 8 x 75 g|290.0|10.5|11.1|3.2|1.6|36.0|3.9|Tarwebloem , 30% varkensvlees, water, paneermeel (tarwe), raapzaadolie, gist, basterdsuiker, zout, gemodificeerd zetmeel, mosterdmeel, tarwezetmeel, gehydroliseerd soja eiwit, glucosestroop, emulgatoren: mono- en diglyceride van vetzuren, E450, E451, kara
Hartige snacks en zoutjes|Knakkerbollen sneeuwvlok|254.0|10.1|9.6|3.6|1.53|30.7|1.9|TARWEBLOEM,  water, 16% rundvlees*, 16% varkensvlees*, SCHARRELEI, gist, paneermeel (TARWE), plantaardige oliën (palm en raapzaad), gejodeerd zout, zout, dextrose, glucosestroop, specerijen, marjoraan, veldbonenmeel, magere MELKPOEDER, weipoeder (MELK), g
Hartige snacks en zoutjes|Worstelbroodjes petite|260.0|11.0|9.1|3.0|1.9|32.4|4.4|tarwebloem, 26% varkensvlees, water, paneermeel (tarwebloem, water, tarwezemelen,  gist, zout, zout, margarine (plantaardige oliën (palm, kokos, raapzaad, zonnebloem), water, zout, emulgator: mono- en diglyceriden van vetzuren; voedingszuur: citroenzuur;
Gebak en koek|Boerderijcake|388.0|5.8|18.8|7.8|0.86|48.0|26.3|TARWEBLOEM, suiker, SCHARRELKIPPENEI, palmvet, plantaardige oliën (raapzaad, kokos), oligofructose, stabilisator: E422, rijsmiddel: E500/E450, emulgator: E471, TARWEZETMEEL, glucosestroop, tapiocazetmeel, conserveermiddel: E282/E202, zout, TARWEVEZEL, ver
Gebak en koek|Tulband Choco-Twist Delight|418.86|6.291|22.439|14.271|1.045|47.014|31.523|suiker, EI, roomboter (MELK), TARWEbloem, cacaopoeder (magere), TARWEzetmeel, abrikozenpuree, emulgatoren (E472b, E477, E322 (SOJA), E322), plantaardige vetten (palm, shea, palmpit), MELKpoeder (magere), kleurstoffen (E150c, E160a, E160b, E120, E100, E171
Gebak en koek|Chocolade vulkaan cake traktatie 2st/90g|417.0|5.2|25.1|15.4|0.325|41.0|34.4|suiker, chocolade 20,2% (cacaomassa¹, suiker, emulgator: zonnebloemlecithine, natuurlijk vanille-aroma), scharrelEI, zonnebloemolie, TARWEbloem, water, cacaopoeder¹, gepasteuriseerde room (MELK), gepasteuriseerde magere MELK, gemodificeerd maïszetmeel, bo
Gebak en koek|ChocoMaatje Taart & Chocolade grootverpakking 12 stuks 400 g|429.0|5.4|21.0|4.1|0.6|56.5|31.0|Tarwebloem, suiker, glucose-fructosestroop, koolzaadolie, eieren, stabilisator (glycerol), cacaomassa, volle melkpoeder, cacaoboter, magere melkpoeder, tarwezetmeel, rijsmiddelen (difosfaten, kaliumcarbonaten), magere cacaopoeder, weipoeder (van melk), zo
Gebak en koek|Smeltboter puur koek 450g|377.0|5.7|18.5|11.8|0.8|47.1|26.5|suiker, TARWEBLOEM,  SCHARRELEI, 19% roomboter (MELK), stabilisator: E422, rijsmiddel: E450/ E500, emulgator: E471, TARWEZETMEEL, glucosestroop, tapiocazetmeel, rijstzetmeel, conserveermiddel: E202/ E282, zout, TARWEVEZEL, verdikkingsmiddel: xanthaangom,
Gebak en koek|Chokoan 140g choco swirl ea.|446.0|5.0|23.0|11.0|0.83|56.0|31.0|TARWEBLOEM, suiker, palmolie, EIEREN, glucose-fructosestroop, stabilisator (glycerol), volle MELKPOEDER, cacaomassa, cacaoboter, weipoeder (van MELK), rijsmiddelen (dinatriumdifosfaat, natriumwaterstofcarbonaat), zout, emulgatoren (SOJALECITHINE, E472b, E
Gebak en koek|Merkenloos choco taartjes gegarneerd met purechoco schilfers 174gram|454.0|4.8|25.7|4.3|0.26|50.8|33.7|plantaardige olie (raap), suiker, TARWEBLOEM, SCHARRELEI, glucose-fructosestroop, 7% chocolade chunks [suiker, cacaomassa, cacaoboter en emulgator (SOJALECITHINE)], 6% melkchocolade chunks [suiker, cacaoboter, cacaomassa, volle MELKPOEDER, magere MELKPOED
Suiker, snoep, zoet beleg en zoete sauzen|Jongeren Land s3 50g|572.0|8.6|37.3|17.3|0.272|49.5|41.2|MELKchocolade 31,5% (suiker, cacaoboter, cacaomassa, magere MELKpoeder, boterconcentraat (MELK), emulgator: lecithinen (SOJA), vanilline), suiker, palmolie, TARWEmeel, HAZELNOTEN (10,8%), magere MELKpoeder (8,5%), volle MELKpoeder (5,5%), pure chocolade 1
Suiker, snoep, zoet beleg en zoete sauzen|Mors|449.0|4.1|16.6|8.3|0.42|70.2|61.7|suiker, glucosesiroop, cacaoboter, volle MELKPOEDER, cacaomassa, zonnebloemolie, magere MELKPOEDER, LACTOSE, weipoeder (van MELK), magere cacao, botervet (van MELK), GERSTEMOUTEXTRACT, emulgator (SOJALECITHINE), zout, KIPPENEI-EIWITPOEDER, palmvet, gehydr
Suiker, snoep, zoet beleg en zoete sauzen|Neptune cookie|452.0|4.6|18.3|8.0|0.4|66.0|56.4|suiker, glucosesiroop, magere MELKPOEDER, zonnebloemolie, cacaomassa, cacaoboter, magere cacao, botervet (van MELK), LACTOSE en eiwit van wei (van MELK), weipoeder (van MELK), palmvet, GERSTEMOUTEXTRACT, emulgator (SOJALECITHINE), zout, KIPPENEI-EIWITPOED
Suiker, snoep, zoet beleg en zoete sauzen|Munchies|443.0|3.9|15.7|7.7|0.43|70.9|61.9|MARS - Ingrediënten: suiker, glucosesiroop, cacaoboter, volle MELKPOEDER, cacaomassa, zonnebloemolie, magere MELKPOEDER, LACTOSE, weipoeder (van MELK), magere cacao, botervet (van MELK), GERSTEMOUTEXTRACT, zout, emulgator (SOJALECITHINE), KIPPENEI-EIWITPO
Suiker, snoep, zoet beleg en zoete sauzen|Knickers Krunch|482.0|7.1|23.0|9.3|0.53|60.0|44.0|glucosestroop, suiker, PINDA'S, rijstemeel, palmvet, VOLLEMELKPOEDER, cacaoboter, cacaomassa, bevochtigingsmiddel (glycerol), MAGEREMELKPOEDER, LACTOSE, zout, dextrose, emulgator (SOJALECITHINE), vanille-extract. (Kan bevatten: HAZELNOOT, gluten bevattend
Suiker, snoep, zoet beleg en zoete sauzen||483.0|7.1|23.0|9.2|0.53|61.0|44.0|glucosesiroop, suiker, PINDA'S, rijstemeel, palmvet, VOLLEMELKPOEDER, cacaoboter, cacaomassa, bevochtigingsmiddel (glycerol), MAGEREMELKPOEDER, LACTOSE, zout, dextrose, emulgator (SOJALECITHINE), natuurlijk vanille-extract. (Kan bevatten: HAZELNOOT, glute
Suiker, snoep, zoet beleg en zoete sauzen|Tickers Snowburst|491.0|9.0|24.0|9.1|0.63|59.0|51.0|suiker, glucosesiroop, PINDA'S, cacaoboter, VOLLEMELKPOEDER, MAGEREMELKPOEDER, zonnebloemolie, palmvet, zout, LACTOSE, weipoeder (van MELK), emulgator (SOJALECITHINE), KIPPENEI-EIWITPOEDER, natuurlijk vanille-extract, MELKEIWIT. (Kan bevatten: HAZELNOOT).
Suiker, snoep, zoet beleg en zoete sauzen|Twizz Snow|502.0|4.8|25.0|15.0|0.41|64.0|48.0|suiker, glucosesiroop, TARWEMEEL, palmvet, cacaoboter, VOLLEMELKPOEDER, MAGEREMELKPOEDER, magere cacao, zout, emulgator (SOJALECITHINE), rijsmiddel (E500), natuurlijk vanille-extract. (Kan bevatten: HAZELNOOT, AMANDEL, GERST, HAVER).
Hartige snacks en zoutjes|Snack'ris paprika|417.0|22.0|11.0|0.8|2.6|53.0|2.6|Aardappel 47% (aardappelgranulaat, aardappelvlokken, aardappelzetmeel), SOJA proteïne 25%,  zonnebloemolie, tapiocazetmeel,   zout, uipoeder, kruiden (paprika), suiker, dextrose, natuurlijke smaakstoffen, gistextract, knoflookpoeder, kleurstof (paprika ex
Hartige snacks en zoutjes|Crunchy Nacho Bites Salty (450 gram)|481.0|7.8|22.2|2.1|0.9|59.6|0.6|maïs, zonnebloemolie, 0.9% zout
Suiker, snoep, zoet beleg en zoete sauzen|Chocolade staaf melk/amandel 100 gram|582.0|9.2|41.0|17.0|0.14|42.0|39.0|"Suiker, 25% gebroken HAZELNOTEN, cacaoboter, volle MELKPOEDER, cacaomassa, botervet (MELK), emulgator: zonnebloemlecithine, aroma.
Melkchocolade: ten minste 36% cacaobestanddelen.

Dit product kan sporen van andere NOTEN, EI en SOJA bevatten."
Suiker, snoep, zoet beleg en zoete sauzen|Natuurhart laag suiker choco noottablet|564.0|7.8|36.8|20.4|0.2|49.9|9.1|"melkchocolade (cacao: 38% minimum) (zoetstof maltitol, volle MELKpoeder, cacaoboter, cacaomassa, emulgator: SOJAlecithine, aroma van naturlijke vanille), hazelnoten (6,00%)Overmatig gebruik kan een laxerend effect hebben. Ook glutenvrij!
KAN SPOREN BEVATT"
Suiker, snoep, zoet beleg en zoete sauzen|Echologische donker chocola 75%|572.0|7.9|44.0|27.0|0.02|29.0|25.0|Cacaomassa (Tanzania)*, rietsuiker*, cacaoboter*. * = Ingrediënt van biologische oorsprong. Pure chocolade: cacaobestanddelen minimaal 72%.
Suiker, snoep, zoet beleg en zoete sauzen|Chocolade blok zwart|525.0|6.4|32.0|20.0|0.012|49.0|46.0|"Suiker, cacaomassa, cacaoboter, emulgator: zonnebloemlecithine, natuurlijk vanillearoma.
Pure chocolade: ten minste 54% cacaobestanddelen 

Dit product kan sporen van MELK en NOTEN bevatten."
Suiker, snoep, zoet beleg en zoete sauzen|Aro 1x48g slab noir 94|540.0|4.9|32.0|20.0|0.01|54.0|52.0|Suiker, cacaomassa, cacaoboter, MELKVET, emulgator (SOJALECITHINE), aroma, magere MELKPOEDER. Cacao: ten minste 46%. KAN NOTEN BEVATTEN.
Suiker, snoep, zoet beleg en zoete sauzen|Tablet royale chocolade|510.0|7.5|28.0|17.0|0.014|53.0|49.0|"Cacaomassa, suiker, lactose (MELK), botervet (MELK), emulgator: E322/E476
Pure chocolade: ten minste 50% cacaobestanddelen

Dit product kan sporen van EI, GLUTEN, NOTEN en SOJA bevatten."
Suiker, snoep, zoet beleg en zoete sauzen|Jongen Super 6 x 22 g|566.0|8.7|35.0|22.6|0.313|53.5|53.3|Superieure melkchocolade 40% (suiker, melkpoeder, cacaoboter, cacaomassa, emulgatoren: lecithinen [soja]; vanilline), suiker, magere melkpoeder, palmolie, boterconcentraat, emulgatoren: lecithinen [soja], vanilline, Op het totaal: melkproducten 33% (mager
Vleeswaren|Korned rundvlees (200 gram)|232.0|21.0|16.0|6.4|2.5|1.0|1.0|76.5% gekookt rundvlees, 20% rundvlees, zout, suiker, conserveermiddel: E250 E = door EU goedgekeurde hulpstoffen.
Brood|Kleine krakers|440.0|10.7|13.1|6.6|1.3|68.6|2.2|"TARWEBLOEM, palmolie, glucosestroop, zout, zuurteregelaar: E500, gist, moutextract (TARWE, GERST).

Dit product kan sporen van SESAM bevatten."
Brood|Jippie krakeltjes 75 stuks 240 g|440.0|10.7|13.1|6.6|1.3|68.6|2.2|Tarwemeel, palmolie, glucosestroop, zout, zuurteregelaar: E500, gist, gerstemoutextract, E = door EU goedgekeurde hulpstoffen.
Vleesvervangers en zuivelvervangers|Luxis romerzakje 500x3g|520.0|1.9|30.0|30.0|1.3|62.0|11.0|Glucosestroop, geheel gehard kokosvet, stabilisatoren (E340, E452), MELKEIWIT, emulgator (E471), antiklontermiddel (E551), kleurstof (E160a)
Vleesvervangers en zuivelvervangers|Dolcetto creamer stick 1200 x 2,5 g|520.0|1.8|30.0|30.0|1.3|61.0|8.6|Glucosestroop, geheel geharde kokosolie, stabilisatoren (E340, E452), melkeiwit, emulgator (E471), anti-klontermiddel (E551), kleurstof (E160a)
Brood|Mega croissantmix 340g|340.0|8.0|18.6|9.4|2.0|32.4|3.6|TARWEbloem, water, margarine (plantaardige oliën [palm, koolzaad] water, emulgator: E471 [niet dierlijk], zout, voedingszuur: citroenzuur), TARWEgluten, rijsmiddelen: E450 en E500, dextrose, suiker, aroma, ethylalcohol, zout, meelverbeteraar: E300, kleurs
Gebak en koek|Vulkanen chocoladecake 2st|384.0|6.5|21.2|9.4|0.13|40.0|34.7|"SCHARRELEI, suiker, 22% pure chocolade (cacaomassa, suiker, magere cacaopoeder, emulgator: E322 (SOJA), natuurlijk vanille aroma), boter (MELK), plantaardige oliën (raapzaad, zonnebloem), TARWEBLOEM, volle MELKPOEDER, gealkaliseerd cacaopoeder.
Dit produc"
Gebak en koek|Rb schuimgebak per stuk|275.52|3.15|7.05|4.54|0.04|50.07|28.3|suiker, water, TARWEbloem, EI, TARWEzetmeel, Slagroom(Stabilisator(E407 (carrageen))), ananas, mandarijn, cacaomassa, weipoeder(MELK), cacaopoeder (magere), glucosestroop (gedroogd), glucosestroop, alcohol, aromatiserend preparaat, aromastof(MELK), SOJAbl
Groente|Groene erwten en worteltjes licht gezouten|70.0|4.0|1.2|0.2|0.04|8.8|3.8|(54%)erwten, (39%)wortel, water, suiker, gemodificeerd maïszetmeel, vloeibare margarine (plantaardige olie (zonnebloem, raapzaad (gehard)), zout, emulgator: zonnebloemlecithine, natuurlijk aroma, kleurstof: carotenen), witte peper.
Groente|Krokante erwten en worteltjes delicaat|44.0|2.5|0.5|0.2|0.31|5.5|1.8|water, doperwten, wortelen, zout.
Groente|Peulvruchten wortelstukjes delicaat|44.0|2.5|0.5|0.2|0.31|5.5|1.8|Water, doperwten, wortelen, zout.
Groente|Groenertjes-wortelkens|43.0|2.5|0.6|0.1|0.0|5.0|2.5|"groente* (32% wortel, 32% doperwt), water.
EU Landbouw
*Van biologische oorsprong."
Groente|Groenerwten ultra fijn|64.0|4.3|0.6|0.2|0.31|8.0|1.0|doperwten, water, zout.
Groente|Groene Parelwten Delicaat 425ml|87.0|9.2|1.1|0.3|0.46|5.3|2.2|doperwten, water, zout, suiker.
Hartige sauzen|Bistro de luca dressing ahorn 250ml|380.0|0.0|37.0|5.2|0.1|9.6|9.6|Balsamicoazijn 63,5% (wijnazijn, geconcentreerde druivenmost), olijfolie extra vergine 35%, acacia honing 1%, natuurlijk aroma.
Hartige sauzen|Zoete mosterd dip|277.0|1.2|15.8|1.1|2.59|28.6|7.5|Water, koolzaadolie, alcoholazijn, 8% MOSTERD (water, MOSTERDZAAD, azijn, zout, voedingszuur: citroenzuur, conserveermiddel: KALIUMMETABISULFIET), 4% honing, suiker, kippenei-EIGEEL, zout, gemodificeerd aardappelzetmeel, geconcentreerd citroensap, verdikk
Hartige sauzen|Honing dijon topping|265.0|1.0|21.1|1.6|1.8|16.8|15.3|water, raapolie, glucose-fructosestroop, azijn, 3,8% honing, 2,3% MOSTERDMEEL, zout, EI*, EIGEEL*, 0,9% MOSTERDZAAD, verdikkingsmiddel: E412/E410/E415, citroensap, gemodificeerd maïszetmeel, conserveermiddel: E202, antioxidant: E385, kleurstof: carotenen.
Hartige sauzen|Zoet-zuur mosterdsaus|280.0|1.2|26.0|1.9|1.78|9.6|9.2|"water, raapolie, 20% mosterd (water, mosterdzaad, azijn, zeezout, kurkuma, dragon), 12% bloemenhoning, zout, azijn, knoflook, verdikkingsmiddel (xanthaangom).
Waarvan toegevoegde suikers 9.2g per 100 milliliter"
Hartige sauzen|Yogellaise 350ml|298.0|1.0|26.1|1.9|1.62|14.1|8.9|water, raapzaadolie, magere yoghurt Beter Leven 3 sterren 15% (MELK), azijn, maïszetmeel, glucose-fructosestroop, suiker, EI Beter Leven 2 sterren 1,8%, zout, mosterd (water, azijn, MOSTERDzaad, kurkuma), EIgeel Beter Leven 2 sterren 0,5%, gemodificeerd m
Hartige sauzen|Trellio vinaigrette dadel 250milliliter|379.0|0.0|37.0|5.2|0.1|9.3|9.3|Balsamicoazijn van Modena 61% (wijnazijn*, geconcentreerde druivenmost*), olijfolie extra vergine 37%, geconcentreerde vijgen sap 1%, natuurlijke aroma. *Bevat SULFIET.
Suiker, snoep, zoet beleg en zoete sauzen|Zoutige Dropmelange|326.0|7.2|0.3|0.2|0.09|74.0|46.0|Suiker, glucosestroop, gemodificeerd zetmeel, gelatine (SULFIET), salmiakzout 5%, zoethoutwortelextract 4%, melado, maiszetmeel , plantaardige oliën (kokos, palm) , gekaramelliseerde suiker, aroma's, glansmiddelen (bijenwas, carnaubawas), TARWEBLOEM
Suiker, snoep, zoet beleg en zoete sauzen|Honingdrop zonder suiker 100g|218.0|0.8|0.2|0.2|0.325|65.8|0.5|zoetstoffen: E965 en steviolglycosiden, geleermiddel: E414, gemodificeerd tapiocazetmeel, water, zoethoutwortelextract, aroma, kleurstof: E153, kokosolie, glansmiddelen: bijenwas en E903.
Suiker, snoep, zoet beleg en zoete sauzen|Zenco boerenhuis drop sterk zout 240 g|325.0|10.0|0.5|0.3|0.26|71.0|42.0|Suiker, gemodificeerd zetmeel, glucosestroop, gelatine (sulfiet), salmiakzout 5,3%, melado, zoethoutwortelextract 3,5%, zetmeel, plantaardige oliën (kokos, koolzaad), anijsolie, glansmiddel (bijenwas)
Suiker, snoep, zoet beleg en zoete sauzen|Radige drop|320.0|0.4|0.1|0.1|0.08|79.0|51.0|suiker, glucosestroop, water, glutenvrij tarwezetmeel, melasse, gemodificeerd maïszetmeel, salmiakzout, zoethoutwortelextract, kokosolie, kleurstof (plantaardige koolstof [E153]), natuurlijk anijsaroma, glansmiddel (carnaubawas [E903]).
Suiker, snoep, zoet beleg en zoete sauzen|Zachte druppels 750 g|329.0|0.4|0.2|0.2|0.08|81.2|52.4|Suiker, glucosestroop, tarwezetmeel, water, melasse, gemodificeerd maïszetmeel, zoethoutwortelextract, salmiakzout, kleurstof: E153, aroma, plantaardige olie (kokos), glansmiddelen: bijenwas, carnaubawas
Suiker, snoep, zoet beleg en zoete sauzen|Kleintje honingsnoepjes sv|198.0|0.8|0.1|0.1|0.13|61.0|0.0|zoetstoffen (maltitolstroop, steviolglycosiden), verdikkingsmiddel (arabische gom), zoethoutwortelextract, gemodificeerd zetmeel, aroma's, salmiakzout, kokosolie, glansmiddel (bijenwas), kleurstof (plantaardige koolstof).
Samengestelde gerechten|Smakelijk&uniek 3 Ottomanse pides authentieke lahmacun 3 x 180 g|205.0|7.6|2.7|0.9|1.74|37.0|2.1|Deeg 65% [tarwemeel, drinkwater, tafelzout, olijfolie pomace, gist, specerij], topping 35% [gehakte tomaten, uien, kippenvlees 20%, rundvlees 15%, tomatensap, paprika, tomatenpuree, specerijen, suiker, zonnebloemolie, tafelzout, rundervet, gemodificeerd m
Samengestelde gerechten|Wrap kippetje Caesar|258.0|12.38|14.58|2.57|1.32|18.46|0.69|35,3% wrap tomaat (TARWEbloem, water, raapzaadolie, rijsmiddel: E500 en E450, tomaat, dextrose (TARWE), glucose siroop (TARWE), zout, voedingszuur: appelzuur, kruiden en specerijen, kleurstof: paprika-extract, gedroogde groenten), 22,1% gegrilde kip (93%
Samengestelde gerechten|Kip Pesto Rol 110g|283.0|9.8|17.1|6.7|1.38|21.5|1.9|wrap 39,7% (TARWEbloem, water, raapzaadolie, spinaziepoeder, gejodeerd zout, dextrose, rijsmiddel: E500, stabilisatoren: E412, E422 en E466, voedingszuur: citroenzuur, emulgator: E471, TARWEkiemen, TARWEgluten), roomkaas 28,9% (gepasteuriseerde magere MEL
Niet-alcoholische dranken||42.0|0.0|0.0|0.0|0.04|10.3|10.3|Sprankelend water, suiker, glucose, voedingszuren: E330, E338, kleurstof: E150d, zuurteregelaar: E500(ii), natuurlijke aroma's, cafeïne (0.03%), conserveermiddelen: E211, E202, vitamines: niacine (B3), B6, guarana extract (0.001%)
Niet-alcoholische dranken|Koko-cola vitality boost|42.0|0.0|0.0|0.0|0.04|10.3|10.3|Sprankelend water, voedingszuren: E330, E338, natuurlijke aroma's, kleurstof: E150d, zuurteregelaar E500(ii), zoetstoffen: acesulfaam-K. sucralose, cafeïne (0.03%), conserveermiddelen: E211, E202, vitamines: niacine (B3), B6, guarana extract (0.001%)
Vleeswaren|Filet europeaans puur 140gr 2stk|194.0|14.696|13.613|2.955|1.968|2.742|1.159|70% rundvlees*, water, zonnebloemolie, SCHARRELEIGEEL, zout, zetmeel (rijst, erwt), glucosestroop, azijn, gehydrolyseerd eiwit (SOJA, mais), suiker, natuurlijk aroma's, kruiden, specerijen (MOSTERD), specerijenextract, concentraat (paprika, appelsap), gro
|Zeemelange|12.0|0.7|0.5|0.2|0.65|1.1|1.1|water, 1,5% kabeljauwextract, maltodextrine, plantaardige olie (raap, zonnebloem), 0,4% sherry, zout, concentraat (ui, 0,1% mossel, wortel, selderij, prei), gistextract, natuurlijk aroma, verdikkingsmiddel (xanthaangom [E415]), gekaramelliseerde suiker, e
Hartige snacks en zoutjes|Frikadoodel|225.0|12.7|15.5|5.3|1.67|8.4|1.1|"59% kippenseparatorvlees*, 14% varkensspek*, water, paneermeel (TARWEBLOEM, zout, gist), zout, kruiden en specerijen, dieetzout (kaliumchloride), dextrose, antioxidant: E316, voedingszuur: E330/E331, stabilisator: E451/E450, SOJA-eiwit.
* = Beter Leven ke"
Hartige snacks en zoutjes|De Vrolijke Snacks Frikadel Deluxe (40 x 85g = 3400g)|184.0|12.0|13.0|3.9|2.0|8.9|0.5|51% kipseparatorvlees, kipcollageen, paneermeel (TARWE), water, kippenvet, 4% rundvlees, plantaardig eiwithydrolysaat (SOJA), zout, ui, kruiden, specerijen, stabilisatoren: E450, E451, E452, suiker, smaakversterker: E621, antioxidanten: E301, E331, gistex
Niet-alcoholische dranken|Suikerloze Fizz 4-pack|1.0|0.04|0.0|0.0|0.02|0.07|0.07|"Koolzuurhoudend water, kleurstof: E150d, voedingszuur: E338/E330, zuurteregelaar: E331, zoetstof: E951*/E950, aroma, cafeïne, conserveermiddel: E211.
* Bevat aspartaam, een bron van fenylalanine."
Hartige snacks en zoutjes|Mega frikandellen de authentieke 6 stuks 400 g|197.0|12.3|12.5|3.6|2.0|8.4|0.5|Mechanisch gescheiden kippenvlees 54% , water, varkensvlees 14%, paneermeel (tarwebloem, zout, gist), zout, kruiden, specerijen, dieetzout (kaliumchloride), dextrose, uipoeder, stabilisatoren: E450 en E451 , antioxidant: E316 , gehydrolyseerd soja-eiwit ,
Hartige snacks en zoutjes|Norla's mini frikandellenrijkjes|218.0|13.0|16.0|5.9|1.9|4.7|1.1|Kippenseparatorvlees 47%, water, varkensvlees 15%, paneermeel (TARWEbloem, water, gist, zout), varkensvet, ui, zout, kruiden en specerijen, dextrose, knoflook, glucosestroop, emulgatoren: E450 en E452, natuurlijk aroma, maltodextrine, antioxidanten: ascor
Niet-alcoholische dranken|Ultra Chilled Citrus 150 cl|0.5|0.1|0.0|0.0|0.03|0.1|0.0|koolzuurhoudend water, citroensap uit concentraat (1%), kleurstof (karamel E150d), aromas (o.a. cafeïne en natuurlijke plantenextracten), voedingszuren (E338, E330), zoetstoffen (E950, E951), zuurteregelaar (E331), conserveermiddel (E211).
Niet-alcoholische dranken|Sinas Light Fris 1,5l|4.0|0.07|0.01|0.0|0.008|0.6|0.5|koolzuurhoudend water, sinaasappelsap uit concentraat 6%, voedingszuur: citroenzuur, zoetstoffen: aspartaam* en sacharinen, antioxidant: E300, natuurlijk sinaasappelaroma met andere natuurlijke aroma's, geconcentreerd wortelsap, zuurteregelaar: E331, cons
Niet-alcoholische dranken|Zesty Lichte|4.0|0.1|0.0|0.0|0.0|0.7|0.7|koolzuurhoudend water, 8% sinaasappelsap uit concentraat, voedingszuur (citroenzuur [E330], appelzuur [E296]), zoetstof (aspartaam [E951], sacharine [E954]), antioxidant (ascorbinezuur [E300]), wortelsapconcentraat, natuurlijk sinaasappelaroma met andere
Niet-alcoholische dranken|Koka-Kula|42.0|0.0|0.0|0.0|0.0|10.6|10.6|Sprankelend water; suiker; kleurstof: E150d; voedingszuur: E338; natuurlijke aroma's (plantenextracten), waaronder cafeïne.
Niet-alcoholische dranken|Beksi cola original 20 cl|44.0|0.0|0.0|0.0|0.01|10.9|10.9|koolzuurhoudend water, suiker, kleurstof (karamel E150d), voedingszuur (E338), aromas (o.a. cafeïne en natuurlijke plantenextracten).
Niet-alcoholische dranken|Goldenberg ginger fizz bio pressé 250ml|43.0|0.0|0.0|0.0|0.0|11.0|11.0|Koolzuurhoudend bronwater, biologische suiker, biologisch citroensap (uit sapconcentraat), biologische gemberwortelinfusie 2%, gemberextracten, voedingszuur (citroenzuur), capsicumextract
Suiker, snoep, zoet beleg en zoete sauzen|Fruit delight 4 smaken|123.0|0.539|0.051|0.01|0.023|28.417|28.417|"Vruchten (30% aardbei, 26% kers, 26% rode bes, 18% framboos), suiker, water, geleermiddel: pectinen, voedingszuur: citroenzuur, conserveermiddel: E202, antioxidant: ascorbinezuur. 

Bereid met 66g vruchten per 100g."
Suiker, snoep, zoet beleg en zoete sauzen|Fruitschmear aardbei|154.0|0.43|0.24|0.034|0.029|36.32|32.273|"Aardbei*, rietsuiker*, citroenconcentraat*, geleermiddel: pectinen, zuurteregelaar: calciumcitraten, zwarte bes- en wortelconcentraat*.

*van biologische oorsprong.

Bereid met 66g vruchten per 100g."
Vis, schaal- en schelpdieren|Polderse garnalen|92.0|18.5|2.0|0.5|2.0|0.0|0.0|Hollandse GARNALEN (Crangon crangon, gevangen in noordoostelijke deel van de Atlantische Oceaan (Noordzee) met trawlnetten), zout, voedingszuur: E330, zuurteregelaar: E331, conserveermiddel: E211.
Vis, schaal- en schelpdieren|Nederlandse kreeftjes|95.0|20.0|1.6|0.4|1.7|0.1|0.1|"99% garnaal, zout, zuurteregelaar (citroenzuur [E330], natriumcitraat [E331]), conserveermiddel (natriumbenzoaat [E211]).
Waarvan toegevoegde suikers 0.00g per 100 gram en waarvan toegevoegd zout 0.55g per 100 gram"
Vis, schaal- en schelpdieren|Gezellige garnalen|92.0|18.5|2.0|0.5|2.0|0.0|0.0|Hollandse GARNALEN (Crangon crangon, gevangen in noordoostelijke deel van de Atlantische Oceaan (Noordzee) met trawlnetten), zout, voedingszuur: E330, zuurteregelaar: E331, conserveermiddel: E211.
Vis, schaal- en schelpdieren|Nederlandse kreeftjes|92.0|18.5|2.0|0.5|2.0|0.0|0.0|Hollandse GARNALEN (Crangon crangon, gevangen in noordoostelijke deel van de Atlantische Oceaan (Noordzee) met trawlnetten), zout, voedingszuur: E330, zuurteregelaar: E331, conserveermiddel: E211.
Vis, schaal- en schelpdieren|Zeedijk garnalen|88.0|20.0|0.9|0.3|2.0|0.0|0.0|97% garnaal, zout, voedingszuur (melkzuur [E270], citroenzuur [E330]), conserveermiddel (benzoëzuur [E210]).
Vleeswaren|Gebakken rundervleesballetjes|225.0|16.7|14.8|7.9|2.363|6.3|0.6|rundvlees 88%, aardappelzetmeel, rijstebloem, tapiocazetmeel, specerijen (paprikapoeder, nootmuskaat, witte peper, zwarte peper), gehydrolyseerd raapzaadeiwit, zout, tomaat, aroma, uiengranulaat, antioxidanten: E300 en E301, knoflookgranulaat, rijstmeel,
Vleeswaren|Bkw2* gebakken gehakt 115g xlp|306.0|14.0|26.0|9.6|2.2|4.0|0.5|varkensvlees Beter Leven 1 ster 86%, paneermeel (TARWEbloem, zout, gist), varkensvet Beter Leven 1 ster, natuurlijk aroma, zout, aardappelzetmeel, mosterd (water, MOSTERDzaad, azijn, zout, natuurlijk aroma), maltodextrine, dextrose, gehydrolyseerd eiwit (
Vleeswaren|Kmk2* geroosterde worst 200g zav|303.0|13.0|25.0|9.5|2.35|6.5|3.0|varkensvlees 71%, mechanisch gesepareerd varkensvlees 10%, varkensspek, TARWEbloem, gedroogde glucosestroop, aardappelzetmeel, zout, kaliumzout, voedingszuren: E326 en E261, gebakken uien (uien, zonnebloemolie), specerijen (foelie, nootmuskaat, gember, wi
Vleeswaren|Gebakken gehaktbal|278.0|15.0|22.0|8.4|2.3|5.2|2.1|Varkensvlees (73%), varkenskopvlees, paneermeel (tarwebloem, zout, gist), eieren, magere melkpoeder, zout, gekaramelliseerde suikerstroop, stabilisatoren (E450, E451, E452), kruiden, specerijen, uien, dextrose, smaakversterker (E621), antioxidanten (E300,
Vleeswaren|Geroosterde gehaktbal 65g|304.0|13.6|25.0|9.7|2.2|6.0|0.5|varkensvlees Beter Leven 1 ster 81%, varkensvet Beter Leven 1 ster, paneermeel (TARWEbloem, zout, gist), zout, zuurteregelaar: E326, aardappelzetmeel, MOSTERD (water, MOSTERDzaad, azijn, zout, natuurlijk aroma), stabilisatoren: E450 en E452, maltodextrine
Vleeswaren|Vleeskruid gehaktschijf bl2v 3plaks bn 5/25g (25 gram)|303.0|13.0|25.0|9.5|2.35|6.5|3.0|varkensvlees* 71%, mechanisch gesepareerd varkensvlees* 10%, varkensspek*, TARWEBLOEM, aardappelzetmeel, glucosestroop, zouten (keukenzout, kaliumchloride), voedingszuur: E326, gebakken uien (uien, zonnebloemolie), specerijen (bevat MOSTERD), varkenszwoer
Kaas|Goudwit 50+ geraspt 10x1kg (1000 gram)|405.0|24.4|33.8|21.2|1.7|1.7|0.1|MELK, zout, zetmeel, zuursel, stremsel.
Kaas|Geschaafde kaas aged 175g|409.0|27.0|32.3|19.7|2.16|2.6|0.0|gepasteuriseerde MELK, aardappelzetmeel, zout, zuursel (MELK), dierlijk stremsel, kleurstoffen: annatto en carotenen, conserveermiddel: E251.
Kaas|Golden Amsterdamer cheese 48+ shreds 100g|437.0|29.0|35.0|23.3|2.3|1.6|0.1|"MELK, zout, aardappelzetmeel,

zuursel (MELK), stremsel, conserveermiddel

(E251), kleurstof (E160b)."
Gebak en koek|Mega glutenvrije roomflik 2 stuks|288.0|1.5|14.3|11.1|0.4|37.9|27.9|Suiker, magere melk, water, roomboter (melk), maïszetmeel, room (melk), stabilisatoren: E339, E407, E450, E500, verdikkingsmiddelen: E401, E410, E412, E461, plantaardig vet (palm, (geheel gehard), kokos (geheel gehard)), glucosestroop, kleurstoffen: carot
Groente|Andaloschotel kruidenrijk|120.0|5.1|3.3|0.5|0.23|13.8|3.1|(>99%)groenten (25% wortel, 25% sperziebonen, 20% paprika, 15% maïs, 15% erwten), tacokruiden(zout, specerijen, gedroogde groenten (ui), TARWEBLOEM, groentepoeder (ui, knoflook, tomaat), kerriepoeder (SELDERIJ, koriander, peulvruchten), plantaardige olie
Groente|Vier-jaargetijdenmix|26.0|1.5|0.2|0.1|0.03|3.2|2.3|"Groentemengeling:

sperziebonen 35%, bloemkool 30% , wortel, broccoli. Mogelijke aanwezigheid van SELDERIJ."
Groente|Texanakruiden|55.0|2.42|0.68|0.13|0.02|8.32|3.4|wortelschijfjes: 25%, maïs: 20%, tuinerwten: 20%, gebroken bonen: 20%, rode paprika reepjes: 15%
Groente||30.0|1.4|0.3|0.1|0.1|3.7|3.5|35% wortelblokjes, 35% SELDERIJblokjes, 15% prei, 15% uienblokjes.
Suiker, snoep, zoet beleg en zoete sauzen|Chocolaire hagelstukjes donker|484.0|4.6|17.1|10.3|0.03|76.9|68.5|rietsuiker*, cacaomassa*. *biologisch
Suiker, snoep, zoet beleg en zoete sauzen|Van de Rijn choco sprinkles donker 400 g|430.0|5.0|15.0|8.8|0.02|67.0|64.0|"Suiker, magere cacaopoeder, cacaoboter, emulgator (SOJAlecithine), gefractioneerd MELKvet (harde fractie), aroma, Ten minste 32% cacaobestanddelen.

Kan sporen bevatten van MELKeiwit en LACTOSE."
Suiker, snoep, zoet beleg en zoete sauzen|Strooisneer melk 600g|454.0|6.2|15.0|8.9|0.13|72.0|70.0|"suiker, cacaomassa, volle melkpoeder, magere melkpoeder, cacaoboter, lactose (melk), emulgator: raapzaadlecithine, glansmiddel: arabische gom, aroma.

Melkchocoladehagelslag: ten minste 20% cacaobestanddelen"
Suiker, snoep, zoet beleg en zoete sauzen|Zerp hagelsnoep mix 390g|446.0|3.1|14.0|8.0|0.04|76.0|69.2|"suiker, cacaomassa, rijstebloem, plantaardige vetten (palm, shea), magere cacaopoeder, emulgator: raapzaadlecithine, dextrose, aroma.

Pure chocolade: ten minste 32% cacaobestanddelen.
Kan bevatten: melk."
Suiker, snoep, zoet beleg en zoete sauzen|Sprinkelvreugd|450.0|3.0|14.0|8.0|0.0|76.0|69.0|suiker, cacaomassa, rijstbloem, plantaardige olie (palm, shea), magere cacaopoeder, emulgator (lecithine [E322]), dextrose, vanille-aroma. Purechocoladehagelslag: cacaobestanddelen ten minste 32%.
Suiker, snoep, zoet beleg en zoete sauzen|De ruijter fruitkorrel portieset 120 x 15 g|402.0|0.0|0.0|0.0|0.02|100.0|94.0|Suiker, TARWEZETMEEL, appelsap 5%, dextrose, natuurlijk aroma, saffloerextract, kleurstoffen (beta-caroteen, karmijn)
Vlees en gevogelte|Slagersdeluxe gekruid kipgehakt 300g|239.0|15.9|19.3|8.3|1.125|0.4|0.0|varkensvlees 58%, rundvlees 39%, zout, specerijen (korianderzaad, witte peper, gember, foelie, cayennepeper, kardemom), water, aardappelzetmeel, conserveermiddel: E326, antioxidanten: E300 en citroenzuur, voedingszuur: E261.
Vetten en oliën|LiteLust|315.0|0.0|35.0|9.0|0.0|0.6|0.0|water, plantaardige olie (raap, palm), gemodificeerd aardappelzetmeel, emulgator (mono- en diglyceriden van vetzuren [E471], polyglycerolpolyricinoleaat [E476]), conserveermiddel (sorbinezuur [E200]), aroma, kleurstof (caroteen [E160a]), voedingszuur (cit
Vleeswaren|Knoflookham 150gr 1stk|135.0|20.222|5.282|1.961|3.163|1.687|0.391|"96% varkensvlees*, specerijenextract, voedingszuur: E325, natuurlijk aroma, zout, kaliumzout, zonnebloemolie, dextrose, stabilisatoren: E451/E452, azijn, antioxidant: E301, maltodextrine, gistextract, conserveermiddel: E250, rook.
* = Beter Leven keurmerk"
Vleeswaren|Kouden ham|232.0|26.0|14.0|5.6|5.0|0.6|0.4|varkensvlees, zout, specerijen, dextrose, glucosestroop, suiker, antioxidant: natriumascorbaat: conserveermiddelen: natriumnitriet, kaliumnitraat; rijpingsculturen.
Vleeswaren|Zachte ham|233.0|26.0|14.0|5.6|5.0|1.0|1.0|varkensvlees, zout, specerijen, dextrose, glucosestrop, suiker, antioxidant: natriumascorbaat; conserveermiddelen: natriumnitriet, kaliumnitraat; rijpingsculturen.
Vlees en gevogelte|Biefstukbollen ambachtelijk 320g|229.0|14.7|17.2|7.4|0.94|3.0|1.9|rundvlees 51%, varkensvlees 34%, water, gedroogde groenten (ui, prei, wortel), zeezout, suiker, vezels (bamboe, erwt), groentepoeder (tomaat, ui), erwtenzetmeel, specerijen (witte peper, kardemom, gember, foelie, nootmuskaat), GERSTemoutazijn, conserveerm
Vlees en gevogelte|Feestje burgers|240.0|17.0|18.0|7.8|1.3|3.2|0.7|Rundvlees (88%), water, zout, rijstebloem, aardappelzetmeel, glucosestroop, ui, aroma, natuurlijk aroma, tomaat, specerijen, maltodextrine, kruiden, rookaroma
Vlees en gevogelte|Vleeskracht burger|178.0|15.3|10.9|5.9|1.36|4.6|0.1|77% Rundvlees*, 15% water, TARWEBLOEM, gist, zout, TARWEMEEL, specerijen (MOSTERD), aroma, uipoeder, zonnebloemolie, specerijenextract (nootmuskaat, SELDERIJ), maltodextrine, zuurteregelaar: E331, antioxidant: E301. * = Beter Leven keurmerk 2 sterren. E =
Melk en melkproducten|Bessen droomijs (2500 gram)|181.0|1.85|7.35|5.8|0.4|26.98|26.98|magere MELK, 15% saus aardbei (41% aardbei, suiker, water, vlierbessensap, gemodificeerd maiszetmeel, voedingszuur: E330, aroma), suiker, BOTER, weipoeder (MELK), dextrose, emulgator: E471, stabilisatoren: E412, E466, E407, aroma, kleurstof (E162) E = doo
Melk en melkproducten|Chocolatella ijsroom (1300 gram)|193.0|2.5|9.2|6.1|0.08|24.6|21.7|MELK, glucosestroop, suiker, 7% roomBOTER (MELK), water, 3% CHOCOLADESTUKJES (suiker, cacaomassa, cacaopoeder, MELKVET, emulgator: SOJALECITHINE, natuurlijk vanille-aroma), MELKPOEDER, emulgator: E471, stabilisatoren: E410, E401, E412, E407, natuurlijk ar
Melk en melkproducten|Cocoa roombries|229.0|3.9|13.0|8.4|0.38|23.0|23.0|magere melk, 23% slagroom, suiker, vegetarisch wei-eiwitconcentraat, water, cacaomassa, 4,1% magerecacaopoeder, emulgator (mono- en diglyceriden van vetzuren [E471], sojalecithine [E322]), zuurteregelaar (kaliumcarbonaat [E501]), cacaoboter, stabilisator
Melk en melkproducten|Chocokrekel toetje-ijs (2500 gram)|173.0|2.9|8.5|7.1|0.16|20.5|19.5|MELK, water, suiker, WEIPOEDER (MELK), kokosvet, 3% cacaopoeder, glucosestroop, emulgator: E471, stabilisatoren: E410, E401, E412, E407. Allergenen: MELK, LACTOSE.In de fabriek worden gluten verwerkt.
Melk en melkproducten|Koning ijs dessert beker butterscotch zeezout 430 ml|243.0|3.3|10.0|8.9|0.44|34.0|24.0|Gerehydrateerde magere melk, suiker, kokosolie, tarwebloem, glucose-fructosestroop, glucosestroop, boter, lactose en melkeiwitten, magere melkpoeder, gekarameliseerde suiker, emulgator (mono- en diglyceriden van vetzuren), stabilisatoren (pectine, natrium
Melk en melkproducten|Koning ijsbeker zeezout toffee 430 ml|243.0|3.3|10.0|8.9|0.44|34.0|24.0|Gerehydrateerde mager MELK, suiker, kokosolie, TARWEBLOEM ,glucosefructosestroop, glucosestroop, BOTER,LACTOSE en MELKEIWITTEN ,magere MELKPOEDER, gekarameliseerde suiker, emulgator (mono- en diglyceriden van vetzuren), stabilisatoren (pectine, natriumalg
Melk en melkproducten|Hertog volle crema chocoleta|220.0|3.2|10.0|6.8|0.11|28.0|3.2|Volle MELK (38%), gerehydrateerde magere MELK, suiker, glucose-fructosestroop, BOTERCONCENTRAAT, cacaomassa, magere MELKPOEDER, cacaoboter, emulgatoren (mono- en diglyceriden van vetzuren), ammoniumfosfatiden)) stabilisatoren (guargom, johannesbroodpitmee
Melk en melkproducten|Arctic Snow ijslolly 330 ml|318.0|3.6|19.0|13.0|0.15|33.0|30.0|"Mini White:
Ingrediënten: Gerehydrateerde magere MELK, suiker, cacaoboter¹, water, kokosolie, volle MELKPOEDER, glucosestroop, glucose-fructosestroop, BOTERCONCENTRAAT, LACTOSE en MELKEIWITTEN, magere MELKPOEDER, emulgatoren (E471, E442, E476), uitgeputte"
Melk en melkproducten|Swirlens roomijs 6st.|285.0|3.6|12.8|8.8|0.21|38.7|25.4|Water, 17,6% slagroom (MELK), 15,9% wafel (TARWEBLOEM, suiker, kokosvet, emulgator: raapzaadlecithine, zout, kleurstof: E150a), magere MELK, 10,1% cacaofantasie  (plantaardige oliën (kokos, zonnebloem; in wisselende verhoudingen), suiker, magere cacaopoed
Melk en melkproducten|Floretto's roomijs/rozenbessen roomijs 6st/65g|267.0|2.6|10.7|7.7|0.18|39.7|30.1|slagroomijs 30% (magere melk, roomboter 4,7% [melk], suiker, glucose-fructosestroop, magere melkpoeder, slagroom 0,8% [melk], emulgator: E471, stabilisatoren: E410 en E412, natuurlijk aroma), aardbeien roomijs 30% (water, suiker, glucose-fructosestroop, s
Melk en melkproducten|Cornicello ijshoorntje exotic delight 360 ml|154.0|1.1|5.0|3.9|0.08|26.0|20.0|Cornetto mini 60ml Aardbei: Aardbeienijs in een wafel (17%) met een laagje cacaofantasie (8,5%), met aardbeiensaus (4,5%) en bedekt met witte chocoladekrullen (0,5%). Ingrediënten: Suiker, aardbeienpuree (20%), gerehydrateerde magere MELK, TARWEBLOEM, pla
Melk en melkproducten|Cornetini, rich cocoa, 90ml, 5pmk ra|222.0|3.0|13.0|11.0|0.19|22.0|16.0|Gerehydrateerde magere melk, suiker, plantaardig vet, tarwebloem, magere cacaopoeder¹, glucose-fructosestroop, lactose en melkeiwitten, pure chocoladestukjes (1%), cacaoboter¹, cacaopoeder, volle melkpoeder, tarwezetmeel, emulgatoren (mono- en diglyceride
Melk en melkproducten|Royale cornets traditional|352.0|4.1|21.0|16.0|0.09|36.0|27.0|gerehydrateerde magere MELK, 20% cacaofantasie (plantaardige vetten (kokos, palmpit), suiker, magere cacaopoeder*, emulgator: SOJALECITHINE), 16% wafel (TARWEBLOEM, suiker, kokosvet, emulgator: SOJALECITHINE), boter (MELK), suiker, glucose-fructosestroop,
Melk en melkproducten|Tiny Torches|328.0|4.3|18.0|14.8|0.1|36.3|23.6|Cornet Vanillesmaak: 59,5% IJs met vanillesmaak  (magere MELK, suiker, kokosolie, glucose-fructosestroop, lactose (MELK), glucosestroop, MELKEIWITTEN, emulgator: E471, stabilisator: E410/E412, aroma, kleurstof: carotenen), 21,3% wafelhoorntje (TARWEBLOEM,
Melk en melkproducten|Frosti minihoorns karamell|388.0|4.3|21.0|15.0|0.2|45.0|30.0|Wafeltje 25% [TARWEmeel (GLUTEN), suiker, kokosnoot plantaardige vet, emulgator : zonnebloemlecithine, zout, gekarameliseerde suikersiroop], pure chocolade 19,4% [suiker, cacaopasta, cacaoboter, geconcentreerde boter (MELK), emulgatoren (SOJAlecithine, po
Suiker, snoep, zoet beleg en zoete sauzen|10 sterrensprinters|74.0|0.0|0.0|0.0|0.0|18.5|18.5|"Water, suiker, glucosefructosestroop, natuurlijke aroma's (natuurlijke
framboosaroma met andere natuurlijke
aroma's, natuurlijke sinaasappelaroma met
andere natuurlijke aroma's, natuurlijke
aroma's), voedingszuur (citroenzuur E330),
stabilisator: (guar go"
Suiker, snoep, zoet beleg en zoete sauzen|SweetVreeze ijslollies 10 x 50 ml|62.0|0.0|0.0|0.0|0.0|15.0|15.0|water, suiker, voedingszuur: citroenzuur, natuurlijke aroma's.
Suiker, snoep, zoet beleg en zoete sauzen|Bessenijsje tuinvruchten 12x50ml|95.0|0.1|0.0|0.0|0.0|23.7|21.2|"Water, 16% zwarte bessensap, glucose-fructosestroop, suiker, 5% bramensap, aroma.

Dit product kan sporen van MELK en NOTEN bevatten"
Suiker, snoep, zoet beleg en zoete sauzen|Frostijslie|85.0|0.0|0.0|0.0|0.01|21.0|20.0|Water, suiker, aardbeien- (5%) en druivensap (5%) uit concentraat, zuurteregelaars (citroenzuur, fosforzuur, kaliumcitraat), smaakstoffen, stabilisator (pectine), kleurend levensmiddel (concentraat van wortel, saffloer).
Suiker, snoep, zoet beleg en zoete sauzen|Zonnegolfijsjes|80.0|0.1|0.04|0.01|0.03|19.7|19.4|Water, 19% vruchtensap van concentraat (72% ananas, 12% sinaasappel, 9% framboos, 6% citroen), suiker, glucose-fructosestroop, 1,4% aardbeipuree, stabilisator: guarpitmeel/johannesbroodpitmeel/pectinen, voedingszuur: citroenzuur, bietenroodconcentraat, pa
Melk en melkproducten|Kefirijs puur|165.0|3.0|6.0|5.5|0.1|25.0|25.0|40% volle yoghurt, water, suiker, kokosolie, mageremelkpoeder, emulgator (mono- en diglyceriden van vetzuren [E471], esters van propaan-1,2-diol met vetzuren [E477]), stabilisator (johannesbroodpitmeel [E410], guarpitmeel [E412]), zuurteregelaar (citroenz
Melk en melkproducten|Yoghurtsneeuw puur|168.0|2.8|6.2|5.3|0.1|25.0|25.0|40% volle yoghurt, water, suiker, kokosolie, mageremelkpoeder, emulgator (mono- en diglyceriden van vetzuren [E471], esters van propaan-1,2-diol met vetzuren [E477]), stabilisator (johannesbroodpitmeel [E410], guarpitmeel [E412]), zuurteregelaar (citroenz
Niet-alcoholische dranken|Frostrankje classic|24.0|0.0|0.0|0.0|0.153|6.0|5.8|Koolzuurhoudend water, suiker, 1% thee-extract, voedingszuur: citroenzuur, zuurteregelaar: E331, natuurlijke citroen aroma's, natuurlijke aroma's, conserveermiddel: E202/E211
Niet-alcoholische dranken|Koude Thee Bruisend|24.0|0.0|0.0|0.0|0.153|6.0|5.8|Koolzuurhoudend water, suiker, 1% thee-extract, voedingszuur: citroenzuur, zuurteregelaar: E331, natuurlijke citroen aroma's, natuurlijke aroma's, conserveermiddel: E202, E211
Niet-alcoholische dranken|Liper iced thee perzik 500 ml|30.0|0.5|0.5|0.5|0.014|6.9|6.7|Water, suiker, thee-extract (0,14%), perziksap uit concentraat (0,1%), aroma's, voedingszuren: citroenzuur en appelzuur, antioxidant: ascorbinezuur, zuurteregelaar: trinatriumcitraat.
Suiker, snoep, zoet beleg en zoete sauzen|Zilverhert puur vruchtenjam perziken|157.0|0.5|0.5|0.1|0.01|38.8|34.2|abrikozen(50%), suiker uit fruit, geleermiddel (pectinen), zuurteregelaars (citroenzuur, calciumlactaat)
Suiker, snoep, zoet beleg en zoete sauzen|Tasty. confiture aardbei rabarber 220 gram|171.0|0.4|0.2|0.0|0.01|41.0|41.0|Aardbei (35%), rabarber (30%), suiker, geleermiddel: pectine, voedingszuur: citroenzuur, zuurteregelaar: calciumcitraat.
Suiker, snoep, zoet beleg en zoete sauzen|Super aardbeienconfituur|257.0|0.4|0.2|0.0|0.01|62.0|52.6|"Glucose-fructosestroop, aardbeien, suiker, voedingszuur: citroenzuur, geleermiddel: pectine. 

Bereid met 45 g vruchten per 100 g."
Alcoholische dranken|Klaverveld jonge jenever||||||||
Alcoholische dranken|Nordic paneta vlielander jonge jenever||||||||
Kaas|Goudmeer 30+ gerijpt|292.0|31.1|18.6|13.4|2.148|0.0|0.0|Gepasteuriseerde KOEMELK, zout, zuursel, dierlijk stremsel, conserveermiddel: E251, kleurstof: E160b.
Kaas|Kaas 35+ rijp blok|287.0|29.5|18.4|12.5|1.6|0.0|0.0|Gepasteuriseerde KOEMELK, zout, zuursel, dierlijk stremsel, conserveermiddel: E251, kleurstof: E160a.
Kaas|Kaas 35+ gerijpt blok|285.0|29.5|18.4|12.5|1.6|0.0|0.0|Gepasteuriseerde KOEMELK, zout, zuursel, dierlijk stremsel, conserveermiddel: E251, kleurstof: E160a.
Kaas|8x3pl gouda 40+ vleugje oud 16gr bol|377.0|29.0|29.0|18.0|2.0|0.0|0.0|gepasteuriseerde KOEMELK, zout, zuursel, stremsel, conserveermiddel (E251), kleurstof (E160a).E160b).
Kaas|Ecopure brie|337.0|20.5|28.0|17.4|1.5|0.5|0.5|"gepasteuriseerde MELK*, room* (MELK), zout, dierlijk stremsel, zuursel, witschimmelcultuur.
*Van biologische oorsprong."
Kaas||291.0|21.0|23.0|15.0|1.5|0.1|0.1|"melk, zout, zuursel, stremsel, schimmelcultuur.
Waarvan toegevoegde suikers 0.00g per 100 gram en waarvan toegevoegd zout 1.50g per 100 gram"
Kaas||358.0|17.0|32.2|22.0|1.4|0.0|0.0|Gepasteuriseerde KOEMELK, zout, zuursel, microbieel stremsel, witschimmelcultuur.
Kaas|Camembert gevuld met dille ca. 260 g|356.0|14.4|32.0|21.5|1.6|2.6|2.4|71,7% brie (gepasteuriseerde koemelk, zout, zuursel, microbieel stremsel, witschimmelcultuur), 24,1% verse roomkaas (gepasteuriseerde koemelk, room (melk), zout, zuursel, microbieel stremsel, verdikkingsmiddel (E410)), 2,6% bieslook, zout, melkeiwit, pepe
Kaas|Veen boerenroom brie 60+|369.0|17.0|33.0|22.0|1.6|1.0|0.0|"gepasteuriseerde KOEmelk, zout, microbieel stremsel, zuursel, witschimmelcultuur.

Dit product kan sporen van NOTEN bevatten."
Kaas|Zachtbrie 60+|376.0|18.0|33.0|23.0|1.3|1.0|1.0|Gepasteuriseerde KOEMELK, zout, zuursel, microbieel stremsel, witschimmelcultuur.
Kaas|Bergeer emmentaal ± 25 plakken (700 gram)|386.0|29.0|30.0|19.1|1.13|0.0|0.0|gepasteuriseerde MELK, zout, zuursel (bevat MELK), kleurstof: carotenen, microbieel stremsel
Kaas|Bergkaas 50+|416.0|25.4|34.9|21.7|1.675|0.1|0.1|Gepasteuriseerde KOEMELK, zout, zuursel, vegetarisch stremsel, kleurstof: E160b.
Kaas|Cheddora Welsh kaas|416.0|25.4|34.9|21.7|1.75|0.1|0.1|gepasteuriseerde KOEMELK, zout, microbieel stremsel, zuursel.
Kaas|Kaasentaler|399.0|29.0|31.0|18.6|0.425|1.0|0.0|Rauwe KOEMELK, zout, zuursel, propionzuur culturen, dierlijk stremsel.
Kaas|Geitenkaas hapjes met honing|285.0|16.0|21.0|16.0|0.6|8.0|8.0|geitenmelk, 10% honing, zout, conserveermiddel (kaliumsorbaat [E202]), zuursel, vegetarisch stremsel.
Kaas|Cheerful Capra verse geitenkaas puur bio|194.0|11.0|15.0|10.0|0.47|2.8|1.5|"volle GEITENMELK*, zeezout, zuursel, microbieel stremsel.
* van biologische oorsprong."
Kaas|Meibloem kaasbier|384.0|25.8|31.2|20.9|1.7|0.0|0.0|Gepasteuriseerde KOEMELK, 2,7% Tripel Blond bier (water, wei (MELK), GERSTEMOUT, hop, koriander), zout, zuursel, microbieel stremsel, conserveermiddel: E1105 (EI)/E251.
Kaas|Hollander mild 48+ 400gr|375.0|24.4|30.8|22.2|1.7|0.0|0.0|"gepasteuriseerde KOEMELK, zout, microbieel stremsel, zuursel, kleurstof: E160b(ii).
Kaasdekmiddel bevat natamycine."
Kaas||381.0|24.0|31.0|22.0|1.7|0.0|0.0|gepasteuriseerde MELK, zout, zuursel (MELK), vegetarisch stremsel, conserveermiddel: E251, kleurstof: carotenen.
Kaas|Gilda kaas 48+ mild rijp|384.0|24.2|31.5|21.8|1.9|0.0|0.0|Gepasteuriseerde KOEMELK, zout, zuursel, microbieel stremsel, conserveermiddel: E251, kleurstof: E160a.
Kaas|Jong rijpend|380.0|25.1|30.0|18.4|2.01|2.4|0.0|MELK, aardappelzetmeel, zout, zuursel, dierlijk stremsel, kleurstof: annatto/carotenen, conserveermiddel: E251.
Kaas||375.0|24.0|31.0|21.0|1.95|0.0|0.0|"melk*, zout, zuursel, stremsel.
Waarvan toegevoegde suikers 0.00g per 100 gram en waarvan toegevoegd zout 2.00g per 100 gram
*Van weidemelk."
Kaas|Bizonmozzarella bumba 125gr|253.0|16.4|20.4|14.6|0.48|0.5|0.5|mozzarella (BUFFELMELK, zout, zuursel, stremsel).
Kaas|Golden Utrecht 48+ kaas half|431.0|29.0|35.0|23.3|2.3|0.0|0.0|MELK, zout, zuursel (MELK), stremsel, conserveermiddel (E251), kleurstof (carotenen).
Kaas|Stolkse boeren goud 50+ 1/18 kaas|456.0|30.16|38.28|24.36|2.32|0.0|0.0|rauwe KOEMELK, zout, zuursel, dierlijk stemsel, calciumchloride (E509), natriumnitraat E160b).
Kaas|Zilverschild kaas rijp 48+ 457g|421.0|26.49|34.63|23.55|1.95|0.0|0.0|MELK, zout, zuursel, stremsel, conserveermiddel: E251, kleurstof: annatto.
Kaas|Belvani bocconcini parels kaas 120 g|214.0|19.0|15.0|10.0|0.7|0.8|0.1|Gepasteuriseerde koemelk, zout, microbieel stremsel, zuurtegraadregelaar: citroenzuur, conserveermiddel: kaliumsorbaat
Kaas|Zeta blok 150g|281.0|14.7|23.3|16.7|1.6|3.1|0.4|schapenMELK, geitenMELK, zout, vegetarisch stremsel, zuursel.
Kaas|Milvoor smeerkaas witte peper 150g|135.0|17.0|7.0|4.5|1.5|1.0|1.0|Kaas (MELK), water , smeltzouten (E452, E451, E450, E340, E331), zwarte peper, weipoeder (MELK), magere MELKPOEDER, kleurstof (E101)
Kaas|Kremkaas 25+|135.0|17.0|7.0|4.5|2.0|1.0|1.0|"kaas (MELK, zout, zuursel (MELK), stremsel, conserveermiddel: E251, kleurstof: carotenen), water, smeltzouten: E452/E451/E450/E340/E331, MELKEIWIT, weipoeder (MELK), magere MELKPOEDER.
E=door EU goedgekeurde hulpstoffen."
Kaas|Smeerkaas 48+ chili-fuzie|257.0|14.0|21.0|14.0|2.7|3.0|3.0|42% kaas (MELK), water, boter (MELK), weipoeder (MELK), 3% sambal trassie (gemalen rode pepers, zout, garnalenpasta (garnalen (SCHAALDIEREN), zout, water), voedingszuur: azijnzuur, conserveermiddel: E202), MELKEIWITTEN, smeltzout: E452/E339, gistextract,
Kaas|Boterkaas met turquoise roquefort|270.0|13.1|22.9|14.9|2.6|2.9|2.9|41% kaas (63% blauwe schimmelkaas (melk, zuursel, zout, dierlijk stremsel, schimmelculturen),  37% kaas (melk, zout, dierlijk stremsel, microbieel stremsel, zuursel)), water, boter (melk), magere melkpoeder, smeltzouten: difosfaten, polyfosfaten, natriumf
Vleesvervangers en zuivelvervangers|Plant-aardige kaasdelight|220.0|14.7|10.1|3.3|1.95|16.2|1.6|43% Gerehydrateerd SOJA-EIWIT, 21% smeltkaas (12% kaas (MELK, zout, zuursel, vegetarisch stremsel), water, aardappelzetmeel, boter (MELK), smeltzout: E339/E452/E341/E450, conserveermiddel: E262, natuurlijke aroma's), paneermeel (TARWEBLOEM, zout, gist, kl
Vlees en gevogelte|Kalfsvleessoester 220g|104.0|22.9|1.4|0.6|0.13|0.0|0.0|kalfsvlees.
Vlees en gevogelte|Kalfsplakjes 240g|108.0|22.8|1.9|0.6|0.133|0.0|0.0|kalfsvlees.
Hartige snacks en zoutjes|Kaasflapjes bladerdeeg selecties|570.0|13.0|37.0|24.0|2.2|45.0|1.5|Kaasvlinder: tarwebloem, 28% roomboter, melk, zout, water, mageremelkpoeder, tarwezetmeel, stremsel, zuursel, kleurstof (annatto).Kaas-ui blokje: tarwebloem, 30% roomboter, melk, zout, water, uipoeder, melkeiwit, stremsel, zuursel, tarwezetmeel, dextrose,
Vlees en gevogelte|Lamshaas ribeye 18x200g (3.6 kilogram)|167.0|20.6|9.4|3.8|0.0|0.0|0.0|100% Kalfsvlees
Vlees en gevogelte|Mr. K-schelpen Roze v2 y|108.0|22.8|1.9|0.9|0.13|0.0|0.0|100% Kalfsvlees Herkomst:EU-landen
Vlees en gevogelte|Mr. Krulstaart v2.0|112.0|21.3|2.9|0.9|0.13|0.0|0.0|100% Kalfsvlees Herkomst:Eu landen
Suiker, snoep, zoet beleg en zoete sauzen|Frostmint kauwgom|158.0|0.0|0.0|0.0|0.167|66.0|0.0|Zoetstof: xylitol/sorbitolen/E421/E965/E955/E950, gombasis, vulstof: E170, stabilisator: arabische gom, aroma’s, kleurstof: E171, bevochtigingsmiddel: E422, zuurteregelaar: E500, emulgator: zonnebloemlecithine, glansmiddel: E903.
Hartige sauzen|VanHoutten kruiden saus 10ltr|116.0|0.7|0.4|0.1|1.5|27.0|23.0|Water, suiker, tomatenpuree 15%, azijn 9,5%, appel, gemodificeerd zetmeel, kerrie 1,8% (bevat MOSTERD, SELDERIJ), zout, sojasaus (water, SOJABONEN, TARWE, zout), specerijen, verdikkingsmiddelen (xanthaangom, guarpitmeel), conserveermiddel (kaliumsorbaat)
Hartige sauzen|Delight Curry|182.0|0.8|0.0|0.0|2.2|42.5|39.6|water, suiker, tomatenpuree, voedingszuur (azijnzuur, citroenzuur, ascorbinezuur) gemodificeerd maïszetmeel, zout, conserveer middelen (E202, E211, E262), kruiden, kleurstof (E150d, bietenrood), verdikkingsmiddel (E412), natuurlijk aroma.
Hartige sauzen|Edam's delight curry|180.0|0.2|0.0|0.0|1.7|45.0|39.0|glucose-fructosestroop, water, tomatenpuree, azijn, gemodificeerd maiszetmeel, zout, kleurstof: karamel, currykruiden, voedingszuur: melkzuur, conserveermiddel: kaliumsorbaat.
Hartige sauzen|Blissful Tomato Delight Zero Sugar|73.0|1.5|0.2|0.0|1.1|9.5|6.5|water, groenten (31% tomaat, ui), plantaardige vezel (wortel), azijn, gemodificeerd maïszetmeel, zout, voedingszuur: citroenzuur, verdikkingsmiddel: pectine, stabilisator: xanthaangom, conserveermiddelen: kaliumsorbaat en natriumbenzoaat, piment.
Hartige sauzen|VanZoet tomatenketchup 1,35 kg|102.0|1.2|0.1|0.1|1.8|23.2|22.8|Tomaten (148 g per 100 g tomato ketchup), azijn, suiker, zout, specerij- en kruidextracten (bevatten SELDERIJ), specerij
Hartige sauzen|Fritzi tomatensaus 350gram|104.0|1.7|0.5|0.1|1.9|23.0|23.0|tomatenconcentraat 57%, suiker, wijnazijn, water, zout, natuurlijk aroma.
Hartige sauzen|Nutrimex zoet ketjap 1000 ml|227.0|3.5|0.1|0.1|8.2|53.0|48.0|Suiker, sojasaus 26,5% (water, SOJABOON, zout, TARWE, conserveermiddel E202), water, melasse, gemodificeerd maïszetmeel, zout, gebrande suikerstroop, conserveermiddel E202, aroma.
Hartige sauzen|Ketjap zoet|248.0|2.6|0.5|0.1|7.5|59.0|55.0|melado, water, suiker, zout, gemodificeerd maïszetmeel, sojasaus (water, sojabonen, tarwe, zout), natuurazijn, natuurlijk aroma, conserveermiddel (E202).
Vis, schaal- en schelpdieren|Visbeling|139.0|12.498|4.971|0.641|0.549|10.84|0.617|"71% Alaska koolvis (VIS)*, water, TARWEBLOEM, zonnebloemolie, gemodificeerd TARWEZETMEEL, rijstemeel, maïszetmeel, zout, dextrose, specerijen (peper, paprikapoeder, chilipoeder), rijsmiddel: E500/E503/E450, gist, lavaswortel, GERSTEMOUTEXTRACT.
 Dit produ"
Vis, schaal- en schelpdieren|Gerookte ziltzout schnippers|114.0|13.124|3.638|0.457|0.883|7.126|0.362|Kibbeling (75% witvis* (Alaska koolvis** (VIS), kabeljauw*** (VIS)), water, TARWEBLOEM, zonnebloemolie, gemodificeerd TARWEZETMEEL, rijstemeel, zout, gemodificeerd aardappelzetmeel, dextrose, specerijen, magere MELKPOEDER, weipoeder (MELK), TARWEZETMEEL,
Vlees en gevogelte|Kip royale cordon|209.0|13.0|11.0|2.9|1.13|14.0|0.7|45% kipfilet, 20% water, tarwebloem, 5,4% kalkoendij, zonnebloemolie, zetmeel (tarwe, maïs, aardappel), zout, 0,5% kaaspoeder, gemodificeerd maïszetmeel, extract (specerijen, rozemarijn), specerijen, gist, natuurlijke aroma's, glucosestroop, dextrose, bot
Vlees en gevogelte|Kipcrispbleu|201.0|15.0|9.19|3.02|1.03|14.2|0.85|45% Kippenvlees, TARWEBLOEM, gemodificeerd TARWEZETMEEL, 8% gekookte kalkoenham samengesteld uit stukjes kalkoenvlees (kalkoenvlees, zout, kruiden, conserveermiddel: E250, maltodextrine, dextrose), 8% kaasbereiding (kaas (MELK), water, weipoeder (MELK), b
Vlees en gevogelte|Kalkoendijlapjes 200gr 2021+|164.0|18.4|10.0|2.9|0.175|0.0|0.0|100% kippenvlees.
Hartige snacks en zoutjes|Salim munchies crispy chicken 1 kg|264.0|11.8|15.5|3.2|1.2|18.9|0.8|Kip 49,5%, tarwebloem, maisbloem, tarwezetmeel, raapzaadolie, water, zout, kippencollageen, gist, dextrose, peper, rijsmiddelen: E450, E500
Vlees en gevogelte|Kipstukjes 560g|164.0|18.4|10.0|2.9|0.175|0.0|0.0|kippenvlees.
Hartige snacks en zoutjes|Deluxe mini kipstukjes 120gr 2020+|288.0|12.4|16.1|3.3|1.13|22.3|0.7|"59% kippenvlees, TARWEBLOEM, 6% water, gemodificeerd TARWEZETMEEL, raapzaadolie, TARWEZETMEEL, zout, conserveermiddel: E261, gist, kruidenextract (paprika), gistextract, aroma.
Dit product kan sporen van ei, soja, melk, mosterd en selderij bevatten."
Hartige snacks en zoutjes|Buitenhof kipblokjes|252.0|10.8|15.6|4.2|1.8|17.1|0.9|37% kippenseparatorvlees, water, bloem (TARWE, ROGGE, maïs, rijst), 11% kippenborstvel, raapzaadolie, zetmeel (TARWE), plantaardig eiwit (SOJA), vezels (TARWE, erwt), zout, stabilisatoren (E425, E466, E452, E450), MELKeiwit, aroma (GLUTEN), palmvet (MELK)
Hartige snacks en zoutjes|Flora mini kipsnuggets xx|257.0|11.0|16.0|5.5|1.8|16.0|0.6|Mechanisch gesepareerd kippenvlees 25%, water, paneermeel (TARWEbloem, water, gist, zout), TARWEbloem, plantaardige oliën (palm, raap), kippencollageen, SOJA-eiwitconcentraat, zout, emulgatoren: E450, E451, E452, natuurlijk aroma, dextrose. Kan sporen van
Fruit|Zonnekiwi|66.0|1.0|0.3|0.1|0.008|12.4|12.3|kiwi
Fruit|Zonnige Kiwi's verpakt 6st (750 gram)|68.0|0.9|0.8|0.2|0.0|12.0|10.0|kiwi
Fruit|Guavi groen|64.0|0.9|0.8|0.2|0.0|12.0|10.0|Waarvan toegevoegde suikers 0g per 100 gram en waarvan toegevoegd zout 0g per 100 gram.
Fruit|Zonwii|62.0|0.9|0.8|0.2|0.008|10.8|10.3|"kiwi*

*van biologische oorsprong"
Fruit|Kwouzi|62.0|0.9|0.8|0.2|0.008|10.8|10.3|"kiwi*

*van biologische oorsprong"
Fruit|Zomergroen Kiwi||||||||
Fruit|Zwenki lime||||||||
Fruit|Kiwi schijfjes doos 2,5kg (3120 gram)|68.0|0.9|0.8|0.2|0.0|12.0|10.0|kiwi
Fruit|Zonnebes||||||||
Fruit|Kiwi's Fest 1 kilo||||||||
Fruit|Ecopear kiwi 750 g||||||||
Brood|Elegance rounds provence greens|385.0|11.0|6.5|0.8|1.0|67.2|4.0|"TARWEMEEL (93%),

koolzaadolie, gist, suiker, natuurlijk aroma,

emulgator (mono- en diglyceriden van

plantaardige vetzuren), zout, zeezout (0,56%), Franse kruidenmix (rozemarijn,

peterselie,basilicum)(0,19%). Kan sporen van

SESAM bevatten."
Brood|Gourmet Circles Provencal Essence|385.0|11.0|6.5|0.8|1.0|67.2|4.0|"TARWEMEEL (93%),

koolzaadolie, gist, suiker, natuurlijk aroma,

emulgator (mono- en diglyceriden van

plantaardige vetzuren), zout, zeezout (0,56%), Franse kruidenmix (rozemarijn,

peterselie,basilicum)(0,19%). Kan sporen van

SESAM bevatten."
Gebak en koek|Eibolletje|137.19|5.025|3.144|0.678|0.046|21.732|0.922|TARWEbloem, rijsmiddellen (E503, E500), water, EI, EIgeel, TARWEgluten, suiker, emulgatoren (E471, E481, E472e (TARWE), E322), dextrose, ROGGEbloem (voorverstijfseld), wei-eiwit (concentraat) (MELK), weipoeder (MELK), SOJAbloem, palm, plantaardige olie (r
Gebak en koek|Benks glutenvrije ontbijtbrood met krenten 300 g|268.0|2.3|0.8|0.1|0.4|52.6|10.8|Oligofructose, maïszetmeel, water, invertsuikerstroop, tagatose, zoetstoffen: isomalt/E955, stabilisator: E422, gemodificeerd aardappelzetmeel, erwtenvezels, 2% rozijnen (rozijnen, katoenzaadolie), ei-eiwitpoeder, koekkruiden, zonnebloemolie, verdikkingsm
Gebak en koek|Roze taartjes mini|437.0|4.8|20.0|8.0|0.4|57.0|33.0|tarwebloem, suiker, plantaardige olie [palm, raap (in wisselende verhoudingen)], scharrelei, stabilisator (ascorbinezuur [E300], glycerol [E422]), voedingsvezel (oligofructose), glucose, lupinemeel, rijsmiddel (natriumcarbonaat [E500], glucono-delta-lacto
Gebak en koek|Krokeltje romig volkoren plakken|310.0|3.0|1.1|0.3|0.9|70.0|37.0|glucose-fructosestroop, water, volkoren ROGGEMEEL (19%), ROGGEBLOEM, suiker, rijsmiddelen (E500, E450), koekkruiden (bevat kaneel), GERSTEMOUTEXTRACT, conserveermiddel (E202), TARWEZEMELEN, zout, LUPINEMEEL, TARWEBLOEM, TARWEZETMEEL.
Gebak en koek|Koekstaven granen|274.0|3.9|0.9|0.2|0.76|60.2|35.1|glucose-fructosestroop, water, 17% volkoren ROGGEMEEL, 16% ROGGEBLOEM, suiker, 16% ROGGEZEMELEN, gekaramelliseerde suikerstroop, rijsmiddel: E500/E450, vezels (aardappel, erwt), kruiden en specerijenl, zout, raapolie, conserveermiddel: E200, TARWEMOUTMEEL
Gebak en koek|Morgenkoek pruimen-abrikozen|285.0|2.5|0.5|0.1|0.4|66.0|44.0|"Invertsuikerstroop*, ROGGEbloem*, 11% gedroogde vijg*, water, rozijn*, 2,5% gedroogde dadel*, rietsuiker*, rijstbloem*, honing*, rijsmiddel (natriumcarbonaat), azijn*, specerijen*, TARWEzetmeel*, *Van biologische oorsprong.

Allergie-informatie: bevat rog"
Gebak en koek|Morgenkoek granenplakjes|294.0|3.4|0.9|0.4|0.74|64.9|32.2|"Glucose-fructosestroop, 20% volkoren ROGGEMEEL, 16% ROGGEBLOEM, water, suiker, rijsmiddel: E500/E450, 
koekkruiden (kaneel), conserveermiddel: E202, TARWEZEMELEN, TARWEBLOEM, TARWEZETMEEL, GERSTEMOUTEXTRACT, LUPINEMEEL. Kan sporen van NOTEN en MELK bevatt"
Gebak en koek|Vluggie Vrolijke choco, hazelnoot en pitten 4-pack|341.0|5.2|8.6|1.9|0.39|58.3|34.1|Glucose-fructosestroop, meergranen 29% (ROGGEbloem, HAVERvlokken, GERSTEmout), vruchten (rozijnen 4%, appel 3%), noten (AMANDELEN 3%, HAZELNOTEN 2%, PECANNOTEN 1%), chocolade 6% (suiker, cacaomassa*, cacaoboter*, emulgator (SOJAlecithine), natuurlijk arom
Gebak en koek|Wild Safari critters cocoa biscuits pack|430.0|4.4|12.7|6.7|0.7|68.0|29.7|ruwe rietsuiker, maiszetmeel, rijstmeel, palmolie, rijstzemelen, gele erwtenmeel, bruine rijstsiroop, cacaopoeder (4%), psyllium, stabilisator (plantaardig): guargom. Rijsmiddellen: natriumbicarbonaat, calciumcarbonaat. Zout, emulgator: plantaardige monog
Gebak en koek|Roze ronden 6st/55g|397.0|3.1|13.7|4.6|0.6|66.7|42.0|suiker, TARWEbloem, plantaardige oliën (raapzaad, palm, palmpit, kokos), glucose-fructosestroop, scharrelEI, stabilisator: E422 (niet dierlijk), water, glucosestroop, aardappelzetmeel, fructosestroop, plantaardige vetten (palm, palmpit), rijsmiddelen: E50
Gebak en koek|Choco Krunch Koekjes met Berendruifjes|480.0|5.0|22.0|11.0|0.68|64.0|43.0|suiker, tarwebloem, plantaardige olie (palm, zonnebloem), gedroogd fruit (10% rozijn, 6% cranberry, appel), havermeel, vollemelkpoeder, cacaoboter, glucose-fructosestroop, mageremelkpoeder, glucosestroop, zout, rijsmiddel (difosfaat [E450], natriumcarbona
Gebak en koek|Danny desires delightful double chocolate chunk cookie 85g|439.0|7.1|20.4|9.9|0.32|55.3|29.4|"RIETsuiker*, TARWEbloem*, ongehard plantaardig vet (palm)*, chocolade*(cacaomassa, rietsuiker, emulgator:lecithine (SOJA)) 13,2%, HAVERmeel 12%*, water, HAVERvlokken* 7,5%, EIpoeder*, cacaopoeder*, zout,  koolzuur, kaneel*, bourbon vanille aroma

 *=uit c"
Gebak en koek|Countryside Cousins organic snack biscuits 6 pieces 100 g|442.0|1.5|18.0|15.0|0.18|56.0|17.0|"TARWEbloem* (68%), plantaardig kokosvet*, suiker*, vanilline suiker*, magere MELKpoeder*, rijststroop*, rijsmiddel: ammoniumbicarbonaat, natriumbicarbonaat, zout, (*) Afkomstig uit biologische landbouw.

Kan sporen van eieren, soja en noten bevatten."
Gebak en koek|Graanbergen zandkoek met haver & donkere chocolade 12 stuks 132 g|477.0|7.0|21.0|5.0|0.52|62.0|27.0|Volkoren tarwemeel* 20,9%, chocoladestukjes* 16,7% (rietsuiker*, cacaomassa*, cacaoboter*), tarwemeel*, bruine rietsuiker*, oliezuurrijke zonnebloemolie*, volkoren havervlokken* 8,4%, rijst*, ontvette cacaopoeder* 2,8%, natuurlijk aroma, tarwezetmeel*, em
Gebak en koek|Graanbergen zandkoekjes met maanzaad & lijnzaad 8 stuks 150 g|458.0|8.7|18.0|1.8|0.64|62.0|17.0|Spelt volkorenmeel* 28,6%, tarwebloem* 24%, oliezuurrijke zonnebloemolie*, bruine rietsuiker*, tarwesiroop*, volkoren havervlokken* 4%, gepelde gierst* 4%, volkoren tarwevlokken* 4%, blauw maanzaad* 4%, bruin lijnzaad* 3%, tarwevlokken* 1%, gerstvlokken*
Gebak en koek|Amandelzandkrakelingen|532.0|5.8|29.4|18.0|0.453|60.4|26.1|"TARWEBLOEM, 26% roomboter (MELK), suiker, 5% HAZELNOOT, weipoeder (MELK), zout, rijsmiddel: E500, kleurstof: carotenen.


Dit product kan sporen van PINDA'S, SESAM en andere NOTEN bevatten."
Gebak en koek|Koekjes melange|523.0|5.4|26.7|13.6|0.493|63.8|36.5|suiker, TARWEBLOEM, plantaardige oliën en vetten (palmolie, palmvet, raapzaadolie, kokosolie, kokosvet), cacaomassa, 3% PINDASCHAAFSEL, TARWEZETMEEL, rijstemeel, cacaoboter, magere cacaopoeder, SOJABLOEM, lactose (MELK), rijsmiddel: E500/E450/E341, SCHARR
Niet-alcoholische dranken|Pure Equity Instant Koffie Deep Roast, FE, Organic||||||||
Niet-alcoholische dranken|Cafeneo luxe mix orgo jarsgen7x120gex||||||||Oploskoffie van biologische landbouw
Niet-alcoholische dranken|Kristal kokos 500ml|0.0|0.0|0.0|0.0|0.075|0.004|0.004|mineraalwater, koolzuur, voedingszuur: citroenzuur en E331, zoetstoffen: acesulfaam-K en sucralose, natuurlijk aroma, kokossap uit concentraat 0,01%, conserveermiddel: E202.
Niet-alcoholische dranken|Muito coconut delight 1000ml|25.0|0.1|1.3|1.2|0.0|3.2|3.0|kokoswater (65%), water, Kokosmelk (10%), stabilisatoren: xanthaangom en guargom, natuurlijke aroma's.
Niet-alcoholische dranken|Tropico puur kokoswater 1000ml|19.0|0.0|0.0|0.0|0.003|4.7|4.7|Kokoswater
Hartige snacks en zoutjes|BaliBite kroepoek amsterdam 80 g|512.0|4.6|28.0|2.4|2.5|60.0|10.0|Cassave 29%, zonnebloemolie, tapiocabloem 25%, rietsuiker, prei 5%, mierikswortel, specerijen (chili 1%, knoflook, witte peper, kurkuma), zout, uipoeder 0,4%, azijn, wortel 0,1%
Hartige snacks en zoutjes|BaliMunch kroepoek delight 75 gr|493.0|1.5|24.0|2.1|3.5|68.0|9.8|Tapiocabloem, zonnebloemolie, GARNAAL 7,2%, aroma (bevat SELDERIJ), rietsuiker, zout, gistextract, kleurstof: paprika-extract. Kan gluten, ei, vis, soja, melk, bevatten.
Hartige snacks en zoutjes|Kroepoek java|557.0|3.35|33.85|2.58|2.28|59.21|8.06|41% Tapiocabloem, 31% zonnebloemolie, 14% GARNAAL, suiker, zout, rijstbloem, gemodificeerd tapiocazetmeel, gistextract, dextrose, specerijen (chilli, koriander, cayennepeper, fenegriek, zwarte peper, kardamom, piment, witte peper, kaneel, komijn, foelie),
Hartige snacks en zoutjes|Knabbelbrok sumatra 80g|521.0|2.5|26.4|2.0|4.05|67.2|8.3|tapiocabloem 46,4%, zonnebloemolie, garnaal 11,3% (SCHAALDIER, VIS), TARWEbloem, rietsuiker, gejodeerd zout, zout, suiker, dextrose, specerijen (koriander, fenegriek, chilipeper, kardemom, zwarte peper, piment, kaneel, komijn, cayennepeper, foelie), giste
Hartige snacks en zoutjes|Knakpoek spicy mango|556.0|3.4|33.95|2.6|2.491|58.8|7.7|42% Tapiocabloem, 31% zonnebloemolie, 14% GARNAAL, suiker, zout, rijstebloem, gemodificeerd tapiocazetmeel, specerijen (chilli, knoflookpoeder, gemberpoeder, witte peper, cayennepeper, anijs), uipoeder, tomatenpoeder, gistextract, zuurteregelaar: E262, sp
Melk en melkproducten|Parijse Kwark 500g|59.0|9.0|0.5|0.2|0.11|4.4|4.4|magere kwark (MELK).
Melk en melkproducten|Kwark framboos 450g|116.0|5.9|3.6|2.3|0.078|15.0|13.8|magere kwark 52,5% (MELK), suiker, water, aardbei 9,3%, gepasteuriseerde room 9% (MELK), magere yoghurt 7,5% (MELK), gemodificeerd tapiocazetmeel, glucose-fructosestroop, natuurlijk aroma, kleurstof: E163, verdikkingsmiddel: E412, zuurteregelaars: citroen
Melk en melkproducten|Zonmelk lichtvolle kwark framboos 450 g|112.0|5.7|3.6|2.3|0.08|14.1|13.0|Halfvolle kwark (melk), water, room (melk), 9% aardbei, suiker, glucose-fructosesiroop, gemodificeerd maïs- en tapiocazetmeel, rundergelatine, aroma, verdikkingsmiddel: E412, kleurstof: E163, zuurteregelaar: E333, E = door EU goedgekeurde hulpstoffen.
Vleeswaren|Varkensterva|120.0|20.0|4.0|1.5|2.5|1.0|1.0|91% varkensleverª, varkenscollageenª, zout, voedingszuur (E262, E326), dextrose, stabilisator (E451, E452), varkenseiwit, antioxidant (E301), conserveermiddel (E250), varkenshemoglobine, aroma. ªBeter Leven keurmerk 1 ster.
Vleeswaren|Leverdelight premium 110g|329.0|14.0|27.0|10.0|1.8|7.1|3.3|varkenslever 37%, varkensvet, varkensvlees 11%, water, scharrelEIwit 7,3%, varkensbindweefsel, suiker, MELKeiwit 1,5%, voedingszuren: E262, melkzuur en E326, nitrietpekelzout (zout, conserveermiddel: E250), plantaardige vezels (aardappel, bamboe, maïs), d
Niet-alcoholische dranken|Sunnyberg Crimson Citrus 375 ml|47.0|0.0|0.0|0.0|0.02|11.5|11.5|Koolzuurhoudend water, rietsuiker, bloed sinaasappelsap van concentraat (5%) bloed sinaasappelsap brouwsel (water, geconcentreerd bloed sinaasappelsap, suiker, gist), (citroenzuur), verdikkingsmiddel (pectine) , smaakstof, conserveermiddelen (E211, E202)
Niet-alcoholische dranken|Fenta citrus mini 12 x 150 ml|33.0|0.0|0.0|0.0|0.01|7.9|7.6|Sprankelend water, suiker, sinaasappelsap uit sapconcentraat (6%), voedingszuren: citroenzuur, appelzuur, natriumcitraat, conserveermiddel: kaliumsorbaat, natuurlijke sinaasappelaroma's met andere natuurlijke aroma's, antioxidant: ascorbinezuur, zoetstoff
Niet-alcoholische dranken|Citrus 6-bundel|32.0|0.0|0.0|0.0|0.0|7.9|7.7|Koolzuurhoudend water, 10% sinaasappelsap uit geconcentreerd sap, suiker, voedingszuur: citroenzuur, zuurteregelaar: natriumcitraat, zoetstof: steviolglycosiden, aroma, conserveermiddel: E202, stabilisator: E440/E410, antioxidant: E300.
Niet-alcoholische dranken|Dubbelzweet appel & mango|23.0|0.0|0.0|0.0|0.002|5.6|5.5|Water, vruchtensap uit concentraat (appel 14%, perzik 1,1%), suiker, voedingszuur (citroenzuur), aroma, zoetstof (steviolglycosiden), koolzuur (<0,1%).
Niet-alcoholische dranken|Aquafresh duo lime mint sprankelvrij 1l|43.0|0.0|0.0|0.0|0.0|10.5|10.5|Natuurlijk mineraalwater 90,9% (bron: Reine), suiker, vruchtensappen 3,8% (citroen 1,7%, acerola, limoen, komkommer 0,1%), natuurlijke citrus en komkommer aromas, zoetstof (steviolglycosiden).
Niet-alcoholische dranken|Crystal pomegranate/berry|1.0|0.0|0.0|0.0|0.04|0.0|0.0|Natuurlijk mineraalwater, voedingszuur: citroenzuur, zuurteregelaar: natriumcitraten, natuurlijk aroma, zoetstof: sucralose/acesulfaam-K, 0,01% acaï extract, 0,01% granaatappelsap uit concentraat.
Hartige snacks en zoutjes|Ambrosia loempia|132.0|3.9|1.6|0.5|0.6|24.9|3.9|TARWEmeel, kool, wortel, groene bonen, bambooscheuten, bonen vermicelli, MAISmeel, ui, suiker, zout, E621, SESAMolie, SOJAsaus (water, zout, SOJAbonen, TARWEmeel, suiker, E621), vegetarische olie (SOJAbonenolie, PINDAolie, SESAMolie), zwarte peper
Hartige snacks en zoutjes|Bevroren gekruide kolossale garnalenballetjes pacifisch|156.0|8.3|1.0|0.6|1.2|30.0|0.0|"GARNALEN
(60%, Litopenaeus vannamei gekweekt in Indonesië), TARWEMEEL, zout, rijstmeel, palmolie, gemodificeerd tapiocazetmeel, maltodextrine,
knoflookpoeder, stabilisator (E451), smaakversterker (E621), peper, gehydrolyseerd plantaardig eiwit (SOJA), ant"
Hartige snacks en zoutjes||208.0|6.8|4.1|0.5|0.53|31.0|2.5|42% groenten (kool, wortel, champignon, groene boon, lente ui), TARWEbloem, 5% vermicelli (zetmeel (maïs, erwt)), SOJAolie, SOJA-eiwit, gember, knoflook, zout, peper, suiker.
Hartige snacks en zoutjes|Ham/kip rolletjes|137.0|6.5|3.5|1.5|1.0|19.0|2.0|TARWEbloem, water, witte kool, taugé, gekookte ham 7% (varkensvlees 60%, water, zetmeel, zout, SOJA-eiwit, aroma, varkenseiwit), mechanisch gescheiden kippenvlees 7%, zetmeel, aardappel, ui, prei, plantaardige oliën (palm, raap, zonnebloem), kippenEI, wor
Fruit|Zachte papaja stukjes 10mm 1kg|66.0|0.6|0.2|0.0|0.0|14.3|13.9|mango
Fruit|||||||||
Fruit|Savoria mango keitt delecta||||||||
Fruit|Mangilo||||||||
Vetten en oliën|Zilte Prinses margarine wikkel 250g|695.0|0.5|82.0|34.0|1.5|0.5|0.5|Plantaardige oliën 82% (raapzaad, palm*), water, zout 1,5%, emulgatoren (SOJALECITHINE), droge MELKBESTANDDELEN, voedingszuur (citroenzuur), aromas, vitamine A en D, kleurstof (caroteen). *Zeeuws Meisje zet zich in voor duurzame palmolie. Kijk op: www.upf
Vetten en oliën|Hollands meisje plantaardig 2,5 kg|714.0|0.5|80.0|39.0|1.3|0.5|0.5|Plantaardige oliën (palm, raapzaad), water, zout, droge melkbestanddelen, emulgatoren (E322, E471), conserveermiddel (E202), voedingszuur (E330), aroma, vitamine A en D, kleurstof (E160a)
Vetten en oliën|Hollands krabbetje margarine / halvarine normaal 500 gr|695.0|0.5|79.0|34.0|1.5|0.5|0.5|Plantaardige oliën (palm en raapzaad), water, zout (1,5%), emulgatoren(SOJALECITHINE, E471), droge MELKBESTANDDELEN,voedingszuur,citroenzuur,aromas,kleurstof:caroteen,vitamine A en D. Dit is duurzame palmolie.
Vetten en oliën|Green Breeze margarine vloeibaar 500 ml|725.0|0.5|82.0|8.3|1.5|0.5|0.5|Plantaardige oliën 82% (koolzaad 67%, zonnebloem, geheel geharde koolzaad), water, zout 1,5%, emulgatoren (zonnebloemlecithine, sojalecithine), natuurlijke aroma's, voedingszuur (citroenzuur), vitamines A en D, kleurstof (caroteen)
Vetten en oliën|Stroomend Basis|630.0|0.0|70.0|6.8|0.9|0.0|0.0|plantaardige olie (raap, zonnebloem, geheel geharde raap), water, zout, emulgator (lecithine [E322], mono- en diglyceriden van vetzuren [E471]), conserveermiddel (kaliumsorbaat [E202]), voedingszuur (citroenzuur [E330]), natuurlijk aroma, kleurstof (carot
Suiker, snoep, zoet beleg en zoete sauzen|Oranjaarden citrus medium cut marmalade 340g|273.0|0.0|0.0|0.0|0.0|67.0|66.0|suiker, sinaasappels.
Hartige sauzen|Kozy Mayonaisse met Ei 1100 ml|743.0|1.3|81.1|6.3|1.23|1.6|1.4|Koolzaadolie, eigeel van scharreleieren 7,5%, azijn, water, mosterd (azijn, mosterdzaad, water, zout, specerijen), suiker, zout, antioxidant: E385, aroma
Hartige sauzen|Van Ootem mayo spread 810 g|668.0|1.1|72.0|11.0|1.1|3.0|3.0|Sojaolie (70%), water, azijn, eigeel (5,6%), suiker, zout, mosterdzaad, stabilisatoren (xanthaangom, guargom), antioxidant (calciumdinatrium-EDTA), specerijen
Graanproducten en bindmiddelen|Bakkerij Huis mix voor volkoren pannenkoek 450 gram|179.0|8.5|5.4|1.5|0.4|23.0|3.5|60% volkoren HAVERMEEL, 35% volkoren TARWEMEEL, 3.6% boekweitmeel, zout. Kan EI en MELK bevatten.
Graanproducten en bindmiddelen|Vermeer's schudfles mix multigranen 180 gram|171.0|6.8|3.8|1.2|0.36|27.0|4.1|75% TARWEMEEL, 5.2% volkoren HAVERMEEL, 4.1% ROGGEMEEL, 4.1% volkoren gerstmeel, KIPHEELEIPOEDER, 1% boekweitmeel, rijsmiddelen (E341, E501), zout, anti-klontermiddel E551. Kan MELK bevatten.
Melk en melkproducten|Lichtvolle cacaomelk|64.0|3.6|1.7|1.0|0.1|8.2|7.8|"94% halfvolle MELK, 3,5% suiker, 1,4% mager cacaopoeder*, aroma's, voedingszuur:  E339, stabilisator: E460/E407/E466.
*Rainforest Alliance Gecertificeerd. Lees meer op www.ra.org."
Melk en melkproducten|Cacaomax Zonder Suiker|50.0|3.6|1.6|1.1|0.13|4.7|4.5|MELK (1,3% vet), cacao (1,6%), stabilisatoren (johannesbroodpitmeel en carrageen), aroma, zoetstoffen (acesulfaam-K en sucralose)
Melk en melkproducten|Chocolux Light 200ml|58.0|3.2|0.4|0.2|0.14|10.1|9.9|magere melk, suiker, cacao (1,4%), stabilisatoren: carrageen, cellulose en cellulosegom, natuurlijk aroma
Melk en melkproducten|Chocovreugde halfvolle melk 1l edge|77.0|3.5|1.6|1.0|0.1|11.4|11.4|91,4% halfvolle MELK, suiker, 1,4% mager cacaopoeder (11% cacaoboter), stabilisatoren (carrageen, cellulose, cellulosegom).
Melk en melkproducten|Rijke cacaodrank|76.0|3.6|3.1|1.8|0.1|8.1|7.7|94% MELK , 3,5% suiker, 1,7%mager cacaopoeder, aroma's, voedingszuur: E339, stabilisator: cellulose/E407/E466.
Melk en melkproducten|Boerland versfris karnedrank 1 l|37.0|2.5|0.5|0.4|0.18|4.4|4.1|KarneMELK, stabilisator: E466, zuurteregelaar: citroenzuur
Melk en melkproducten|Kornemelk|35.0|3.5|0.5|0.3|0.1|4.0|4.0|Buttermilk (milk) EU Landbouw
Melk en melkproducten|Zonmelk|33.0|3.5|0.5|0.4|0.1|3.5|3.5|"*Van weidemelk.
Waarvan toegevoegde suikers 0.0g per 100 milliliter en waarvan toegevoegd zout 0.0g per 100 milliliter"
Melk en melkproducten|Koffiecrème rijk fles 190ml|141.0|6.5|8.0|5.5|0.3|10.7|10.7|MELK, stabilisatoren: E339 en E407.
Melk en melkproducten|Romige koffiemelk|140.0|7.0|8.0|5.0|0.3|10.0|10.0|"EU Landbouw
Waarvan toegevoegde suikers 0g per 100 gram en waarvan toegevoegd zout 0g per 100 gram."
Melk en melkproducten|Rijke koffiemelk|142.0|6.5|8.0|5.5|0.25|11.0|11.0|volle melk, stabilisator (E339, E407).
Melk en melkproducten||34.0|3.5|0.07|0.04|0.13|4.9|4.9|Magere MELK.
Melk en melkproducten|Lutj lichte melk (1 kilogram)|34.0|3.5|0.07|0.04|0.13|4.9|4.9|koeMELK
Fruit|FruityVibes - melonmix feest|32.0|0.805|0.0|0.0|0.048|6.798|6.798|meloen in wisselende verhouding (watermeloen, cantaloupe meloen, galia meloen).
Fruit|Vers gemengde meloenschotel 400 gram|30.0|0.7|0.0|0.0|0.03|6.7|6.7|34% Cantaloupe meloen, 33% watermeloen, 33% galiameloen.
Fruit|Melonblend 100gr|25.0|0.0|0.0|0.0|0.038|6.0|6.0|Cantaloupe meloen, gele meloen.
Fruit|Tropische Melonmix 250g|27.0|0.5|0.0|0.0|0.038|6.0|6.0|galia meloen 50%, cantaloupe meloen 50%.
Fruit|Pro vers gesneden fruitblend 1000 g|25.0|0.0|0.0|0.0|0.038|6.0|6.0|50% Cantaloupe meloen, 50% gele meloen.
Gebak en koek|Drooskens gigantenmergpijpen 6 stuks 350 g|437.0|3.8|19.8|10.7|0.25|60.9|52.3|Suiker, palm-, palmpit- en kokosvet, scharrelei, frambozen, tarwebloem, sojabonen, koolzaadolie, glucose-fructosestroop, abrikozenpitten, tarwezetmeel, stabilisator: E420/E422/E1103, sojabloem, glucosestroop, magere cacaopoeder, magere melkpoeder, water,
Niet-alcoholische dranken|Kloosterwater en fruit perzik-bosbes licht|9.0|0.03|0.01|0.003|0.055|2.1|1.9|Natuurlijk mineraalwater, 20% vruchtensap uit concentraat (70% appel, 19% kers, appelbes), voedingszuur: citroenzuur, zuurteregelaar: E331, aroma, zoetstof: E952/E950/E954, vitamine C.
Niet-alcoholische dranken|Aqua & Vrucht Belevenis bosbesmix licht (met blauwe druif en perzik) 1500ml|11.0|0.0|0.0|0.0|0.05|2.5|2.5|natuurlijk mineraalwater, rode druivensap uit concentraat 8,6%, appelsap uit concentraat 8%, bosvruchtensap uit concentraat 3,4% (framboos 1,4%, aardbei 0,8%, zwarte bes 0,7%, vlierbes 0,4%, braam 0,1%), voedingszuur: citroenzuur, zuurteregelaar: E331, ar
Kruiden en specerijen|Maastricht mosterd pittig|176.0|7.7|12.0|0.7|6.3|7.5|1.5|water, MOSTERDZAAD, natuurazijn, zout, rode wijnazijn, voedingszuur: citroenzuur, antioxidant: E224 (bevat SULFIET).
Vis, schaal- en schelpdieren|Gestoofde zeejuweeltjes|101.0|12.4|1.7|0.5|1.5|8.3|0.5|MOSSELEN (Mytilus chilensis, gevangen in zuidoostelijke deel van de Stille Oceaan met sleeplijnen), azijn, voedingszuur: E330.
Kruiden en specerijen|Eco Pittige Smaakmosterd 170g|168.0|8.4|11.5|0.8|1.3|5.5|1.7|natuurazijn*, geel en bruin MOSTERDzaad*, water, zeezout, curcuma*, kruiden*. * biologisch
Kruiden en specerijen|M&y gouden mosterd 2 l|127.0|5.3|7.1|1.1|3.06|6.9|1.6|Azijn, mosterdzaad, water, zout, specerijen
Kruiden en specerijen|Veen - bloembosch perenmosterd 200 ml|66.0|1.6|1.2|0.3|0.563|11.9|9.7|fruitazijn (natuurazijn, 12,4% appel), 30% gemalen MOSTERDzaad, kristalsuiker, zout.
Kruiden en specerijen|Delftse mosterd|157.0|7.5|12.0|0.8|5.7|3.9|2.2| water, MOSTERDzaad*, azijn*, zeezout. *van biologische oorsprong
Kruiden en specerijen|Provençaalse mosterd|96.0|5.0|5.8|0.4|3.8|4.2|3.0|water, MOSTERDzaden, azijn, zout, suiker, kruiden
Kruiden en specerijen|Ruwe mosterd|168.0|7.9|10.4|0.7|4.3|7.9|1.6|water, MOSTERDZAAD, natuurazijn, zout, specerijen, natuurlijk kruidenaroma.
Kruiden en specerijen||122.0|6.4|6.5|0.4|3.4|6.8|1.8|water, MOSTERDZAAD, natuurazijn, zout, kruiden en specerijen, suiker.
Graanproducten en bindmiddelen|Velderhart vezel kracht havermout eco|365.0|11.0|6.9|1.2|0.03|56.0|1.3|HAVERvlokken**. Kan sporen van PINDA, GLUTEN, NOTEN en SESAM bevatten. **Van gecontroleerde biologische teelt.
Melk en melkproducten|Chocopasta karamel zeezout 80 gram|319.0|5.0|24.0|15.9|0.75|20.7|20.4|slagroom (MELK), chocolade 22% (cacaomassa, suiker, cacaoboter, emulgator: SOJAlecithine, natuurlijk vanille aroma), scharrelEIwit, karamelsaus 10% (glucose-fructosestroop, bietsuiker, room (MELK), MELK, boter (MELK), water, zeezout 0,1%, verdikkingsmidde
Melk en melkproducten|Danelle mousse antwerpse cacao 4 x 80 g|194.0|3.4|9.7|6.5|0.82|22.6|21.3|Volle melk (55,4%), room (melk), lactose, glucose-fructosestroop, suiker, chocolade 4,8% (cacaomassa, suiker, emulgator: sojalecithine, aroma), mager cacaopoeder, emulgator: E 472b, verdikkingsmiddelen: E1442, E 407, E 415, gelatine (geen varkensgelatine)
Graanproducten en bindmiddelen|Gravermout|375.0|14.0|7.0|1.3|0.03|59.0|0.7|"volkoren havervlok*.
EU Landbouw
*Van biologische oorsprong."
Graanproducten en bindmiddelen|Haverbrok|381.1|13.5|7.0|1.2|0.025|62.0|1.0|HAVER
Fruit|Nectarinaango 1 kg España||||||||
Fruit|Persikingen veld|33.0|1.0|0.1|0.0|0.0|6.5|6.5|
Fruit|Solarines mand|33.0|1.0|0.1|0.0|0.0|6.5|6.5|
Graanproducten en bindmiddelen|Maggi stir-fry noodles tuscan herb chicken|444.0|9.0|16.8|1.3|3.7|62.1|4.7|Noedels 86,5% (TARWEbloem, zonnebloemolie, zout. stabilisator (E452), TARWEGLUTEN, zuurteregelaar (E501), antioxidant (E319)). Mix 13,5% (groenten (tomaat, ui), zout, suiker, maïszetmeel, kruiden en specer?en (knoflook, oregano, t?m, peper), gistextract,
Noten en zaden|Bakker kruidige amandel melange|692.0|16.0|65.0|7.0|0.7|7.7|3.0|PECANNOOT, HAZELNOOT*, AMANDEL, zonnebloemolie, zeezout. *Rainforest Alliance gecertificeerd. Kan sporen bevatten van andere noten, pinda's.
Noten en zaden|Bakker gepeperde nootmix cashew|610.0|24.0|50.0|7.5|0.9|13.0|6.0|52% PINDA, 25% PISTACHENOOT, 19% AMANDEL, zonnebloemolie, 0,8% zeezout. Kan sporen bevatten van andere noten.
Noten en zaden|Bakker noot&notenmix ziltig|612.0|23.0|50.0|7.4|1.0|13.0|5.6|PINDA'S 66%, HAZELNOTEN 10%, CASHEWNOTEN 9.7 %, AMANDELEN 9.6 %, zonnebloemolie, zout. Gemaakt in een bedrijf waar ook andere noten worden bewerkt.
Noten en zaden|Amandelmelange gezouten|630.0|21.3|52.4|7.9|0.7|15.5|5.2|47% CASHEWNOTEN, 33% AMANDELEN, 15% PISTACHENOTEN, zonnebloemolie, zeezout.
Noten en zaden|Multibox hazelnoten|695.0|17.0|67.0|7.0|0.0|3.0|2.5|
Noten en zaden|Hazenoten los|716.0|15.2|65.2|6.1|0.005|13.7|2.6|WALNOTEN.
Noten en zaden|Knapperige walnoten (0,9 kilogram)|673.0|15.9|64.3|6.1|0.0|5.4|2.9|WALNOTEN
Noten en zaden|Walnootjes|695.0|17.0|67.0|7.0|0.05|3.0|2.5|"walnoot*.
EU/niet-EU Landbouw
Waarvan toegevoegde suikers 0g per 100 gram en waarvan toegevoegd zout 0g per 100 gram."
Vetten en oliën|Olivarillo puur natuur Spaans olijfolie|821.0|0.0|91.0|14.0|0.0|0.0|0.0|Ingrediënten : olijfolie
Vetten en oliën|Zonneolie extra puur|819.0|0.0|91.0|13.0|0.0|0.0|0.0|extra vierge olijfolie.
Vetten en oliën|Zonnegoud olijf elixir|830.0|0.0|92.0|15.0|0.0|0.0|0.0|extra vierge olijfolie.
Vetten en oliën|Zonnegloedolie|830.0|0.0|92.0|10.0|0.0|0.0|0.0|zonnebloemolie.
Vetten en oliën|Zonnegloedolie|830.0|0.0|92.0|11.0|0.0|0.0|0.0|"zonnebloemolie*.
EU/niet-EU Landbouw
*Van biologische oorsprong."
Vetten en oliën|Zonnegloedolie|828.0|0.0|92.0|10.0|0.0|0.0|0.0|Zonnebloemolie
Vetten en oliën|Zuidzonolie|828.0|0.0|92.0|10.0|0.0|0.0|0.0|Zonnebloemolie.
Vetten en oliën|Goudbloemolie met gezonde vitaminen 500ml|828.0|0.0|92.0|9.0|0.0|0.0|0.0|zonnebloemolie, vitamine: D3 (dierlijk).
Fruit|Zomerse olijven 940g|172.0|1.0|18.0|3.0|2.9|0.0|0.0|"water, groene olijven 48,4%, zout, zuurteregelaar: citroenzuur, antioxidant: E300.

Kan bevatten: schaaldier, vis, melk, amandel en sulfiet."
Fruit|Natuurlijke groene olijven|140.0|0.8|14.2|2.0|3.0|0.0|0.0|"Groene olijven*, water, zeezout, voedingszuur: melkzuur/citroenzuur.

* van biologische oorsprong"
Fruit|GroenWijs - biologische olijven 120g|162.0|1.3|16.0|1.8|1.9|1.3|0.0|"96% groene olijven zonder pit*, zonnebloemolie*. 
*= van gecontroleerde biologische oorsprong."
Fruit|Smaragd olijven met kern (920 gram)|146.0|0.9|16.0|3.0|3.8|0.0|0.0|olives, water, salt, acidity regulator: citric acid
Fruit|Zomerse groene olijven zonder pit|154.0|0.9|16.0|2.3|4.0|0.0|0.0|"groene olijf*, water, zout*, azijn*, zuurteregelaar (citroenzuur [E330]).
EU Landbouw
*Van biologische oorsprong."
Graanproducten en bindmiddelen|Koren Krakers|360.0|12.0|2.5|0.7|0.45|64.0|10.0|78% volkoren tarwe, 13% tarwezemel, suiker, gerstemoutextract, zout, ijzer, vitaminen (B1, B2, B3, B6, foliumzuur, B12).
Graanproducten en bindmiddelen|Volkoren maaltijdmix|350.0|13.0|2.0|0.5|0.48|63.0|0.6|"volkoren tarwemeel, zout.
Waarvan toegevoegde suikers 0.00g per 100 gram en waarvan toegevoegd zout 0.48g per 100 gram"
Graanproducten en bindmiddelen|Krokelmeel|345.0|12.0|1.5|0.3|1.3|69.0|3.5|"TARWEmeel*, zeezout, gist*, *Van biologische oorsprong.

Allergie-informatie: bevat tarwegluten."
|Poffelbroodjes|230.0|4.9|9.5|1.4|0.57|31.0|12.0|"54% volle melk, tarwebloem, suiker, koolzaadolie, 5,6% ei*, vetbereiding (koolzaadolie, water, zout, _x000D_
emulgator: mono- en diglyceriden van vetzuren* *; zuurteregelaar: citroenzuur; aroma, kleurstof: carotenen), zout, conserveermiddelen: kaliumsorbaat, ca"
Graanproducten en bindmiddelen||247.0|6.3|13.5|3.1|0.67|23.4|5.5|Water, 29% VOLKORENTARWEMEEL, VRIJE-UITLOOPKIPPENEI, plantaardige oliën (raapzaad, kokos), magere MELKPOEDER, suiker, azijn, natuurlijk aroma, zout, emulgator: E322, rijsmiddel: E500, conserveermiddel: E202.
|Flappertjes|222.0|5.6|10.0|4.6|0.7|27.0|7.1|water, tarwebloem, scharrelei, palmolie, mageremelkpoeder, suiker, vegetarisch weipoeder, roggebloem, azijn, boterolie, zout, natuurlijk aroma, conserveermiddel (kaliumsorbaat [E202]), emulgator (lecithine [E322]), rijsmiddel (natriumcarbonaat [E500]).
Samengestelde gerechten|Piet's Gouda Pannenkoeken 300 g|255.0|10.1|14.9|8.4|1.63|18.8|3.5|Pannenkoek [tarwebloem, magere melk, water, plantaardige olie (palm), vrije-uitloop ei, weipoeder (melk), roggebloem, zout, rijsmiddel (E500), zuurteregelaar (citroenzuur), conserveermiddel (E202)], 28% kaas [gepasteuriseerde koemelk, zout, zuursel, strem
Graanproducten en bindmiddelen|Peikaar panneplakken|279.0|6.4|10.0|5.7|0.92|39.0|14.0|Verse volle MELK 36,1%, TARWEmeel (GLUTEN), heel EI (vloeibaar, gepasteuriseerd) afkomstig van vrije-uitloopkippen 12,7%, rietsuiker, boterconcentraat (MELK) 6,4%, rijsmiddelen (difosfaten, natriumcarbonaten), zout, TARWEzetmeel (GLUTEN), zonnebloemolie.
Groente|Peperzoet rood|25.0|0.8|0.1|0.0|0.003|4.3|4.3|"Paprika*.

*van biologische oorsprong"
Suiker, snoep, zoet beleg en zoete sauzen|Duomella|570.0|1.7|36.0|9.5|0.08|59.0|56.0|"suiker, plantaardige olie (raapzaad, palm), 6,5% HAZELNOTEN, magere cacao, maltodextrine, emulgator: zonnebloemlecithine, zout, vanille-aroma, aroma (HAZELNOTEN)

Dit product kan sporen van MELK, PINDA'S  en andere NOTEN bevatten."
Suiker, snoep, zoet beleg en zoete sauzen|chocoladeamandelbollen in buis|557.0|8.42|35.274|14.568|0.177|48.997|45.592|"Suiker, 21% HAZELNOTEN, cacaoboter, cacaomassa, magere MELKPOEDER, roompoeder (MELK), watervrij MELKVET, weipoeder (MELK), maltodextrine, emulgator: SOJALECITHINE, glansmiddel: arabische gom, glucosestroop, natuurlijk vanillearoma.
Melkchocolade: ten mins"
Suiker, snoep, zoet beleg en zoete sauzen|Witte Choco Spread|577.0|4.0|37.0|9.8|0.2|57.0|53.0|"Suiker, plantaardige oliën (raapzaad, palm), magere MELKPOEDER, 5% witte chocolade (suiker, cacaoboter, magere MELKPOEDER, boterolie (MELK)), maltodextrine, weipoeder (MELK), boterolie (MELK), emulgator: zonnebloemlecithine.

Dit product kan sporen van NO"
Suiker, snoep, zoet beleg en zoete sauzen|Chocolade smeersel|562.0|3.6|36.0|8.8|0.15|55.0|55.0|"Suiker, plantaardige oliën (raapzaad, palm), 6% magere MELKPOEDER, 6% magere cacaopoeder*, lactose (MELK), weipoeder (MELK), emulgator: zonnebloemlecithine, natuurlijk vanillearoma.
*Rainforest Alliance Gecertificeerd. Lees meer op www.ra.org.

Dit produc"
Suiker, snoep, zoet beleg en zoete sauzen||568.0|2.7|36.0|9.3|0.03|58.0|56.0|suiker, plantaardige oliën (raap, palm*), 7% hazelnoten, 4% magere cacaopoeder, 2% volle melkpoeder**, 1% magere melkpoeder**, calciumcarbonaat, emulgator (lecithinen), natuurlijke aroma's, dextrose.
Suiker, snoep, zoet beleg en zoete sauzen|Kastanjecrème|569.0|5.2|37.0|9.3|0.07|52.0|51.0|"Rietsuiker*, plantaardige oliën (zonnebloem*, palm*) 13% HAZELNOTEN*, magere cacaopoeder*, magere MELKPOEDER*, emulgator: zonnebloemlecithine*, natuurlijk vanillearoma*.
 *van biologische oorsprong.

Dit product kan sporen van PINDA'S en andere NOTEN beva"
Suiker, snoep, zoet beleg en zoete sauzen|Notenkrèm|567.0|1.3|35.0|8.7|0.005|60.9|60.2|"Suiker, plantaardige oliën (raap, palm), 5% magere cacaopoeder, 2% HAZELNOTEN, emulgator: lecithinen, dextrose, vanillearoma.

Dit product kan sporen van andere NOTEN en MELK bevatten."
Suiker, snoep, zoet beleg en zoete sauzen|Nootkraker duo|570.0|1.7|36.0|9.5|0.08|59.0|56.0|"Suiker, plantaardige oliën (raapzaad, palm), 7% HAZELNOTEN*, magere cacaopoeder*, maltodextrine, emulgator: zonnebloemlecithine, zout, vanillearoma, aroma (HAZELNOTEN).
*Rainforest Alliance GecertificeerdTM. Lees meer op www.ra.org.

Dit product kan spore"
Suiker, snoep, zoet beleg en zoete sauzen|Honing zeezout melkchocoladepasta|560.0|4.0|37.0|7.0|0.3|52.0|51.0|suiker, plantaardige olie (raap, palm, kokos), mageremelkpoeder, 4,5% magere cacaopoeder, sojabloem, lactose, weipoeder, glucosestroop, emulgator (sojalecithine, zonnebloemlecithine), roomboter, 0,2% zeezout, zout, Bourbonvanille-extract.
Suiker, snoep, zoet beleg en zoete sauzen|Rijk Chocomousse|554.0|6.4|39.0|11.0|0.013|40.0|37.0|"Rietsuiker*, plantaardige oliën (zonnebloem*, palm*), 28% magere cacaopoeder*, MELKVET*, emulgator: zonnebloemlecithine*, natuurlijk vanillearoma*.

*van biologische oorsprong

Dit product kan sporen van NOTEN bevatten"
Kruiden en specerijen|Kruidenmix rendana|121.0|3.0|1.3|0.2|9.4|26.3|14.4|water, suiker, uien, zout, paprika, gemalen rode chilipepers, gember, knoflook, curcuma, sereh, KORIANDER, djinten, voedingszuren (E330, E270), conserveermiddelen (E260, E202, E211),
Kruiden en specerijen|Smaakdonder 90g|354.0|2.504|22.048|5.821|5.57|35.684|7.644|maltodextrine, raapzaadolie, water, gemodificeerd maïszetmeel, gemberpuree, zout, suiker, azijn, specerijen (komijnzaad, chillies, kardemom 0,5%, witte peper, steranijs 0,3%, kurkuma, nootmuskaat 0,3%), geheel geharde palmolie, kaaspoeder (gepasteuriseerd
Suiker, snoep, zoet beleg en zoete sauzen|Tulip speculade crispy spread|571.0|3.2|35.7|7.9|0.6|58.8|36.2|Original speculoos 65% (TARWEbloem, suiker, plantaardige oliën (duurzame en gecertificeerde palmolie, raapolie), kandijstroop, rijsmiddel (natriumwaterstofcarbonaat), SOJAbloem, zout, kaneel), raapolie, suiker, emulgator (SOJAlecithine), voedingszuur (cit
Suiker, snoep, zoet beleg en zoete sauzen|Kruidenkoekpasta|565.0|3.0|39.0|7.5|0.2|50.0|30.0|plantaardige olie (raap, palm), suiker, tarwebloem, palmvet, water, suikerstroop, voedingszuur (citroenzuur [E330]), emulgator (lecithine [E322]), rijsmiddel (natriumcarbonaat [E500]), zeezout, kleurstof (karamel [E150a]), 0,1% kaneel, mageremelkpoeder, h
Suiker, snoep, zoet beleg en zoete sauzen|Cinnamonkrunch Pasta 400g|580.0|3.4|36.8|7.5|0.49|58.2|34.2|speculoos 59,8% (TARWEbloem, suiker, plantaardige oliën [palm, koolzaad], kandijstroop, rijsmiddel: E500, zout, kaneel), koolzaadolie, suiker, emulgator: zonnebloemlecithine, natuurlijk aroma, voedingszuur: citroenzuur.
Fruit|||||||||
Vleeswaren|Limburgerse ovenschotel pastei|307.0|15.0|25.0|11.0|2.2|5.5|1.7|47% varkensvlees*, 35% varkenslever*, varkensvet*, ui, glutenvrij tarwezetmeel, zout, suiker, specerijen, stabilisatoren (E452, E450, E451), varkensgelatine, zonnebloemolie, gehydrolyseerd sojaeiwit, kleurstof (E120), water, antioxidanten (E301, E300), zu
Vleeswaren||254.0|15.6|19.4|7.2|2.2|4.4|0.2|54% varkensvlees°, 34% varkenslever°, ui, glutenvrij TARWEzetmeel, zout, voedingszuur: E262/E300/E326, dextrose, specerijen, gehydrolyseerd plantaardig eiwit (SOJA, maïs, koolzaad), stabilisator: E450/E451/E452, kleurstof: E120/E150a, zonnebloemolie, suik
Vleeswaren|Huizegenoot Limburgse Pasteideel|289.0|14.0|24.0|9.6|2.1|4.3|2.0|53% varkensvlees*, 34% varkenslever*, water, ui,  glutenvrij TARWEzetmeel, zout, voedingszuur (E326, E262, E300), dextrose, specerijen, gehydrolyseerd plantaardig eiwit (SOJA, mais, koolzaad), stabilisator (E452, E451, E450), kleurstof (E150a, E120), zonn
Vleeswaren|Oynox slank pastaatje 170 gr|291.0|12.0|27.0|10.0|1.6|1.8|0.5|Varkensvet¹, varkenslever¹ 23%, water, varkenscollageen¹, aardappelzetmeel, zout, varkensgelatine, specerijen, voedingszuur: E270, aroma, antioxidant: E301, specerijen-extract, conserveermiddel: E250.
Fruit|De heerlijkjevrienden zoete peren 400 g|65.0|0.2|0.1|0.0|0.0|15.0|13.6|Stoofpeer (67%), water, suiker, aroniaconcentraat, specerijen, conserveermiddel: kaliumsorbaat
Fruit|Frispakket stooffruiten|72.0|0.0|0.1|0.0|0.0|17.0|16.0|peer, rodebessensap uit concentraat, kaneelstokje.
Fruit|Fn plaat - stooffruit 450g|96.0|0.475|0.411|0.073|0.003|18.126|15.592|"peren 70,5%, bloemenhoning 16,5%, limoensap, specerijen 5,7% (kaneel, steranijs, kruidnagel), rode wijn (SULFIET).
Let op: Dit product is bereid met alcohol."
Fruit|Halve perziken in zoete nectar (2650 gram)|63.0|0.2|0.0|0.0|0.1|14.5|14.0|pears, water, glucose-fructose syrup, sugar, acidity regulator: citric acid, antioxydant: ascorbic acid
Fruit|Jumbo gesneden peren in sap 800 g|69.0|0.3|0.1|0.1|0.1|16.0|16.0|Halve peren, water, suiker, voedingszuur: citroenzuur, antioxidant: E300, E = door EU goedgekeurde hulpstof.
Suiker, snoep, zoet beleg en zoete sauzen|Pindaklonten Rijk 150g|586.0|17.56|43.82|12.14|0.044|28.1|22.16|"60% geroosterde PINDA, 40% pure chocolade (suiker, cacaomassa, cacaoboter, natuurlijk vanille aroma, emulgator: SOJAlecithine). 
Pure chocolade: bevat ten minste 50,5% cacaobestanddelen. 

Dit product kan sporen van NOTEN bevatten."
Suiker, snoep, zoet beleg en zoete sauzen|Notenklomp puur|587.0|17.56|43.82|12.14|0.0|28.22|22.28|60% geroosterde PINDA's, 40% chocolade ( suiker, cacaomassa, cacaoboter, SOJAlecithine, natuurlijk vanille aroma).
Suiker, snoep, zoet beleg en zoete sauzen|Nootjesrotsjes melk-, puur en witte chocolade|533.0|13.9|36.9|12.6|0.09|33.95|33.5|45% PINDA'S, 28% melkchocolade (suiker, volle MELKpoeder, cacaoboter, cacaomassa, emulgator: E322 (SOJA), natuurlijk vanillearoma), 14% witte chocolade (suiker, cacaoboter, volle MELKpoeder, weipoeder (MELK), emulgator: E322 (SOJA), natuurlijk vanillearom
Suiker, snoep, zoet beleg en zoete sauzen|Notenklompjes puur|546.0|15.3|37.7|12.5|0.0|36.5|31.0|55% pure chocolade (suiker, cacaoboter ,cacaomassa, emulgator: SOJALECITHINE (E322), natuurlijk aroma: vanille. 45% PINDA'S. Cacaobestanddelen pure chocolade ten minste 40%. Dit product kan sporen van NOTEN en GLUTEN bevatten.
Suiker, snoep, zoet beleg en zoete sauzen|Amandelklotsjes donker|525.0|13.5|36.9|12.5|0.008|31.1|29.9|"55% Pure chocolade (suiker, cacaomassa, cacaoboter, emulgator: SOJALECITHINE, natuurlijk vanillearoma), 45% PINDA'S.
Bevat ten minste 47% cacaobestanddelen."
Suiker, snoep, zoet beleg en zoete sauzen|Kruidnootjes goud|554.0|13.0|37.0|13.0|0.0|40.0|36.0|witte chocolade (suiker, cacaoboter, VOLLE MELKPOEDER, WEIPOEDER, EMULGATOR (SOJALECITHINE), natuurlijk vanillearoma), PINDA'S. Cacaobestanddelen ten minste: 2%%. Dit product kan sporen van noten en gluten bevatten.
Noten en zaden|Natuurlijke nootjes geroosterd/gezouten 200g|646.0|24.35|49.66|7.72|1.2|21.26|4.9|"PINDA's*, zout.
*Van biologische oorsprong."
Noten en zaden||585.0|23.7|49.7|6.9|0.015|13.5|4.2|Pinda. Dit product wordt geproduceerd in een bedrijf waar ook noten en pindas worden verwerkt.
Noten en zaden|Zonnegoudzaden (825 gram)|610.0|20.8|51.5|4.5|0.023|11.4|2.6|100% zonnebloempitten Land van herkomst China
Noten en zaden|Pijnnootjes|613.0|24.0|51.0|5.3|0.0|14.0|14.0|Waarvan toegevoegde suikers 0.00g per 100 gram
Noten en zaden|Dennepitten - groot verpakt|702.0|18.3|64.2|6.55|0.025|11.2|4.4|Pijnboompitten.
Noten en zaden|Zonneknoopzaadjes|602.0|20.8|51.5|4.5|0.0|11.4|2.6|100% zonnebloempitten. Allergie informatie: Gemaakt in een bedrijf waar ook noten, pinda’s en sesamzaad worden verwerkt.
Noten en zaden|Zonnegoudpitjes|647.0|18.0|56.5|6.0|0.15|13.0|0.0|"Zonnebloempitten*
*van biologische oorsprong"
Groente|Prei heerlijker|29.0|1.5|0.3|0.0|0.0|4.0|3.5|
Groente|Prei Kruidig|29.0|1.4|0.3|0.0|0.1|3.8|3.4|prei.   Kan sporen van SELDERIJ bevatten.
Melk en melkproducten|Luna bananabliss bananenpudding met een vleugje amandel en zeezout karamel drizzle 300 g|184.0|3.4|8.0|5.4|0.2|24.3|21.2|MELK, suiker, water, slagROOM, gecondenseerde MELK, glucose-(fructose)stroop , 1,2% WALNOOT, 1% banaan, MELKeiwit, gemodificeerd maïszetmeel, maltodextrine, palmolie, kokosolie, rundergelatine, verdikkingsmiddelen: E407, E440, E410 en E401, emulgatoren: E
Gebak en koek|Smeerbontjes|397.17|6.88|23.56|10.32|0.78|38.67|5.84|TARWEbloem, water, dextrose, SOJAbloem, gist, zout, EIpoeder, MELKpoeder (magere), weipoeder(MELK), Plantaardig Vet(palm), Plantaardige Olie(raapzaad), Rijsmiddel(E450, E500), Emulgator(E481, E471), Aroma(vanille), Antioxidant(E300), Kleurstof(E160a)
Groente|Tomata Finesta|87.0|4.5|0.0|0.0|0.7|18.2|14.0|Tomaten.
Samengestelde gerechten|Helleense groentensalade met fetablokjes 9x75gr (760 gram)|53.0|2.2|3.4|1.5|0.5|2.5|2.3|komkommer, paprika rood, tomaat, uien, zwarte olijven (zwarte olijven, water, zout, kleurstof (E579)), witte **kaas** (gepasteuriseerde **koemelk**, zout, microbieel/vegetarisch stremsel, start cultuur), paprika groen, paprika geel
Graanproducten en bindmiddelen|Kokbol wit rijst 2st/130g|336.0|8.1|0.0|0.0|0.023|73.8|0.0|witte rijst.
Graanproducten en bindmiddelen|Breeda® authentic delight pure jasmine 250gram|143.0|2.9|1.9|0.5|0.03|28.0|0.1|Gestoomde basmatirijst (water, basmatirijst) (98%), rijstzemelenolie.
Graanproducten en bindmiddelen|Naturplant bio witte ronde graan 1 kg|355.0|7.5|0.5|0.0|0.01|80.0|0.1|Witte ronde rijst*, *Ingrediënt van biologische oorsprong.
Graanproducten en bindmiddelen|Blanke Ris 400g|336.0|8.1|0.0|0.0|0.023|73.8|0.0|witte rijst.
Graanproducten en bindmiddelen|Lichte snelkookkorrels|350.0|7.4|0.9|0.3|0.02|77.5|0.1|rijst, emulgator: natriumstearoyl-2-lactylaat.
Graanproducten en bindmiddelen|Spektie zilvervliesrijst krimp 4x400g|342.0|8.8|2.5|0.6|0.05|68.0|0.4|Zilvervliesrijst
Graanproducten en bindmiddelen|Goudkorrelrijst|342.0|8.8|2.5|0.6|0.05|68.0|0.4|zilvervliesrijst
Graanproducten en bindmiddelen|Dubbel Diner Builtjes Bruiningrijst|362.0|6.9|2.7|0.8|0.01|75.9|0.6|Voorgekookte zilvervliesrijst.
Graanproducten en bindmiddelen|VanDijk - goudenvliesrijst biologisch 400g|342.0|6.5|0.52|0.14|0.01|76.35|0.0|"Ronde zilvervliesrijst*.
*= van gecontroleerde biologische oorsprong.

Dit product kan sporen van NOTEN bevatten."
Graanproducten en bindmiddelen|Silverschoon® parelrijst 850g|342.0|8.8|2.5|0.6|0.05|68.0|0.4|zilvervliesrijst.
Graanproducten en bindmiddelen|Goudkorrelrijst|355.0|8.0|3.0|0.7|0.0|72.0|0.6|
Melk en melkproducten|Sweetor geslagen room 5 l|347.0|2.0|32.0|23.0|0.07|13.0|13.0|SlagROOM, suiker (10%), stabilisator: carrageen, emulgator: E471
Melk en melkproducten|Hollandse pluim roomslag 250 ml|328.0|2.4|34.0|23.0|0.08|3.0|3.0|SlagROOM (35% vet), stabilisator: carrageen
Melk en melkproducten|Kroomslag|305.0|2.0|28.0|20.0|0.0|11.0|11.0|"room*, 8,5% suiker, drijfgas (stikstof [E941], distikstofoxide [E942]), emulgator (mono- en diglyceriden van vetzuren [E471]), stabilisator (carrageen [E407]), natuurlijk vanillearoma.
*Van weidemelk."
Vlees en gevogelte|Kruidenriblap Trio|170.0|20.0|10.0|4.0|0.15|0.0|0.0|100% rundvlees.
Vlees en gevogelte|Stoofklapjes|135.0|21.0|5.5|2.0|0.18|0.0|0.0|EU/niet-EU Landbouw.
Vleeswaren|VanGoud lichtgerookt rundvlees|113.0|21.1|3.1|1.2|2.6|0.2|0.2|93% rundvlees, zout, dextrose, suiker, conserveermiddelen: E252/E250, melksuiker, smaakversterker: E621, antioxidanten: E331/E301, kruidenextract, aroma (bevat selderij, peulvruchten, koriander), startercultuur
Vleeswaren|Gaels rosbief 100g|122.0|22.9|3.4|1.3|0.333|0.0|0.0|rundvlees 100%.
Vlees en gevogelte|Bavuka 500g|106.0|22.1|2.0|0.8|0.47|0.0|0.0|rundvlees.
Vlees en gevogelte|Koeientartaar|128.0|20.0|4.9|2.2|0.35|0.9|0.0|"98% rundvlees*, natuurlijke aroma's, antioxidant (natriumascorbaat [E301], natriumcitraat [E331]).
Waarvan toegevoegde suikers 0.00g per 100 gram en waarvan toegevoegd zout 0.00g per 100 gram
EU/niet-EU Landbouw 
*Van biologische oorsprong."
Vlees en gevogelte|Rundertopper 3st/110g|117.0|19.2|4.3|1.9|1.43|0.2|0.0|rundvlees 95,6%, water, azijn, zonnebloemolie, antioxidant: E301, voedingszuur: citroenzuur, zout, witte peper, natuurlijk gist aroma.
Vlees en gevogelte|Zijdezachte Schenkel|115.0|23.0|2.6|1.0|0.13|0.0|0.0|Waarvan toegevoegde suikers 0.00g per 100 gram en waarvan toegevoegd zout 0.00g per 100 gram
Niet-alcoholische dranken||45.0|0.4|0.0|0.0|0.004|10.0|9.6|Vruchtensap uit concentraat (appel 46%, sinaasappel 27%, peer, kiwi 6,6%, perzik 5,0%, ananas 3,8%, guave 3,7%, lychee 1,6%, banaan, passievrucht), vitamine B1, B2, B3, B5, B6, B12, C, E, H en K.
Niet-alcoholische dranken|Citrusprikkel 10st/200ml|42.0|0.7|0.2|0.04|0.0|9.3|9.3|sinaasappelsap uit concentraat, vitamine C.
Niet-alcoholische dranken|Citrus Delight Pulp Bliss 900ml - pet|41.0|0.8|0.0|0.0|0.0|9.3|8.4|Sinaasappelsap met pulp
Hartige sauzen|Roerbaksaus met kruiden tempel tandoori|139.0|1.02|10.07|5.94|0.85|10.57|5.0|"98% Saus: water, 9% room (MELK), 4,5% kokosmelk, suiker, 3,5% kokosnoot, gemodificeerd maïszetmeel, 2,3% tomatenpuree, ui, raapzaadolie, gemberpuree, knoflookpuree, zuurteregelaar: melkzuur/citroenzuur, specerijen, zout.
2% Kruidenmix: zout, uipoeder, aar"
Hartige sauzen|Korma heerlijkheiden curry saus met pompoen, yoghurt, munt en limoen|98.0|1.6|6.5|1.3|0.75|7.4|4.1|water, tomaat (16 %), yoghurt (MELK) (7 %), room (MELK)(6 %), raapzaadolie, gemodificeerd maïszetmeel, gemalen specerijen[specerijen, koriander (0,5 %)], geconcentreerde tomatenpuree (1,5 %),gedroogde ui, suiker, knoflookpuree, zout, gemberpuree, geconcen
Hartige sauzen|Pandroba pindasaus gereed en lekker|250.0|7.9|14.0|1.7|0.88|21.0|17.0|Water, 31% PINDA, suiker, melasse, invertsuikerstroop, gemodificeerd maïszetmeel, specerijen (chilipeper, knoflookpoeder, gember, korianderzaad, komijn, laos), zeezout, tomatenpuree, zout, gehydroliseerd eiwit (SOJA), zuurteregelaar: E514, voedingszuren:
Hartige sauzen|Pindasaus snel en makkelijk (2200 gram)|230.0|7.2|12.8|1.9|0.94|20.5|16.2|water, 25% gemalen PINDA'S , suiker, SOJASAUS (water, SOJABONEN, TARWE, zout), sambal badjak (sambal (rode peper, zout, water, voedingszuur: E260, conserveermiddel: E210), suiker, ui, raapolie, tamarinde, kruiden, kleurstof: E150c, conserveermiddel: E211,
Hartige sauzen|Borilla nepoletano saus|69.0|1.4|4.0|0.5|0.97|6.3|5.4|Tomatenpulp 66%, tomatenconcentraat 10%, uien 7%, water, wortel 3,5%, zonnebloemolie, suiker, zout, knoflook 0,5%, tijm 0,4%, bieslook 0,2%, peterselie 0,2%, aroma's, zwarte peper 0,01%.
Hartige sauzen|Martelli gekruide pastasaus basilicum 500 gr|55.0|2.0|0.6|0.1|1.1|9.0|8.0|Tomaat? 90% (tomaat, tomatenpuee), ui, suiker, basilicum 1,6%, zout, rijstzetmeel, extra olijfolie verkregen bij de eerste persing, knoflook, peterselie, zwarte peper.? op duurzame wijze geteeld.
Hartige sauzen|Belli tomatensaus met oregano 300 g|47.0|2.6|1.8|0.0|0.6|4.5|4.0|Fijngesneden stukjes tomaat (90%), basilicum (3%), ui, extra vierge olijfolie, gejodeerd zout
Fruit|Knapperijp mandarijnen (4000 gram)|51.0|0.8|1.0|0.2|0.0|7.9|7.7|sinaasappel
Niet-alcoholische dranken|Refresca lemon zeste 6 x 1,25 l|18.0|0.0|0.0|0.0|0.0|4.5|4.5|Koolzuurhoudend natuurlijk mineraalwater 90,9% (bron: Barisart), suiker, citroensap 5,2%, natuurlijk citroenaroma met andere natuurlijke aroma's, zoetstof (steviolglycosiden)
Fruit|Sinaashanden navel 2 kg||||||||
Fruit|Zonnesinaasappels|51.0|0.8|1.0|0.2|0.003|7.9|7.7|Sinaasappel.
Fruit|Zonpersappels|51.0|0.8|1.0|0.2|0.003|7.9|7.7|Sinaasappel.
Fruit|Zonnigaardappels|51.0|0.8|1.0|0.2|0.003|7.9|7.7|Sinaasappel.
Niet-alcoholische dranken|Le sirop de monin pomme dorée|332.0|0.0|0.0|0.0|0.03|82.3|82.3|Suiker, water, geconcentreerd bananensap, natuurlijk aroma, kleuren: E133. Bananensap 10%.
Niet-alcoholische dranken|De siroop van marseille kers|338.0|0.15|0.0|0.0|0.03|82.9|82.8|Suiker, water, geconcentreerd kersensap, geconcentreerd citroensap, natuurlijk aroma, kleurstof: E163. Vruchtensap: 29%, waarvan 15% kersensap.
Niet-alcoholische dranken|Zomerse Sinaasappeldroom Limonadesiroop zonder Suiker|153.0|0.0|0.0|0.0|0.01|38.0|38.0|glucose-fructosestroop-suiker (44%), water, voedingszuur: citroenzuur, aroma, zoetstoffen: saccharine-cyclamaat, conserveermiddel: kaliumsorbaat,  kleurstof: E160a.
Niet-alcoholische dranken|Syrup in bottle royal green|166.0|0.0|0.0|0.0|0.0|41.6|41.0|Glucose-fructosestroop, water, 12% vruchtensap uit concentraat (83% appel, 17% pruim), voedingszuur: citroenzuur, aroma, zoetstof: acesulfaam-K/sucralose/steviolglycosiden, saffloerconcentraat, conserveermiddel: E202, antioxidant: E300, kleurstof: E131.
Niet-alcoholische dranken|Fruitsirop Deluxe 750ml|165.0|0.0|0.0|0.0|0.02|41.3|41.3|glucose-fructosestroop, water, vruchtensap uit concentraat 12% (appel 9,4%, sinaasappel 0,7%, passievrucht 0,7%, ananas 0,7%, peer 0,7%), voedingszuur: citroenzuur, aroma, zoetstoffen: acesulfaam-k, sucralose en steviolglycosiden, kleurstof: carotenen, co
Niet-alcoholische dranken|Tropische Vruchtennectar Siroop|209.0|0.3|0.1|0.01|0.02|50.4|50.0|80% Vruchtensap uit concentraat (59% appel, 41% tropische vruchten (52% mandarijn, 42% ananas, 3% mango, 3% passievrucht), suiker, voedingszuur: citroenzuur, zoetstof: steviolglycosiden, natuurlijk aroma, vitamines (vitamine niacine, pantotheenzuur, B6, C
Niet-alcoholische dranken|Bessencompote 65% d-siroop 500ml|192.0|0.0|0.0|0.0|0.04|48.0|48.0|vruchtensap uit concentraat (rozenbottel 25%, appel 5%, vlierbes 4%, rode bes 3%, framboos 3%), tomatenpuree 30%, glucose-fructosestroop, voedingszuur: citroenzuur, vitamine: C, natuurlijk aroma, conserveermiddel: E202.
Niet-alcoholische dranken|Citroën Lemonade Lite|29.0|0.0|0.0|0.0|0.03|1.1|0.4|water, citroensap uit sapconcentraat 10,5%, vulstof: polydextrose, voedingszuur: citroenzuur, natuurlijke citroen- en limoenaroma's met andere natuurlijke aroma's, verdikkingsmiddel: xanthaangom, zoetstoffen: sucralose, acesulfaam-K, conserveermiddelen: k
Groente|Eikenbladmix 200g|16.0|1.59|0.38|0.09|0.023|0.91|0.75|rode eikenbladsla 40%, groene eikenbladsla 40%, rode ui, rucola.
Groente||16.0|1.5|0.4|0.1|0.03|0.9|0.8|"70% eikenbladsla, 10% rucola, 10% friséesla, 10% rode ui
Waarvan toegevoegde suikers 0g per 100 gram en waarvan toegevoegd zout 0g per 100 gram."
Groente|Berkebladsla (300 gram)|16.0|1.3|0.3|0.0|0.0|1.2|1.0|eikebladsla
Groente|Verse bladmix met veldgroen 80g|21.0|1.7|0.4|0.1|0.029|1.65|0.15|veldsla 50%, lollo rosso.
Groente|Bladsla|13.0|1.5|0.4|0.1|0.0|0.3|0.3|
Groente|Lloksla|13.0|1.5|0.4|0.1|0.0|0.3|0.3|Waarvan toegevoegde suikers 0g per 100 gram.
Groente|Kraaipsla|13.0|1.4|0.4|0.1|0.02|0.3|0.3|Kropsla.
Groente|Frisla mix|16.0|1.5|0.38|0.08|0.028|1.02|0.38|30% Lollo biondo, 20% veldsla, 20% frisée, 15% lollo rosso, 15% groene eikenbladsla.
Groente|Plp midi romanasla|13.0|1.2|0.3|0.0|0.02|1.2|1.2|
Groente|Plus rocketzin 100g||||||||
Groente|Romena bladtjes|13.0|1.4|0.4|0.1|0.1|0.3|0.3|Romaanse sla.   Kan sporen van SELDERIJ bevatten.
Groente|Aziatische sla 12mm zak 520gr (540 gram)|16.0|1.3|0.3|0.0|0.0|1.2|1.0|romeinse sla
Groente|Rivola|23.0|3.5|0.5|0.1|0.062|0.1|0.0|Rucola.
Groente|Veldgroen|29.0|2.0|0.4|0.1|0.09|3.0|0.0|Veldsla.
Groente|Veldgroen (bak)|29.0|2.0|0.4|0.1|0.09|3.0|0.0|Veldsla.
Groente|Heiveldsla select zak 100gr|28.0|2.0|0.4|0.1|0.0|3.0|0.0|veldsla
Groente|Sla'krul - mini botersla|13.0|1.5|0.4|0.1|0.02|0.3|0.3|
Groente|Knaapjes-Sla||||||||Kropsla
Graanproducten en bindmiddelen|Orientex noedels Aziatische vurigheid 75 gr|191.0|2.7|10.0|3.6|1.6|22.0|0.7|Noedels: TARWEBLOEM, palmvet, gemodificeerd aardappelzetmeel, zout, raapzaadolie, rijsmiddel (E500, E501), antioxidant (E306, E304i).Kruidenmix: Kokosroompoeder 25% (kokosroom, glucosestroop, MELKEIWITTEN), suiker, aroma (bevat SELDERIJ), smaakversterker
Graanproducten en bindmiddelen|Instant Nihon garnalen noedels|112.0|10.5|21.8|9.92|4.65|58.1|2.63|bamie: TARWEMEEL 66,79%, palmolie, zuurheidsregelaar (500, 501), emulgator (471), antioxidant (306) Bouillon: zout, glucose, zuurteregelaar (621, 635), kleur (150, 160c), GARNALEN poeder 0,23%, peper, ui, knoflook, voedingszuur(296), barnsteenzuur(363), p
Graanproducten en bindmiddelen|Instant Tokyo noedels kip|112.0|11.2|22.0|9.83|5.26|56.4|2.08|"bamie: TARWEMEEL 66,79%, plantaardige olie, kansui natriumcarbonaat E500, kaliumcarbonaat E501, emulgator E471, aminozuur (gehydrolyseerd TARWE en SOJA-eiwit), vitamine E, carthamus geel, vitamine B2.

Ingrediënten bouillon: zout, smaakversterker E621 SOJ"
Graanproducten en bindmiddelen|Noodles ocean delight|457.0|8.7|18.5|8.2|5.3|63.9|5.9|Mie: Tarwebloem 53,10%, palmolie 15,50%, tapiocazetmeel, zout, natriumcarboxymethylcellulose (E466), pentanatriumtrifosfaat, natriumbicarbonaat. Aromapoeder: garnalenaroma, koffiecreamer, suiker, zout, knoflook, chilipoeder ui, mononatriumglutamaat (E621)
Graanproducten en bindmiddelen|Pot noodle delight chicken & forest fungi 90 gr|141.0|3.2|5.7|2.8|0.63|19.0|1.1|Ingredients: Noodle mix (96%): Dried noodles (69%) [WHEAT flour, palm oil, salt, firming agents (potassium carbonate, sodium carbonates)], maltodextrin, WHEAT flout, sweetcorn, potassium chloride, flavour enhancers (monosodium glutamate, disodium inosinat
Graanproducten en bindmiddelen|Mazzo noedels thai groene kruiden|454.0|10.0|19.2|8.7|3.59|57.5|1.2|Noedels 86,5% (TARWEbloem, palmolie, zout, zuurteregelaar (E501), stabilisator (E452))., Mix 13,5% (kruiden en specerijen (koriander, knoflook, karwijzaad, gember, basilicum, cayennepeper, jalapeño, peper, kurkuma), zout, groenten (paprika, ui), maïszetme
Brood|Krissini met lavendel|426.0|11.0|11.0|1.6|2.0|69.0|2.6|TARWEbloem, zonnebloemolie, olijfolie, zeezout, gist, 1% rozemarijn. Kan sporen van sesam bevatten.
Brood|Poco natuurlijk|381.0|12.0|2.7|0.5|2.2|76.0|2.3|TARWEBLOEM, zout, extra vierge olijfolie, gist, zonnebloemolie.
Gebak en koek|Klassieke speculazwieren|400.0|5.4|14.5|6.4|0.9|60.9|28.8|TARWEBLOEM, suiker, plantaardige oliën (palm, raap), speculaaskruiden (kaneel,kruidnagel, nootmuskaat, koriander, piment, gember, cardamon, sinasschil, dextrose),SOJABLOEM, rijsmiddel: natriumcarbonaat; ammoniumcarbonaat, melasse, glucosestroop,kaneel, zo
Gebak en koek|Daan kruidkoekklompjes melkchocolade|502.0|5.3|25.0|14.0|0.7|63.0|50.0|65% melkchocolade (suiker, cacaoboter, volle MELKpoeder, lactose (bevat MELK), cacaomassa, weipoeder (bevat MELK), emulgator: SOJAlecithine, natuurlijk vanille aroma), 35% speculaaskoekje (TARWEbloem, suiker, plantaardige oliën (shea, raap, kokos), fructo
Gebak en koek|Gevuld hazelnoot speculaas 37 x 54 cm (plaat)|464.34|8.097|21.755|8.618|0.512|58.626|34.406|amandelspijs (55%) [AMANDELEN, suiker, stabilisator (E420), water, EI-EIwit, glucosestroop, EI, aroma (citroen), verdikkingsmiddel (E466)], TARWEbloem, roomboter (MELK), suiker, tarwebloem [TARWEbloem, alfa-amylase (TARWE), meelverbeteraar (E300)], Specul
Vleeswaren|Blikz katenspeck 150g|303.0|16.5|25.0|10.0|2.5|3.0|2.5|varkensvlees Beter Leven 1 ster 94%, zout, voedingszuren: E261 en E326, dextrose, stabilisator: E451, varkenseiwit, gistextract, antioxidanten: E316 en E331, suiker, specerijen (paprikapoeder, piment, knoflook), rookaroma, specerijenextracten (piment, kru
Vleeswaren|Spekvlees 20g dv|271.0|15.0|22.5|9.0|2.3|2.0|1.9|89% varkensvlees, zout, glucosestroop, voedingszuren: E326, E261, stabilisatoren: E451, E450, dextrose, specerijen, gistextract, aroma, rookaroma, conserveermiddel: E250, beukenhoutrook.
Vleeswaren|Ontbijtschnitzel (25 gram)|305.0|15.493|26.479|10.047|3.877|0.95|0.349|varkensvlees (94%), nitrietzout (zout, conserveermiddel E250), water, aardappelzetmeel, antioxidant (E331, E301), voedingszuur (E262), dextrose, stabilisator (E451), beukenhoutrook Dit product is niet geschikt voor personen uit de kwetsbare doelgroep
Vleeswaren|Morgenzon spek knapperig (1700 gram)|305.0|15.0|27.0|11.0|3.0|0.5|0.5|95% varkensvlees¹, zout, voedingszuur: E326, antioxidanten: E301/E331, conserveermiddelen: E250/E262, specerijextracten, rook E = door EU goedgekeurde hulpstoffen.
Vleeswaren|Morgenspek klassiek|388.0|17.0|36.0|14.0|5.0|0.5|0.5|varkensvlees (94%), zout, suiker, conserveermiddel (E250), beukenhoutrook
Vlees en gevogelte|Kleibergen bacon meesters blokjes gerookt spek|282.0|16.0|24.0|9.0|3.0|0.5|0.5|Varkensvlees (95%), zout, voedingszuur E326, antioxidanten E301/E331, conserveermiddelen E250/E262, kruidenextract, rook
Vlees en gevogelte||405.0|31.0|31.0|12.0|4.7|0.0|0.0|varkensvlees, zout, rook, antioxidant (E301), conserveermiddel (E250).  Voor 100 g uitgebakken ontbijtspek is 220 g varkensvlees gebruikt.
Vleeswaren|Gerookt ochtendhamblokje|331.0|15.0|30.0|12.0|3.8|0.3|0.3|95% varkensvlees, water, zout, dextrose, antioxidant: E301, conserveermiddelen: E250, E252, E262, rook.
Vlees en gevogelte|Krokant gebakken beukjes|498.0|36.0|36.0|14.0|8.13|7.5|1.0|"varkensvleesª, zout, aardappelzetmeel, zuurteregelaar (E325, E575), varkenseiwit, rookaroma, stabilisator (E451, E452), antioxidant (E301), conserveermiddel (E250). ªBeter Leven keurmerk 1 ster.
Waarvan toegevoegde suikers 1.0g per 100 gram
Voor 100 g ove"
Vlees en gevogelte|Rooklapjes 2st/250g|320.0|16.5|28.2|10.7|0.16|0.0|0.0|varkensvlees.
Vlees en gevogelte|Vleesklempjes 4st/100g|320.0|16.5|28.2|10.7|0.16|0.0|0.0|varkensvlees.
Groente|Smeerspinazie 370ml|45.0|3.0|1.8|1.2|0.62|3.0|0.8|spinazie, water, roompoeder 3,2% (melk), gemodificeerd maïszetmeel, zout, nootmuskaatextract.
Groente||52.0|1.8|3.1|0.7|0.78|3.1|1.8|spinazie (70%), water, room (4%) (melk, lactose), raapolie, lactose (melk), melkeiwit, magere melkpoeder, rijstzetmeel, zout, suiker, verdikkingsmiddelen (guarpitmeel, xanthaangom), natuurlijke aroma's.
Groente||44.0|1.9|2.64|0.8|0.64|2.3|1.0|84% spinazie, water, 4,5% room (MELK), raapolie, rijstzetmeel, zout, lactose (MELK), MELKEIWIT, magere MELKPOEDER, verdikkingsmiddel: E412/E415, natuurlijk aroma.
Niet-alcoholische dranken|Vitanex power citrus|45.0|0.0|0.0|0.0|0.022|10.9|9.4|Water, sacharose, maltodextrine, druivensuiker, voedingszuren (citroenzuur, kaliumcitraat), aroma, antioxidant (L-ascorbinezuur), natriumchloride, kleurstoffen (?-caroteen, E160e), stabilisator (E445), conserveermiddelen (E242, E202).
Niet-alcoholische dranken|Energiedrank ultratoon|49.0|0.0|0.0|0.0|0.06|12.1|11.9|Water, glucose-fructosestroop, suiker, voedingszuur: citroenzuur, aroma, stabilisator: E445, kleurstof: E160a/E160e, zout, conserveermiddel: E202/E211/E242, antioxidant: E300, natuurlijk aroma.
Niet-alcoholische dranken|Energiedrank citroen|29.0|0.0|0.0|0.0|0.1|7.0|7.0|water, suiker, voedingszuur (citroenzuur), natuurlijke aroma's, zout, conserveermiddel (E202, E211, E242), natuurlijk citroen-limoenaroma, zuurteregelaar (E331, E340, E341), stabilisator (arabische gom, E445).
Niet-alcoholische dranken|Energeedrank lime 6-stuks|20.0|0.0|0.0|0.0|0.08|5.1|5.1|water, suiker, voedingszuur (citroenzuur [E330]), natuurlijk aroma, conserveermiddel (kaliumsorbaat [E202], natriumbenzoaat [E211], dimethyldicarbonaat [E242]), zout, zuurteregelaar (natriumcitraat [E331], calciumfosfaat [E341], kaliumfosfaat [E340]), zoe
Niet-alcoholische dranken|Neptune Vital Cherry|16.0|0.0|0.0|0.0|0.13|3.9|3.9|Water; glucose;fructose; voedingszuur: citroenzuur; natriumchloride; fruit- en groenteconcentraten(wortel, zoete aardappel, kers, bosbes); zuurteregelaars: kaliumcitraat; magnesiumchloride; calciumchloride;kaliumfosfaat;  stabilisatoren: arabischegom, gly
Gebak en koek|Karnemelk koekkrullen|488.0|4.7|27.0|20.0|0.67|56.0|29.0|TARWEBLOEM, 22% glazuur (suiker, plantaardige vetten (palm, palmpit), magere MELKPOEDER, lactose (MELK), emulgator: E322(SOJA)/E476, natuurlijk vanillearoma, kurkuma-extract, kleurstof: E120/E160b(i)), 19% roomboter (MELK), suiker, plantaardige vetten (pa
Samengestelde gerechten|Joris boerenkoolmix 300g|89.0|1.7|4.8|0.5|0.9|8.6|0.4|aardappel (51%), boerenkool (33%), water, zout, azijn (bevat conserveermiddel E224), kruiden & specerijen, plantaardige olie (raapzaad, palm), emulgator (E471), antioxidant (E307), vitamine (A, D3), kleurstof (E160a), glucosestroop, aroma, aardappelzetmee
Samengestelde gerechten|Dorpse Stoofpot 475g dv|96.0|4.89|3.8|1.78|0.345|9.22|0.73|boerenkool 39%, aardappel 34,6%, mosterdsaus 12,9% (water, boter [melk], mosterd 1,2% [mosterdzaad, zout, azijn], rijstzetmeel, rundercollageen, runderextract, zout, cichorei, gebrande suiker, specerijen), rookworst 10% (rundvlees 9,1%, aardappelzetmeel,
Samengestelde gerechten|Heerlijke stamppot boerenmix|128.0|4.66|7.0|2.22|0.925|10.49|0.44|50% Aardappelpuree (89% gekookte aardappelen, volle MELK, zonnebloemolie, aardappelvlokken, zout, mineraalzout (kaliumchloride), azijn, natuurlijke aroma's, specerijen), 20% boerenkool, 16% rookworst (90% varkensvlees*, natuurlijk aroma, aardappelzetmeel,
Samengestelde gerechten|Neerlandse boerenkoolstampot|92.0|1.9|3.6|2.8|0.72|11.8|1.1|59% aardappelen, 33% andijvie, KARNEMELK, ROOMBOTER, plantaardige olie (palm (gedeeltelijk gehard), kokos), zout, specerijen, gemodificeerd maïszetmeel, emulgatoren: E473, mono- en diglyceriden van vetzuren, SOJALECITHINEN, KARNEMELKPOEDER, verdikkingsmid
Samengestelde gerechten|Hutspot spinazie vega|107.0|5.9|5.2|2.6|0.63|8.0|2.1|aardappel, andijvie, water, room, melk, soja-eiwit, mascarpone, zonnebloemolie, zetmeel (aardappel, tarwe), tarwe-eiwit, zout, gedroogde ui, natuurlijk aroma, scharrelei-eiwit, gemodificeerd aardappelzetmeel, azijn, specerijen, dextrose, ijzer, suiker, ta
Samengestelde gerechten|Stamppot kraakandijvie/gehaktknikkertjes 450g|109.0|3.608|5.429|2.362|0.725|10.597|1.855|stamppot met knolselderij 76,9% (aardappel 36,7%, andijvie 19,2%, knolSELDERIJ 13,6%, water, volle MELKpoeder, nootmuskaat, witte peper, zout, azijn, vezel [inuline], antioxidant: E222, natuurazijn), gehaktballen 14,2% (varkensvlees Beter Leven 1 ster, ru
Samengestelde gerechten|Heerlijke boerenkoolstamppot met braadworst|91.78|4.15|2.79|0.75|0.93|12.35|0.99|aardappel (54%), groenten(andijvie (17%), tomaat), gehaktbal (16%) (rundvlees (67%), water, TARWEbloem GLUTEN), gehydrolyseerd eiwit (koolzaad), zout, voedingsvezels (aardappel, bamboe), gistextract, maltodextrine, aardappelzetmeel, aroma, antioxidant: E3
Samengestelde gerechten|Kruidspot|80.0|1.5|1.5|0.9|0.58|14.0|3.5|"groente (38% wortel*, 7,5% ui*), 43% aardappel*, gerehydrateerde volle melk*, water, 1,5% aardappelvlok*, roomboter*, zout, rijstzetmeel*, antioxidant (ascorbinezuur [E300], extracten van rozemarijn [E392]*), witte peper*.
EU/niet-EU Landbouw
*Van biologi"
Samengestelde gerechten||59.0|1.6|0.6|0.3|0.407|11.0|2.8|aardappel 46,5%, gekookte wortel 31,7%, gekookte ui 8,5%, water, azijn, aardappelzetmeel, zout, MELKpoeder, kaliumzout, zeezout, rijstebloem, gistextract, zonnebloemolie, geroosterde ui, pastinaak, kruiden (SELDERIJblad, laurier, peterselie, lavas), spece
Samengestelde gerechten|Dutch Delight Stamppot 1800 g|67.34|1.97|0.93|0.54|0.43|11.82|3.33|48% aardappel, 33% wortelen, 9% ui, water, melkpoeder (MELK), azijn, zout, aardappelzetmeel, kaliumchloride, zeezout, rijstbloem, gistextract, wortel, zonnebloemolie, selderij (SELDERIJ), kurkuma, foelie, peper, pastinaak, geroosterde ui, peterselie, laur
Samengestelde gerechten|Krautsmashmix|88.0|1.82|2.99|1.19|0.78|11.82|0.35|"57% Gekookte aardappelen, 37% zuurkool, 4,9% gerookt spek (varkensspek, varkensvlees, zout, rook, antioxidant: extracten van rozemarijn, conserveermiddel: E250), MELKPOEDER, zout, mineraalzout: kaliumchloride, peper, aroma, rook.

Dit product kan sporen v"
Suiker, snoep, zoet beleg en zoete sauzen|Van Glimmer Ponders Veldleeuwerijk Kristalzoet|400.0|0.0|0.0|0.0|0.0|100.0|100.0|Kristalsuiker
Suiker, snoep, zoet beleg en zoete sauzen|Van Delte Smuldertjes 200 gram|384.0|0.0|0.0|0.0|0.0|98.0|96.0|Kristalsuiker, inuline, steviolglycosiden (1%), thaumatine.
Samengestelde gerechten|Glorienne Lust|259.0|9.6|20.0|12.0|1.1|11.0|4.1|culinaire room (room (melk), afgeroomde melk, emulgator: mono- en diglyceriden van vetzuren*; stabilisatoren: carrageen, guarpitmeel, cellulosegom), tarwebloem, ei**, vetbereiding (plantaardige vetten in wisselende verhoudingen (palm, kokos), plantaardige
Samengestelde gerechten|Tartelette ham-prei|205.0|8.0|11.0|4.0|1.1|18.0|2.0|water, tarwebloem, scharrelei, groente (11% prei, 3,5% ui), 8% varkensvlees, plantaardige olie (raap, palm), magere kwark, melk, gemodificeerd maïszetmeel, vollemelkpoeder, zout, aardappelzetmeel, dextrose, voedingszuur (azijnzuur [E260], melkzuur [E270])
Samengestelde gerechten|Quiche Italiaanse prosciutto/fontina 380g|252.0|9.7|16.4|6.1|1.2|15.8|2.1|scharrelEI, TARWEbloem, ui 10,2%, water, gerookte spekreepjes 7,1% (varkensvlees, zout, conserveermiddel: E250, antioxidanten: E331 en extracten van rozemarijn, rook), ham 7,1% (varkensvlees, zout, conserveermiddel: E250), Maasdammer kaas 6,1% (gepasteuri
Gebak en koek|Roomslagentaart 24cm|290.0|3.4|15.1|10.5|0.08|34.7|26.3|suiker, slagroom 18,3% (MELK), fruit 12,9% (aardbei, mandarijn, framboos, kiwi, druif), gepasteuriseerde magere MELK, scharrelEI, TARWEbloem, plantaardige oliën (palm, raapzaad, palmpit, geheel geharde palmpit), glucosestroop, water, TARWEzetmeel, dextros
Niet-alcoholische dranken|Tulpwolk thee met fruitcollectie doos||||||||Orange: Zwarte thee, natuurlijk aroma, sinaasappelschilletjes (1%); Forest fruit: zwarte thee, natuurlijke aroma's, stukjes bosvruchten (0.9%) (bosbes, braam, framboos, aardbei); Apple: zwarte thee, natuurlijk aroma, stukjes appel (1%); Peach: zwarte thee
Groente|Tulvia blokjes van gepelde tomaten 800 g|22.0|1.3|0.5|0.0|0.06|3.0|3.0|Gepelde tomaten 60%, tomatensap, zout, zuurteregelaar: citroenzuur
Groente|Ontvelde tomaatjes|23.0|1.2|0.5|0.0|0.038|3.0|3.0|60% Tomaten, tomatensap, zuurteregelaar: citroenzuur.
Groente|Trostijo mid i||||||||
Gebak en koek|Rode topkoesje|317.0|4.8|15.7|10.6|0.475|38.9|23.2|magere MELK, suiker, TARWEBLOEM, palmvet, water, glucosestroop, varkensgelatine, maltodextrine, raapzaadolie, slagroom (MELK), emulgator:  E471, abrikoos, zout, verdikkingsmiddel: E401, stabilisator: E331/E339/E500, kleurstof: E101/E120/E160a, aroma, voed
Gebak en koek|Deen mini tompoucen karamel 6 stuks 380 g|245.0|3.0|10.8|6.6|0.5|33.9|20.5|Water, suiker, tarwebloem, plantaardige oliën (palm, raapzaad, kokos), gemodificeerd aardappelzetmeel, volle melkpoeder, magere melkpoeder, glucose-fructosestroop, weipoeder (melk), kokosvet, gesuikerde gecondenseerde melk, 0,7% karamel (glucose-fructoses
Gebak en koek|Tiny tompaus|317.0|4.8|15.7|10.6|0.475|38.9|23.2|magere MELK, suiker, TARWEBLOEM, palmvet, water, glucosestroop, varkensgelatine, maltodextrine, raapzaadolie, slagroom (MELK), emulgator:  E471, abrikoos, zout, verdikkingsmiddel: E401, stabilisator: E331/E339/E500, kleurstof: E101/E120/E160a, aroma, voed
Gebak en koek|Mega tompouce deluxe|224.0|2.0|10.7|8.3|0.325|29.8|21.6|Water, suiker, slagroom (MELK), TARWEBLOEM, roomboter (MELK), gemodificeerd aardappelzetmeel, magere MELK, glucosestroop, volle MELKPOEDER, magere MELKPOEDER, weipoeder (MELK), gedroogde glucosestroop, plantaardige vetten (kokos, palm, palmpit), emulgator
Gebak en koek|Koraal tompouce|317.0|4.8|15.7|10.6|0.475|38.9|23.2|magere MELK, suiker, TARWEBLOEM, palmvet, water, glucosestroop, varkensgelatine, maltodextrine, raapzaadolie, slagroom (MELK), emulgator:  E471, abrikoos, zout, verdikkingsmiddel: E401, stabilisator: E331/E339/E500, kleurstof: E101/E120/E160a, aroma, voed
Groente|Knoflookblokjes 6 mm|31.0|1.2|0.3|0.1|0.1|4.9|4.9|Uien
Groente|Gesnipperde paarse ui|41.0|1.3|0.2|0.0|0.01|7.8|5.5|gesneden rode uien
Groente|Gesneden ajuinen twirls|37.0|1.2|0.1|0.1|0.01|6.6|5.1|ui.
Groente|Greenfield organische paarse uien 500 g||||||||
Vlees en gevogelte|Rookvlees smeuïg 750g|279.0|17.1|23.2|9.5|1.31|0.44|0.18|varkensvlees Beter Leven 1 ster 91,6%, varkensdarm, water, zout, specerijen (paprika, gember, witte peper, foelie, kardemom, chilipeper), fenegriek, citrusextract, zonnebloemolie, azijn, natuurlijk aroma, antioxidanten: E301 en E331, witte peperextract, v
Vlees en gevogelte|Kroon kippenrookworst met kerriesmaak 4 stuks|281.0|13.9|24.3|9.7|0.9|1.6|0.8|90% varkensvlees*, water, 3% curry (zout, kruiden en specerijen (bevat selderij, mosterd), kerrie (kruiden en specerijen (bevat selderij, mosterd), dextrose, gedroogde groente (ui, knoflook, paprika), rijstbloem, maltodextrine, kippenvleespoeder, gistextr
Vlees en gevogelte|Kruidige procureurschijfjes 5st/75g|226.0|15.3|17.9|4.6|1.21|0.8|0.2|varkenslap 90% (varkensvlees 78%, water 11%, zout, natuurlijk aroma, voedingszuur: E326, antioxidant: E301), marinade 10% (raapzaadolie, zout, specerijen [knoflookpoeder, chilipoeder, zwarte peper, paprikapoeder, witte peper, uienpoeder, karwijzaad], palm
Vlees en gevogelte|Harvest filet superieur minuten puur|128.0|23.0|3.9|1.5|0.1|0.0|0.0|Varkensvlees (100%)
Vlees en gevogelte|Zwijnenhaasstuk 2pkt|128.0|23.3|3.9|1.5|0.128|0.0|0.0|"100% varkensvlees*.
* = Beter Leven keurmerk 1 ster
Dit product kan sporen van gluten, soja, melk, mosterd en selderij bevatten."
Vlees en gevogelte|Vleeshart Kort 2x 1blk|105.0|22.4|1.7|0.8|0.175|0.0|0.0|"100% varkensvlees*.
* = Beter Leven keurmerk 1 ster.
Dit product kan sporen van gluten, soja, melk, mosterd en selderij bevatten."
Vlees en gevogelte|Vleeschlap 2blk|114.0|22.2|2.8|0.9|0.135|0.0|0.0|"100% varkensvlees*.
* = Beter Leven keurmerk 1 ster."
Vlees en gevogelte|Vleesschitzel 1pkt|115.0|23.5|2.4|0.9|0.62|0.0|0.0|100% varkensvlees.
Vlees en gevogelte|Varkensfilet gepaneerd 6 stuks|181.0|17.2|7.8|1.4|0.9|10.5|0.4|73% varkensvlees, paneermix(TARWEBLOEM, water, TARWEZEMELEN, suiker, gist, zout, lijnzaad, plantaardige olie (zonnebloem), GERSTEMOUTEXTRACT), plantaardige olie (raap), water, TARWEBLOEM, zout, gedroogde glucosestroop, voedingszuur: natriumlactaat, conser
Vlees en gevogelte|Smaakkarbonade 2blk|156.0|23.2|7.0|2.8|0.56|0.0|0.0|"100% varkensvlees*.
* = Beter Leven keurmerk 1 ster.
Dit product kan sporen van gluten, soja, melk, mosterd en selderij bevatten."
Vlees en gevogelte|Ribkozijn 3st / 400gr fw blk|150.0|22.6|6.6|2.6|0.13|0.1|0.1|varkensvlees.
Vlees en gevogelte|Schouderfilet|184.0|19.0|12.0|4.7|0.03|0.0|0.0|"Waarvan toegevoegde suikers 0.00g per 100 gram en waarvan toegevoegd zout 0.00g per 100 gram
EU Landbouw"
Vlees en gevogelte|Schouderribstuk 2blk|186.0|19.1|12.2|4.7|0.155|0.0|0.0|"100% varkensvlees*.
* = Beter Leven keurmerk 1 ster.
Dit product kan sporen van gluten, soja, melk, selderij en mosterd bevatten."
Vlees en gevogelte|Schouderstukjes 2st/350g|186.0|19.1|12.2|4.7|0.16|0.0|0.0|varkensvlees.
Vetten en oliën|GoldenChoice premium frituurolie 2 l|828.0|0.0|92.0|8.0|0.01|0.0|0.0|Plantaardige oliën en vetten (100% zonnebloem) , antischuimmiddel: E900
Vetten en oliën|Frituurolie Eco Fresh|900.0|0.0|100.0|15.0|0.0|0.0|0.0|plantaardige oliën (koolzaadolie, zonnebloemolie, high oleic zonnebloem olie, palmoleïne), antioxidant: tocoferol rijk extract, citroenzuur
Vetten en oliën|KrokantOlie|828.0|0.0|92.0|16.0|0.0|0.0|0.0|"plantaardige olie (zonnebloem, palm, raap), antischuimmiddel (dimethylpolysiloxaan [E900]).
Waarvan toegevoegde suikers 0.00g per 100 milliliter en waarvan toegevoegd zout 0.00g per 100 milliliter"
Vetten en oliën|Vandenbroek frituurolie classic packbox|900.0|0.0|100.0|9.2|0.0|0.0|0.0|plantaardige oliën en vetten 100% (zonnebloemolie, raapolie), anti-schuimmiddel E900.
Vetten en oliën|Smeltbaar Bakvet|828.0|0.0|92.0|17.0|0.0|0.0|0.0|"plantaardige oliën en vetten (zonnebloemolie, palmvet),  natuurlijk citroen aroma, antischuimmiddel: E900.
Totaal vetgehalte :100 %."
Vlees en gevogelte|Eersteklas varkensrolletjes (100g)|277.0|14.8|22.2|8.9|0.82|4.4|0.3|88% Varkensvlees*, water, paneermeel (TARWEBLOEM, gist, zout), TARWEZETMEEL, zout (zeezout, zout), varkenseiwit, glucosestroop, specerijen (witte peper, zwarte peper, nootmuskaat, gemberpoeder, korianderzaad, foelie), dextrose, gistextract, natuurlijke ar
Vlees en gevogelte|Organic Savory Blend Beef & Pork Rolls 2pk/100g|288.0|15.0|24.2|9.6|1.053|2.4|0.1|"varkensvlees* 74%, rundvlees* 17%, water, paneermeel* (TARWEmeel*, zout*, gist*), zout, specerijen* (witte peper*, gember*, nootmuskaat*, foelie*, kardemom*), natuurlijk aroma, antioxidant: E300. 

*Van biologishe oorsprong."
Vlees en gevogelte||260.0|17.3|21.3|8.2|1.0|0.2|0.0|"97,6% varkensvlees*, zout, gebufferd azijn*, natuurlijk aroma, witte peper*, koriander*, antioxidant: E301, nootmuskaat*, gember*.
* = van biologische oorsprong"
Vlees en gevogelte|Vinck+S+Krunch V3|154.0|20.7|7.9|2.9|1.5|3.2|0.9|78% Kalfsvlees, water, rundereiwit, TARWE, plantaardig eiwithydrolysaat (bevat SOJA), kruiden en specerijen (chili, paprika, zoethout, venkelzaad, rozemarijn, peper, koriander, laurier, tijm, nootmuskaat), dextrose, paprika, uien, aroma, smaakversterker E
Vlees en gevogelte|Slanke rundering|190.0|18.0|12.0|5.5|1.3|2.0|0.2|88% rundvlees, water, paneermeel (tarwe), zout, specerijen, aardappelzetmeel, gistextract, tomatenpoeder, melkeiwit, zeezout, natuurlijke aroma's, azijnpoeder, voedingszuur (natriumcitraat [E331]), antioxidant (natriumascorbaat [E301]).
Vlees en gevogelte|Runderflink|235.0|15.5|17.0|7.1|0.55|4.8|0.3|85% Rundvlees, water, paneermeel (TARWEBLOEM, zout, gist), zeezout, zout, natuurlijk aroma, specerijen, koriander, weipoeder (MELK), dextrose, zuurteregelaar: E262, antioxidant: E300.
Vlees en gevogelte|Slarollen|296.0|17.0|24.0|10.0|1.5|3.0|0.3| Varkensvlees (65%), rundvlees (16%), met toegevoegdwater, paneermeel, aardappelzetmeel, voedingszuur (E300 E300, E301 E301, E325 E325, E331 E331), zout, bamboevezel, specerijen (koriander), kleurstof: rode bieten extract, dextrose, verdikkingsmiddel (E40
Melk en melkproducten|Vanillefluweel 1l|90.0|2.4|2.8|1.9|0.148|13.6|9.6|MELK, vloeibare MELKbestanddelen, suiker, gemodificeerd maïszetmeel, verdikkingsmiddel: E407, zout, natuurlijk aroma, kleurstoffen: E160b(ii) en E100.
Melk en melkproducten|Crème Vanille Delight|150.0|1.5|10.0|7.0|0.1|14.0|11.0|"volle melk*, water, slagroom*, suiker, gemodificeerd maïszetmeel, extract (vanille, Bourbonvanille), 0,1% vanille, verdikkingsmiddel (E407), kleurstof (caroteen). *Van weidemelk.
Zout is enkel afkomstig uit natuurlijk voorkomend natrium."
Melk en melkproducten|Lichtvolle karamel vla|82.0|3.0|1.5|0.9|1.0|14.0|9.5|"Gepasteuriseerde halfvolle MELK*, rietsuiker*, maïszetmeel*, natuurlijk bourbon vanillearoma, gemalen vanillestokje*, kurkuma*, verdikkingsmiddel: carrageen.
*= van gecontroleerde biologische oorsprong."
Melk en melkproducten|Knapperkoekjes vla, 1l (weidemelk)|111.0|2.4|2.9|1.7|0.11|18.8|13.5|MELK, suiker, gemodificeerd maïszetmeel, maltodextrine, maïszetmeel, AMANDELEN 0,4%, LUPINEmeel, vrije uitloopEIwit, aroma, kleurstoffen: E100 en annatto, verdikkingsmiddelen: E407 en E415, AMANDELolie, zout.
Melk en melkproducten|Chocozoetvla|98.0|2.5|3.0|2.0|0.1|15.0|11.0|volle melk*, vloeibare melkbestanddelen, suiker, gemodificeerd maïszetmeel, 1,5% magere cacaopoeder, verdikkingsmiddel (E407). *Van weidemelk.
Melk en melkproducten|Dubbelpud meerkarmel-vanilla|95.0|2.0|3.0|2.0|0.2|15.0|10.0|"volle melk*, wei, suiker, gemodificeerd maïszetmeel, maïszetmeel, 0,3% gekaramelliseerde suiker, zout, vanillearoma, verdikkingsmiddel (E407), kleurstof (E100, annatto), natuurlijk aroma, vanille-extract. *Van weidemelk.
*Van weidemelk."
Melk en melkproducten|Koffievla|95.0|2.0|3.0|2.0|0.2|15.0|11.0|"volle melk*, wei, suiker, gemodificeerd maïszetmeel, maïszetmeel, kleurstof (karamel [E150c]), zout, koffie aroma, verdikkingsmiddel (carrageen [E407]).
*Van weidemelk."
Melk en melkproducten|Caramellavla 1000 ml|90.0|2.5|3.0|2.0|0.18|13.3|9.3|Melk, vloeibare melkbestanddelen (melkeiwitten, lactose (bevat melk), room (bevat melk), water), suiker, gemodificeerd zetmeel (maïs), maïszetmeel, zout, verdikkingsmiddel: carrageen, kleurstoffen: annatto, curcumine, aroma
Vleeswaren|Bresselarrib 3x3pl vht* c|124.436|22.055|3.694|1.42|1.317|0.342|0.119|varkensvlees (95%), water, voedingszuur E326, nitrietpekelzout (zout, conserveermiddel E250), glucosestroop, stabilisator E262, stabilisator E451, zout, dextrose, aroma, specerijen extracten, antioxidant E301, antioxidant E327, keukenzout, ui, lavaswortel
Vleeswaren|Runderpleet* circa 32 plakken bak 500 gram (500 gram)|119.0|17.0|5.0|1.9|2.4|1.3|1.3|78% varkensvlees, water, zout, voedingszuur (E326,E262), dextrose, stabilisator (E451,E452), verdikkingsmiddel (E407a), varkenshemoglobine, antioxidant (E301), conserveermiddel (E250), rook
Suiker, snoep, zoet beleg en zoete sauzen|De Ruiker Lumi Vlokken 320 g|460.0|5.9|14.0|8.7|0.22|77.0|77.0|Suiker, magere MELKPOEDER, cacaoboter, LACTOSE, gefractioneerd MELKVET (harde fractie), emulgator (SOJALECITHINE), aroma
Suiker, snoep, zoet beleg en zoete sauzen||441.0|6.3|19.0|11.0|0.01|60.0|56.0|"Suiker, magere cacaopoeder*, cacaoboter*, dextrose, emulgator (SOJALECITHINE), *Rainforest Alliance Certified. ra.org.

Kan sporen bevatten van melk."
Niet-alcoholische dranken|FruttiJolt rode vruchten drank 10 x 200 ml familie-pak|33.0|0.07|0.02|0.01|0.041|7.8|7.8|Water, vloeibare MELKbestanddelen (MELKpermeaat) 40%, suiker, vruchtensap uit concentraat 5% (appel, aroniabes 0,6%, aardbei 0,25%, kers 0,25%), ROOM (met een vetgehalte van 35%) <0,1%, stabilisator (pectine), voedingszuur (citroenzuur), aroma, zwarte wor
Niet-alcoholische dranken|Berrie Sprankel|32.0|0.0|0.0|0.0|0.04|7.85|7.82|water, 30% MELKPERMEAAT, 7,7% vruchtensap uit concentraat (6,4% appel, 0,9% aardbei, 0,4% vlierbes), suiker, room (MELK), voedingszuur: citroenzuur, stabilisator: pectinen, aroma's, zoetstof: steviolglycosiden, vitamine C.
Niet-alcoholische dranken|Fiesto exotic|33.0|0.09|0.0|0.0|0.04|7.96|7.93|Water, 30% MELKPERMEAAT, 7,5% sap uit geconcentreerd vruchtensap (appel, 0,5% passievrucht, 0,5% ananas), suiker, room (MELK), voedingszuur: citroenzuur, aroma, stabilisator: pectinen, kleurstof: carotenen, vitamine C, zoetstof: steviolglycosiden.
Gebak en koek|Meester Koen karamelkoeken 12 stuks 340 g|461.0|3.6|19.4|9.6|0.7|67.6|36.4|39% glucose-fructosestroop, tarwebloem, plantaardige oliën (in wisselende verhoudingen) (palm, raap, zonnebloem), suiker, weipoeder (melk), zetmeel (tarwe), rijsmiddel (E500), sojameel, zout, emulgatoren (sojalecithine en E471), magere melkpoeder, scharre
Gebak en koek|Van der Haag mini karamelwafel pakket 6x400g|450.0|3.5|21.0|12.0|0.6|61.0|32.0|TARWEBLOEM, glucose-fructosestroop, 14% roomboter (MELK), suiker, palmvet, suikerstroop, SOJABLOEM, raapolie, dextrine (TARWE), zout, emulgator (SOJALECITHINE, E471), rijsmiddel (E500), kaneel, voedingszuur (citroenzuur), Bourbon vanille
Gebak en koek|VanHouten karamelwaffle geschenkdoos 250g|452.0|3.0|21.0|12.0|0.58|62.0|34.0|Stroop (glucose-fructosestroop, suikerstroop) 34%, TARWEBLOEM, roomboter (MELK) 14%, suiker, plantaardige olie (palm, raap), SOJABLOEM, zout, emulgator (SOJALECITHINE), rijsmiddel: E500, kaneel, natuurlijke Bourbon vanille, SCHARRELEI, voedingszuur (citro
Gebak en koek|Van Kloof - karamelwafels 12st natuurlijk|436.0|4.5|16.5|8.7|0.881|66.7|39.5|TARWEbloem*, 30% TARWEstroop*, rietsuiker*, palmvet*, 5% roomboter* (MELK), rijstestroop*, gebrande suiker*, SOJAmeel*, magere MELKpoeder*, honing*, rijsmiddel: E500, zeezout, TARWEzemelen*, suiker*, emulgator: SOJAlecithine*, kaneel*, natuurlijke bourbon
Gebak en koek|Kampioenen 12 klassieke stroopwafels|488.0|3.8|24.2|12.7|0.65|63.3|37.2|30% glucose-fructosestroop, plantaardig vet (palm), suiker, 12% ROOMBOTER, gekarameliseerde suiker, SOJAMEEL, weipoeder (MELK), zetmeel (TARWE), plantaardige olie (raap), rijsmiddel (E500), zeezout, emulgatoren (SOJALECITHINE en E471), magere MELKPOEDER,
Gebak en koek|Honingkrakels|460.0|3.5|19.0|9.0|0.6|68.0|36.0|38% glucose-fructosestroop, tarwebloem, palmvet, suiker, weipoeder, raapolie, tarwezetmeel, sojabloem, rijsmiddel (E500), zout, emulgator (sojalecithine, E471), mageremelkpoeder, scharrelei, kaneel, zuurteregelaar (citroenzuur).
Alcoholische dranken|Gusto chili merlot fris, 1 l||||||||
Alcoholische dranken|Hildenberg Ruby Wine 0,75l||||||||
Alcoholische dranken|Belgische burghwijn sprankelend en knisperend wit||||||||
Alcoholische dranken|Thuiswijn wit knisper 250ml||||||||bevat sulfieten.
Alcoholische dranken|Janser van vleugelheim rioja selecta||||||||Bevat Sulfiet
Suiker, snoep, zoet beleg en zoete sauzen|Joyful-soda 375 pcs|343.0|6.9|0.5|0.1|0.07|77.0|46.0|Glucosestroop, suiker, gelatine, dextrose, voedingszuur: citroenzuur, karamelstroop, aroma, glansmiddelen: bijenwas wit en geel, camaubawas
Suiker, snoep, zoet beleg en zoete sauzen|Haribo joyful mangoes pop!boom party pack 220 g|345.0|3.5|0.5|0.1|0.07|80.0|60.0|Glucosestroop, suiker, zetmeel, gelatine, voedingszuren: citroenzuur, appelzuur, wijnsteenzuur, vruchten- en plantenconcentraten: saffloer, sinaasappel, vlierbes, citroen, spirulina, zuurteregelaars: tricalciumcitraat, natriumwaterstofmalaat, aroma, glans
Vleeswaren|Grk2* gestoomde friese 175g zlv|290.0|11.5|26.0|10.5|2.35|2.4|0.4|varkensvlees Beter Leven 1 ster 59%, varkensseperatorvlees Beter Leven 1 ster 13%, water, varkensspek Beter Leven 1 ster, aardappelzetmeel, zout, voedingszuur: E326, varkenseiwit, rundereiwit, stabilisator: E450, varkenshemoglobine,  specerijen (MOSTERDza
Vleeswaren|Boslander boterhamworst|301.0|13.0|27.0|10.0|2.2|1.5|0.5|varkensvlees (80%), water, varkensvet (6%), natuurlijk aroma, zout, varkenshemoglobine, aardappelzetmeel, stabilisatoren (E450/E452), dextrose, specerijen, voedingszuur (E330), antioxidant (E301 ), rundercollageen, conserveermiddel (E250), rook.
Vleeswaren|Veluwse broodkasteelworst (25 gram)|313.0|11.522|28.384|9.477|2.785|3.144|0.274|varkensvlees* (91%), aardappelzetmeel, nitrietzout (zout, conserveermiddel E250), water, voedingszuur (E325, E331), kruiden (gember, koriander, kardemom, foelie), bamboevezel, specerijen (witte peper, nootmuskaat), rookaroma, stabilisator (E450), dextrose
Vleeswaren|Boterbroodworst 5x30g extra|269.0|9.4|24.0|9.0|2.3|3.9|0.5|69% Varkensvlees, water, varkensspek, aardappelzetmeel, zout, varkenshemoglobine, voedingszuur: E326/E262, dextrose, maltodextrine, stabilisator: E450, smaakversterker: E621, kruiden, specerijen, antioxidant: E316, conserveermiddel: E250.
Vleeswaren|Sandwichham Heuvellander 130gr 1blk|339.0|14.0|29.0|11.0|2.7|5.4|0.5|81% varkensvlees*, 5% rundvlees, varkensvet*, aardappelzetmeel, zout, voedingszuur: E326 en azijnzuur, glucosesiroop, stabilisator: E450, suiker, kruiden, specerijen, dextrose, aroma, maltodextrine, gistextract, rundereiwit, natuurlijk aroma, rookaroma, a
Vleeswaren|Thuis van smaak bosland boterhamworst 3 plakken|197.29|15.53|12.22|4.6|1.99|5.89|0.25|Varkensvlees (82%), water, aardappelzetmeel, zout, voedingszuur (E325, E331), voedingsvezel, kruiden (koriander), (rook)aroma, peper, stabilisator (E450), dextrose, gistextract, gefermenteerde rijst, antioxidant (E301), mierikswortel, conserveermiddel (25
Vleeswaren|Gld3• gerookte utrechtse 150g mav|290.0|11.5|26.0|10.5|2.35|2.4|0.4|varkensvlees Beter Leven 1 ster 59%, varkensseperatorvlees Beter Leven 1 ster 13%, water, varkensspek Beter Leven 1 ster, aardappelzetmeel, zout, voedingszuur: E326, varkenseiwit, rundereiwit, stabilisator: E450, varkenshemoglobine,  specerijen (MOSTERDza
Vleeswaren|Lichte cervelino|274.0|21.7|21.2|8.0|3.0|0.2|0.1|varkensvlees*, rundvlees*, zout, 0,8% melkeiwit, dextrose, specerijen, dieetzout (E508), glucosestroop, antioxidant (E392, E316), conserveermiddel (E250), naturlijk aroma, kleurstof (E120), natuurlijke rook.
Vleeswaren|Peperkoorn cervelaat|385.0|19.0|34.0|14.0|3.2|0.2|0.2|varkensvleesª, specerijen (3,5% peper, nootmuskaat, foelie), varkensspekª, zout, suiker, dextrose, varkensgelatine, palmvet, emulgator (E472c), kleurstof (bietenrood), antioxidant (E301), conserveermiddel (E250, E252), rook. ªBeter Leven keurmerk 1 ster.
Vleeswaren|Kruidenworst|338.0|18.2|28.2|10.5|2.44|2.6|1.0|95% varkensvlees, zout, dextrose, melkeiwitten, 0,9% specerijen (waarvan 4% peperkorrels zwart en wit), gedroogde glucosestroop, natuurlijk aroma, antioxidanten: natriumerythorbaat, extracten van rozemarijn ; conserveermiddel: natriumnitriet; kleurstof: k
Vleeswaren|Geroosterde worst|299.0|13.0|26.0|9.5|2.3|3.2|0.7|85% varkensvlees, water, aardappelzetmeel, zout, aroma's (mosterd), dextrose, emulgator (trifosfaat [E451]), rookaroma, specerijen, maltodextrine, antioxidant (natriumascorbaat [E301]), smaakversterker (mononatriumglutamaat [E621]), conserveermiddel (natr
Vleeswaren|Feestelijke Gelderse Gebakken Worst|349.0|12.0|30.0|10.5|2.0|3.6|0.9|68% varkensvlees, water, varkensspek, rijstebloem, varkenscollageen, varkenshemoglobine, zout, gehydrolyseerd eiwit (SOJA-, mais), specerijen (MOSTERD), varkenseiwit, kruidnagel, antioxidant: (ascorbinezuur), dextrose, glucosestroop, smaakversterker: (E62
Vleeswaren|Grillhamer|285.0|14.0|25.0|9.0|2.4|1.5|0.7|88% varkensvlees, specerijen, water, zout, aardappelzetmeel, dextrose, conserveermiddel (natriumnitriet [E250],kaliumacetaat [E261]), emulgator (trifosfaat [E451]), aroma, gehydrolyseerd maïseiwit, antioxidant (natriumascorbaat [E301]), kleurstof (karamel
Vleeswaren|Krokaworst|285.0|14.0|25.0|9.0|2.35|1.5|0.7|88% varkensvlees, water, zout, specerijen, aardappelzetmeel, dextrose, natuurlijke aroma's, emulgator (trifosfaat [E451]), gehydrolyseerd maïseiwit, citrusvezel, ui, antioxidant (natriumascorbaat [E301]), gistextract, lavasblad, conserveermiddel (natriuma
Vleeswaren|Kaasgrillworst|235.0|15.0|17.0|8.0|2.0|4.0|0.0|83% varkensvlees, MELK, aardappelzetmeel, zout, voedingszuur (E326), rijstmeel, specerijen, glucosestroop, stabilisator (E450, E451, E452), natuurlijk aroma, aroma, gistextract, antioxidant (E301, E331), gedroogde ui, kleurstof (karamel, annatto), conserv
Vleeswaren|Grillworst met gouderlanderkaas|280.0|18.0|22.0|10.0|2.2|2.5|0.0|69% varkensvlees, 17% rundvlees, melk, aardappelzetmeel, zout, voedingszuur (natriumacetaat [E262], kaliumlactaat [E326]), specerijen, rijstmeel, kruiden, stabilisator (difosfaat [E450], trifosfaat [E451], polyfosfaat [E452]), aroma's, antioxidant (natriu
Vleeswaren|Smeltworst goudaheerkaas|265.0|14.0|21.0|8.5|2.0|4.5|0.5|77% varkensvlees, melk, water, aardappelzetmeel, zout, rijstbloem, voedingszuur (kaliumlactaat [E326]), specerijen, kruiden, antioxidant (natriumascorbaat [E301], natriumcitraat [E331]), stabilisator (difosfaat [E450], trifosfaat [E451], polyfosfaat [E452
Vleeswaren|Kip kruidworst blokjes|172.0|17.1|10.4|2.9|1.8|2.5|0.9|95% kippenvlees*, zout, voedingszuur: azijnzuur/E326, dextrose, specerijen, kruiden, stabilisator: E450, rijstmeel, gedroogde groenten (papika, ui, knoflook), aroma, suiker, specerijenextract, water, maltodextrine, aardappelzetmeel, rookaroma, conserveerm
Vleeswaren|Roasterworst hok|257.0|13.0|20.0|8.0|2.25|6.0|1.5|83% kippenvlees, zetmeel (aardappel, tarwe), water, zout, kippenvet, voedingszuur (kaliumlactaat [E326]), specerijen, natuurlijk aroma, rijstmeel, dextrose, stabilisator (difosfaat [E450], trifosfaat [E451]), antioxidant (natriumascorbaat [E301]), aroma,
Vleeswaren|Rookworst kip 140gr 1stk|194.0|17.3|12.6|3.6|2.2|3.0|0.7|92% kippenvlees, aardappelzetmeel, zout, dextrose, gemodificeerd maiszetmeel, gebrande suikers, aroma, voedingszuur: E326, azijnzuur, kruiden, specerijen, gedroogde ui, stabilisator: E450, E452, water, gistextract, antioxidant: E301, conserveermiddel: E25
Vlees en gevogelte|Baneer runder hotsausages 6 stuks 575 g|209.0|13.1|15.2|4.2|2.35|4.8|0.2|Kippenseparatorvlees 63%, runderharten 15%, water, aardappelzetmeel, zout, kippeneiwit, gehydrolyseerd maïs eiwit, specerijen, stabilisatoren: E451, E452, dextrose, trehalose, antioxidant: E316, conserveermiddel: E250, specerij-extracten, rookaroma
Vlees en gevogelte|Magere snapworst|130.0|11.0|7.0|2.5|1.38|5.5|0.1|35% varkensvleesª, water, 30% kippenvleesª, zout, aardappelzetmeel, rijstebloem, rookaroma, rundercollageenvezel, stabilisator (trifosfaat [E451]), specerijen, antioxidant (natriumerythorbaat [E316]), specerijenextract, conserveermiddel (natriumnitriet [E
Vlees en gevogelte|Vrijloop rookworsten|210.0|12.0|15.0|6.0|1.58|5.5|0.6|80% varkensvlees(b), water, aardappelzetmeel, zout, rookaroma, suiker, rundercollageenvezels, stabilisator (trifosfaat [E451]), natuurlijke aroma's, gehydrolyseerd plantaardig eiwit (maïs, raap, zonnebloem), foelie, wittepeperextract, conserveermiddel (na
Vlees en gevogelte|Woudt hotdogs 560 g|158.0|12.0|10.0|7.1|1.53|4.9|0.5|Hotdogs: 67% kipseparatorvlees¹, water, 12% varkensvlees¹, rijstebloem, zout, 2,7% varkensseparatorvlees¹, rookaroma, dextrose, stabilisator (E451), specerijen, 0,2% rundercollageenvezels, uienpoeder, rozemarijn, antioxidant (E316), specerijextract, conse
Vleeswaren|Stierenworst 105g|125.0|19.3|4.0|1.72|2.0|3.0|0.8|mager rundvlees 91%, voedingszuren: E261, E262, E326 en citroenzuur, water, zout, specerijen, dextrose, glucosestroop, kaliumzout, antioxidant: E300, specereijenextracten (witte peper, foelie, lavas, chilipeper, fenegriek, curry, gember, knoflook), comple
Vleeswaren|SuperKruid Salami Delight 250 g|412.0|21.0|36.0|13.8|4.4|1.0|1.0|Varkensvlees, rundvlees, zout, dextrose, specerijen, knoflook 0,4%, kleurstoffen: E120 en bieten-rood, antioxidanten: E300 en E301, oregano-extract, conserveermiddel: E250, rook, Voor 100 g eindproduct is 114 g varkensvlees en 22 g rundvlees gebruikt., E
Vleeswaren|Vurige salami|354.0|19.8|30.0|12.0|4.0|1.0|1.0|varkensvlees, gejodeerd zout (zout, kaliumjodaat), maltodextrine, specerijen (witte peper, paprika 0,5%** chili), knoflook, conserveermiddel: natriumnitriet; rijpingsculturen, beukenhoutrook. ** op eindproduct
Vleeswaren|Beefolana 100gr|368.0|19.0|32.0|16.0|2.7|0.5|0.5|"rundvlees, zout, rundcollageen, kaliumzout, bietensap, dextrose, knoflookpoeder, natuurlijk aroma, antioxidant: E301, 
conserveermiddel: E250, specerijen, rook. Voor 100 gram eindproduct is 110 gram vlees gebruikt. 
Kan sporen bevatten van MELK en MOSTERD"
Vleeswaren|Pluimvee smeerworstpaté|290.0|13.0|24.0|8.0|1.5|5.0|1.5|46% kippenborstvel, 34% kippenlever, water, rijstbloem, zout, dextrose, suiker, antioxidant (ascorbinezuur), specerijen, gemodificeerd maïszetmeel, glucose-fructosestroop, tomatenpuree, prei, azijn, gist, specerijenextract, gistextract, tijm, vanille, con
Groente|Wortelsprietjes|30.0|0.8|0.3|0.1|0.08|4.7|4.2|Wortel. Mogelijke aanwezigheid van SELDERIJ.
Melk en melkproducten|Boeren lichte yoghurt|33.0|4.1|0.1|0.1|0.1|4.0|4.0|Magere melk (gepasteuriseerd) en yoghurtzuursel.
Melk en melkproducten|Roermelk puur|52.0|4.5|1.5|1.0|0.15|5.0|5.0|halfvolle yoghurt.
Graanproducten en bindmiddelen|El hermosa volkoren maïs wraps (20cm) 330 gram|305.0|9.1|5.8|3.1|1.1|50.4|2.3|TARWEBLOEM, water, TARWEZEMELEN GROF, palmvet, stabilisator (glycerine), zout, rijsmiddelen (natrium carbonaten, difosfaten), suiker, TARWEKIEMEN GEROOSTERD, emulgator (mono- en diglyceriden van vetzuren), zuurteregelaar (citroenzuur), conserveermiddelen
Graanproducten en bindmiddelen|Tiny tortilla roll|340.0|7.5|8.1|1.7|1.098|57.9|2.6|TARWEBLOEM, water, raapzaadolie, stabilisator: E422, suiker, gefermenteerde TARWE, gedehydrateerd TARWEZUURDESEM, voedingszuur: citroenzuur, rijsmiddel: E500, emulgator: E471, zout, conserveermiddel: E202, natuurlijk aroma (TARWE).
Graanproducten en bindmiddelen|Tortilla ringen medium|308.0|8.8|4.9|1.1|0.8|55.0|2.5|tarwebloem, water, stabilisator (glycerol [E422]), raapolie, zout, suiker, conserveermiddel (calciumpropionaat [E282], kaliumsorbaat [E202]), zuurteregelaar (appelzuur [E296]), rijsmiddel (natriumcarbonaat [E500]), emulgator (mono- en diglyceriden van vet
Melk en melkproducten|Halfzachte yoghurt|43.0|3.5|1.3|1.0|0.1|4.5|4.5|gepasteuriseerde halfvolle melk.
Melk en melkproducten|Prinsen halfvolle yoghurt met bijade®-culturen.|49.0|4.4|1.5|1.0|0.15|4.5|4.5|halfvolle MELK magere MELKpoeder, weiproduct (MELK), MELKeiwit, Bigarde®-culturen (Streptococcus thermophilus, Lactobacillus johnsonii, Bifidobacterium lactis).
Melk en melkproducten|Lighta yoghurt|32.0|3.6|0.1|0.1|0.12|3.4|3.4|magere yoghurt (MELK)
Melk en melkproducten|Lichte boerenyoghurt|38.0|5.2|0.0|0.0|0.12|4.1|4.1|magere yoghurt met 1,3% toegevoegd melkvet
Melk en melkproducten|Verkozurix organische lichte yoghurt|32.0|4.5|0.3|0.2|0.1|2.8|2.8|Magere yoghurt* van biologische oorsprong
Melk en melkproducten|Slanke yogeret|38.0|4.5|0.1|0.1|0.1|4.7|4.7|Waarvan toegevoegde suikers 0.00g per 100 milliliter en waarvan toegevoegd zout 0.00g per 100 milliliter
Melk en melkproducten|Slanke yoghurt 500ml|42.0|4.6|0.1|0.04|0.16|4.9|4.9|magere yoghurt (MELK), MELKeiwit 0,9%.
Melk en melkproducten|Langhoudbare magere frambozyoghurt|76.0|2.8|0.1|0.1|0.1|16.4|14.4|magere yoghurt, suiker, water, gemodificeerd maïszetmeel, kersen (2,1%), kersensap (0,9%), aroma, kleurend plantenconcentraat (vlierbes), kleurstof (karmijn), zuurteregelaar (trinatriumcitraat), verdikkingsmiddel (pectine).
Melk en melkproducten|Lichte bessenyoghurt framboos 1 l|67.0|3.4|0.1|0.1|0.11|13.1|12.0|Magere yoghurt (melk), suiker, 5,4% aardbeistukjes, gemodificeerd maïszetmeel, melkeiwit, verdikkingsmiddel: pectinen, aroma, zuurteregelaar: citroenzuur/natriumcitraten
Melk en melkproducten|Fruitdelight aardbei kers 4 x 125 g|80.0|2.6|0.2|0.1|0.12|17.0|14.0|Aardbei: 58% gepasteuriseerde magere MELK, wei (MELK), glucose-fructosesiroop, suiker, MELKfermenten, 3,5% aardbei (2% aardbeien, 1,5% aardbeiensap uit concentraat), gemodificeerd maïszetmeel, magere MELKconcentraat, rundergelatine, verdikkingsmiddelen (p
Melk en melkproducten|Mediterrane stijl yoghurt 0%|43.0|5.4|0.1|0.07|0.13|4.2|4.2|Magere yoghurt (MELK).
Melk en melkproducten|Balkan stijl yoghurt 10%|121.0|3.5|10.0|6.5|0.1|4.2|4.2|"Volle MELK*, ROOM*, yoghurtcultuur.
*van biologische oorsprong."
Melk en melkproducten|Yoghurt mediterrane stijl 10%|120.0|4.0|10.0|6.5|0.1|3.6|3.6|yoghurt (MELK)
Melk en melkproducten|Yoghurt mediterraanse stijl 9% vet|134.0|5.0|10.0|6.2|0.1|5.9|5.9|Waarvan toegevoegde suikers 0.00g per 100 gram en waarvan toegevoegd zout 0.00g per 100 gram
Melk en melkproducten|Eco vanilleyoghurt 1 liter|76.0|4.1|1.5|1.0|0.09|11.4|11.4|"halfvolle yoghurt (MELK)*, rietsuiker*, natuurlijk vanille-aroma. 
*Van biologische oorsprong."
Melk en melkproducten|Halvvolle vanille melk 1 l|80.0|3.1|1.5|1.1|0.11|12.6|11.8|Halfvolle yoghurt (melk), suiker, gemodificeerd tapiocazetmeel, aroma, kleurstoffen E100, E160b
Melk en melkproducten|Semi-sweet vanillayoghurt|75.0|3.1|1.6|1.1|0.11|11.5|10.6|halfvolle yoghurt (MELK), suiker, gemodificeerd tapiocazetmeel, natuurlijk aroma, kleurstof: curcumine/annatto
Melk en melkproducten|Melkzicht vanille yoghurt aardbei smaak 1 l|77.0|2.5|1.5|1.0|0.09|13.0|12.0|Halfvolle YOGHURT, suiker, gemodificeerd maïszetmeel, aroma, kleurstof: karmijnzuur
Melk en melkproducten|Vanilla vla|76.0|3.1|1.6|1.1|0.11|11.5|10.6|halfvolle yoghurt (MELK), suiker, gemodificeerd tapiocazetmeel, natuurlijk aroma, kleurstof: curcumine/annatto
Melk en melkproducten|Denatura vollfles yoghurt 500g eco-beker|64.0|3.6|3.7|2.3|0.11|4.1|4.1|"Biodynamische MELK

aangezuurd met de zuurselcultures L.

acidophilus, B. bifidus en Sc. thermophilus."
Melk en melkproducten|Frutilac zuiveldrank mango 940ml|36.0|1.0|0.0|0.0|0.1|8.0|8.0|Ingredïenten: Vloeibare MELKbestanddelen, gefermenteerde magere MELK, suiker, stabilisator (guarpitmeel, pectine), 1% perziksap uit concentraat, aroma's, kleurstof (caroteen E100).
Melk en melkproducten|Rijke plattelandsyoghurt|60.0|3.5|4.0|2.5|0.1|4.0|3.9|YOGHURT
Melk en melkproducten|Romige zuivel|70.0|4.5|3.5|2.0|0.15|5.0|5.0|EU Landbouw.
Melk en melkproducten|Romige yoghurt|62.0|4.1|3.1|2.1|0.115|3.8|3.8|Volle yoghurt (MELK)
Melk en melkproducten|Rijke yoghurt|55.0|3.3|3.0|2.1|0.1|3.2|3.2|volle yoghurt (MELK)
Melk en melkproducten|Alpenna berryzo aardbei|49.0|2.6|0.0|0.0|0.09|8.8|7.8|Magere yoghurt, water, suiker, 1.3% vruchtensap (0.7% aardbei, aroniabes, citroen), maïszetmeel, natuurlijk aroma.
Melk en melkproducten|Sippieyoghurt framboos|38.0|1.9|0.0|0.0|0.1|7.7|7.7|60% Gefermenteerde magere MELK, vloeibare MELKBESTANDDELEN, suiker, dextrose, 1% aardbeiensap uit concentraat, stabilisator: pectinen/guarpitmeel, natuurlijke aroma's, zwarte wortelsapconcentraat, kleurstof: carotenen.
Melk en melkproducten|Zippyoghurt citroen|33.0|3.0|0.1|0.1|0.2|5.0|4.5|93% magere yoghurt*, 5,5% vruchtensapconcentraat (appel, citroen, 0,5% limoen), gemodificeerd maïszetmeel, vitaminen (B2, B6, B12), calcium, zuurteregelaar (E331), natuurlijk aroma, zoetstof (sucralose). *Van weidemelk.  Zout is enkel afkomstig uit natuur
Melk en melkproducten|Berristi rode fruit geur|43.0|1.8|0.0|0.0|0.12|7.9|7.9|magere gefermenteerde melk, vloeibare melkbestanddelen (weipermeaat), water, multivruchtensap uit geconcentreerd sap 2% (1.03% appel, 0,94% vlierbes, 0,01% aardbei, 0,01% framboos, 0,01% kers), suiker, fructosestroop, stabilisatoren: pectine, guargom, dik
Melk en melkproducten|Exquivel drinkyoghurt citrus 0% vet 250 ml|31.0|3.2|0.0|0.0|0.11|3.6|3.3|Magere YOGHURT, 2% limoensap, maïszetmeel, aroma, zoetstof: sucralose
Melk en melkproducten|Zuivelshake aardbei & kers|27.0|3.0|0.1|0.1|0.1|3.5|3.5|"magere yoghurt*, 0,1% sapconcentraat (appel, citroen, appelbes, kers, aardbei), maïszetmeel, calciumlactaat, zoetstof (sucralose [E955]), aroma, zuurteregelaar (natriumcitraat [E331]), vitaminen (B2, B6, B12). *Van weidemelk.
*Van weidemelk."
Groente|Zeewierkrul||||||||
Suiker, snoep, zoet beleg en zoete sauzen|Aardbeiensnoepjes|394.0|0.0|0.0|0.0|0.01|97.0|58.2|suiker, glucosestroop, voedingszuur E330, aroma's kleurstoffen ( afhankelijk van produkt) E100, E120, E131, E133, E150a, E153, E160b, E161b
Suiker, snoep, zoet beleg en zoete sauzen|Knapperig suikergoed met limoenessentie gevuld met lagen prikkelend poeder.|380.0|0.0|0.0|0.0|0.006|94.0|66.5|suiker, glucosestroop, voedingszuur (E330), dextrose, natuurlijk citroen aroma, vruchtensappen (citroen) (0,1%), kleurstof (E100), antiklontermiddel (E341).
Suiker, snoep, zoet beleg en zoete sauzen|Knap suikersteen met bosbessmaak gevuld met smeuïg poeder.|385.0|0.0|0.0|0.0|0.007|94.5|68.0|suiker, glucosestroop, dextrose, voedingszuur (E330), natuurlijke aroma's, zuurteregelaar (natriumbicarbonaat), vruchtensap (framboos (0,1%), kleurstof (E163).
Suiker, snoep, zoet beleg en zoete sauzen|Kersentwist|380.0|0.0|0.0|0.0|0.05|95.0|86.1|suiker, glucosestroop, invertsuikerstroop, voedingszuur (E330), natuurlijk kersen aroma, kleurstof: E120.
Suiker, snoep, zoet beleg en zoete sauzen|Bonaparte zoetzuur mango bolletjes 200 g|380.0|0.0|0.0|0.0|0.007|94.0|66.5|Suiker, glucosestroop, voedingszuur (citroenzuur), dextrose, natuurlijk aroma
Suiker, snoep, zoet beleg en zoete sauzen|Spearmint Sweets suikerloos 500 stuks 700 g|238.0|0.0|0.3|0.3|0.15|98.0|0.0|Zoetstoffen (sorbitol, aspartaam, sucralose, acesulfaam-K), aroma's, antiklontermiddel (magnesiumzouten van vetzuren), kleurstof (briljantblauw FCF)
Vetten en oliën|Proma koken en braden voordeelpak 750 ml|805.0|0.5|91.0|9.0|1.2|0.51|0.5|Plantaardige oliën (koolzaad, zonnebloem, volledig geharde koolzaad), zout (1,1%), droge melkbestanddelen, emulgator (sojalecithine), smaakversterkers (mononatriumglutamaat, dinatriumguanylaat, natriuminosinaat), natuurlijke aroma's, vitamine A en D
Niet-alcoholische dranken|Brouwvriend 0.0%|21.0|0.0|0.0|0.0|0.01|4.8|1.3|water, GERSTEMOUT, hopextract, natuurlijke aroma's
Niet-alcoholische dranken|Maasveld radler 0.0|33.0|0.1|0.1|0.0|0.01|8.0|7.0|koolzuurhoudend water, GERSTEMOUT, suiker, vruchtensap 5% uit concentraat (citroensap 2,7%, sinaasappelsap, limoensap, acerolasap), hop, hopextract, geconcentreerd citroenextract, natuurlijk aroma, stabilisator: johannesbroodpitmeel, citroengrasextract.
Gebak en koek|Nieuwgreen tropica kokos 250 g|454.0|5.9|13.1|6.8|0.7|77.2|32.0|Tarwebloem, suiker, plantaardige olie (palm), kokos 2%, dextrose, rijsmiddelen (natriumcarbonaten, dinatriumdifosfaat), zout, aroma's
Kruiden en specerijen|Belli groente bouillon minder zout, extra kruiden|3.0|0.1|0.1|0.1|0.33|0.3|0.1|gejodeerd zout, smaakverstekers (E621, E635), glucosestroop, palmvet, maltodextrine, groenten 4,5% (ui, wortel, prei), gistextract, suiker, gehydrolyseerd plantaardig eiwit (aroma, TARWE-eiwit, palmolie), aroma's (bevat TARWE, SELDERIJ), kruiden en specer
Brood|Koolrust verlaagd graanmix|228.0|18.0|7.8|0.9|0.91|16.2|1.6|water, tarwegluten, 10,6% volkoren tarwemeel, 10,5% tarwebloem, lijnzaad, 5,4% sojabloem, tarwevezel, sojagrutten, zonnebloempitten, tarwezemelen, sesamzaad, tarwezetmeel, gist, 1,4% gerstemoutmeel, 0,9% maisgries, 0.9% tarwevlokken, 0,9% havervlokken, ge
Brood|Koolhydraat verminderd graanbrood|230.0|17.0|6.0|0.7|0.9|21.0|0.5|water, volkorentarwemeel, tarwegluten, lijnzaad, erwtenvezel, tarwezemel, sojabloem, sojagrut, gist, moutmeel (gerst, tarwe), gejodeerd zout, zonnebloempit, volkorenroggemeel, antioxidant (E300).
Brood|Super vezelvol bruinbrood|225.0|11.0|1.9|0.3|0.71|36.0|1.8|volkorentarwemeel, water, tarwegluten, tarwe (geplet), bakkersgist, moutmeel (gerst), lijnzaad, sojagrits, tarwezemelen, tarwevezel, bakkerszout, kaliumchloride, dextrose (tarwe), desempoeder (tarwe), moutextract (gerst), meelverbeteraar (E300).
Brood|Heidekorrel bollen bronskorn|266.0|15.0|4.7|0.8|1.05|37.0|1.0|volkoren tarwemeel, water, tarwegluten, sojagrut, vloeibare gist, 2,5% lijnzaad, 2,2% zonnebloempit, moutmeel (gerst, tarwe), 1,2% havervlok, gejodeerd zout, gedrocgd gerstemout extract, 0,6% sesamzaad, raapolie, erwteneiwit, meelverbeteraar (ascorbinezuu
Graanproducten en bindmiddelen|Van der Groot's natureel naans 2 x 130 g|306.0|8.9|6.9|0.6|0.73|50.7|7.2|Bloem [tarwebloem, calcium, ijzer, niacine, thiamine], water, raapzaadolie, suiker, yoghurtpoeder (melk), kalonij-zaden, rijsmiddelen (difosfaten, natriumcarbonaten), gist, conserveermiddelen (calciumpropionaat, kaliumsorbaat), zout, zuurteregelaar (citro
Diversen|Chocquic 500 g|379.0|5.0|3.3|1.5|0.4|79.0|75.0|Suiker, mager cacaopoeder 21%, emulgator (sojalecithine), zout, vitamines (C, B1, D), mineralen (ijzerpyrofosfaat, zinksulfaat), kaneel, natuurlijk aroma
Groente|Zilverige paddenstoelen|18.0|2.3|0.5|0.1|0.03|0.4|0.2|Waarvan toegevoegde suikers 0.00g per 100 gram en waarvan toegevoegd zout 0.00g per 100 gram
Suiker, snoep, zoet beleg en zoete sauzen|Lucee citrus dusk dark 100gram|526.0|6.7|32.0|18.0|0.09|49.0|42.0|suiker, cacaomassa, sinaasappelbereiding 7% (sinaasappel pasta 34%, suiker, appel, ananas, zuurteregelaar [citroenzuur], verdikkingsmiddel [natriumalginaat], stabilisator [calciumfosfaat], aroma), AMANDELEN 7%, cacaoboter, watervrij MELKvet, emulgator (SO
Suiker, snoep, zoet beleg en zoete sauzen|Natur 86%|585.0|10.0|50.0|30.0|0.03|16.0|12.0|"cacaomassa, suiker, cacaoboter, emulgator (sojalecithine [E322]).
cacaobestanddelen ten minste 85%.
Waarvan toegevoegde suikers 12g per 100 gram en waarvan toegevoegd zout 0g per 100 gram."
Suiker, snoep, zoet beleg en zoete sauzen|Doux d'Or veritable noir 200 g|530.0|5.1|29.5|18.5|0.01|56.0|53.5|"Suiker, cacaomassa, cacaoboter, emulgator (SOJALECITHINE), aroma, volle MELKPOEDER, Cacao: ten minste 46%.

Kan noten bevatten."
Brood|Minkra 250g zout ea|455.0|11.0|13.0|5.5|2.96|72.0|1.7|TARWEBLOEM 104 %, palmolie, zout 2,3 %, zonnebloemolie, zuurteregelaar (natriumcarbonaten), GERSTEMOUTMEEL, gist. 100 g eindproduct is bereid met 104 g tarwebloem. KAN EI EN MELK BEVATTEN..
Hartige sauzen|Bela spread & sandwich mosterd-kruiden|336.0|2.0|22.3|2.5|1.02|31.4|29.8|suiker, 29% MOSTERD (water, MOSTERDZAAD, natuurazijn, zout, kruiden en specerijen, suiker), zonnebloemolie, water, azijn, 0,44% dille, verdikkingsmiddel (xanthaangom).
Fruit|Rode Pikkelvrije Druiven||||||||
Kaas|Vurig 45+ gemalen|420.0|31.0|32.0|22.0|2.1|2.0|0.0|"melk, zout, maïszetmeel, zuursel, stremsel, conserveermiddel (natriumnitraat [E251]), kleurstof (caroteen [E160a], annatto [E160b]).
Waarvan toegevoegde suikers 0.00g per 100 gram en waarvan toegevoegd zout 2.10g per 100 gram"
Niet-alcoholische dranken|Ravendijk gember bier|44.0|0.0|0.0|0.0|0.011|10.8|10.8|koolzuurhoudend water, suiker, gember wortel, naruurlijke aroma's, voedingszuur (citroenzuur), gist, conserveermiddelen (E202, E211), antioxidant (ascorbinezuur)
Groente|wokgroente samurai shiitake bamboescheuten|30.0|1.5|0.2|0.0|0.03|4.5|2.5|"23% rode ui, 18% paksoi, 17% prei, 17% gele wortel, 17% kastanjechampignon, 8% peul.
Waarvan toegevoegde suikers 0g per 100 gram en waarvan toegevoegd zout 0g per 100 gram."
Hartig broodbeleg|Groentesmeer|252.0|2.6|19.0|1.7|1.9|16.0|14.0|42% groenten (16,5% witte kool, 13% augurk, 8,4% ui, 4% paprika), raapolie, suiker, azijn, water, melkeiwitpoeder, zout, gemodificeerd zetmeel (aardappel), mosterd (water, mosterdzaden, azijn, specerijen), voedingszuren: melkzuur, citroenzuur; verdikkings
Hartige sauzen|Kelve mayo lict&rch 450ml 6|280.0|0.5|27.0|2.3|1.4|9.1|5.5|water, raapzaadolie 25%, azijn, suiker, gemodificeerd maïszetmeel, EIGEEL 2,8% (vrije-uitloop), zout, mosterd (water, MOSTERDZAAD, azijn, zout, specerijen, natuurlijk aroma), geconcentreerd citroensap, citrusvezel, voedingszuur: melkzuur, conserveermiddel
Hartige sauzen|Rolof mayo lcht&rmg 650ml 6|280.0|0.5|27.0|2.3|1.4|9.1|5.5|water, raapzaadolie 25%, azijn, suiker, gemodificeerd maïszetmeel, EIGEEL 2,8% (vrije-uitloop), zout, mosterd (water, MOSTERDZAAD, azijn, zout, specerijen, natuurlijk aroma), geconcentreerd citroensap, citrusvezel, voedingszuur: melkzuur, conserveermiddel
Vetten en oliën|Slimmer Licht|319.0|0.0|35.0|8.5|0.01|0.8|0.0|water, plantaardige oliën en vetten (zonnebloem (30%), geheel geharde palm, palm, in wisselende verhoudingen), emulgator (E471, E476), gemodificeerd aardappelzetmeel, conserveermiddel (E200), aroma's, kleurstof (carotenen), voedingszuur (citroenzuur), vit
Suiker, snoep, zoet beleg en zoete sauzen|Harvest Joy Fruitspektakel aardbeien, perzik, bosbes 200g (10x20g)|132.0|0.5|0.5|0.1|0.07|31.0|31.0|aardbeien jam met verlaagd suikergehalte: aardbeien (45%), suiker, water,. aroniasap uit sapconcentraat, geleermiddel (pectine), voedingszuur (citroenzuur). abrikozen jam met verlaagd suikergehalte: abrikozen (45%), suiker, water, geleermiddel (pectine),
Kaas|Vintar rijp 35+ kaas sneden 180 g|312.0|32.0|20.0|14.0|1.8|0.0|0.0|Halfvolle MELK, zout, zuursel, stremsel, conserveringsmiddel: E251, kleurstof: betacaroteen
Kaas|Zilveren kaas gerijpt 48+|389.0|24.3|32.4|22.3|2.028|0.0|0.0|gepasteuriseerde MELK, zout, zuursel, dierlijk stremsel, kleurstof: carotenen.
Kaas|Jonge cheddar 48+ sneden|355.0|23.0|29.0|20.0|1.9|0.0|0.0|"melk*, zout, zuursel, stremsel.
*Van weidemelk.
Waarvan toegevoegde suikers 0g per 100 gram en waarvan toegevoegd zout 1.9g per 100 gram."
Kaas||387.0|24.4|31.7|22.0|1.9|0.0|0.0|Melk, zout, zuursel, dierlijk stremsel.
Kaas|Smeergouda puur 20+ 200g|144.0|16.971|7.199|4.988|2.0|2.799|2.799|kaas 47% (gepasteuriseerde MELK, zout, dierlijk stremsel, zuursel), water, MELKeiwitten, weipoeder (MELK), magere MELKpoeder, smeltzouten: E452, E451, E339 en E331, zout, conserveermiddel: E234.
Kaas|Salad & cooking cheese dices in salted brine authentic|162.0|17.0|10.0|6.6|2.8|0.5|0.5|verse kaas (MELK, zout, zuursel (MELK), microbieel stremsel), water, zout
Hartige sauzen|Felix tomaat-ketchup zonder suiker & zout 400ml|44.0|1.6|0.1|0.0|0.05|5.4|4.4|Tomaten (200 g per 100 g tomato ketchup), azijn, citroensap uit concentraat, kaliumchloride, voedingszuur (appelzuur), citrusvezel, specerij- en kruidextracten (bevatten SELDERIJ), zoetstof (sucralose)
Hartige sauzen|AsianBlend Soja Saus 250ml12x|227.0|3.5|0.1|0.1|8.2|53.0|48.0|Suiker, sojasaus 26,5% (water, SOJABOON, zout, TARWE, conserveermiddel E202), water, melasse, gemodificeerd maïszetmeel, zout, gebrande suikerstroop, conserveermiddel E202, aroma.
Brood|Boer & bakker knäckebröd (maanzaad)|440.0|15.0|12.0|3.5|0.88|65.0|5.5|Granen 87% (tarwebloem, havervlokken, tarwegluten, gerstebloem, volkoren havermeel, gerstemoutextract, gerstemoutmeel, gedroogd roggedesem, roggebloem, tarwemoutmeel), plantaardige oliën (palm, raap), zaden 5% (lijnzaad, geroosterd sesamzaad), gist, suike
Niet-alcoholische dranken|||||||||
Melk en melkproducten|Vetvrije zachte kwark 500g|63.0|9.0|0.5|0.2|0.11|4.8|4.8|magere kwark (MELK).
Melk en melkproducten|Melkmeisje lichte romige kwark met een tikje vanille 500 g|65.0|9.2|0.2|0.0|0.1|7.0|6.6|Magere KWARK, suiker, citroensap, maïszetmeel, natuurlijk vanillearoma, gemalen vanillestokjes
Melk en melkproducten|VanDijk kwark appel- & dragonvruchtsmaak 150 g|59.0|11.0|0.2|0.0|0.1|3.4|3.1|Magere kwark (melk) , water, kleurstof (betacaroteen), gemodificeerd maïszetmeel, natuurlijk aroma, zoetstoffen (aspartaam, acesulfaam K), zuurteregelaar (E330)
Niet-alcoholische dranken|Bunderwald gemberbier (375 gram)|44.0|0.0|0.0|0.0|0.011|10.8|10.8|Koolzuurhoudend Water, Suiker, Gemberwortel, Natuurlijke Aroma, Citroenzuur, Gist, Conserveringsmiddellen (E202, E211), Antioxidant (Ascorbinezuur)
Hartige sauzen|Hollandse majo-krème|740.0|1.7|80.0|6.8|0.6|1.3|1.2|raapzaadolie (80%), natuurazijn, SCHARRELEIGEEL (6 %), water, suiker, zout, MOSTERD (water, MOSTERDzaad, azijn, zout, suiker), conserveermiddel (kaliumsorbaat), aroma's (bevat SOJA-EIWIT en SELDERIJ), kleurstof (beta-caroteen), antioxidant (E385). E=door
Melk en melkproducten|Molkernie pro-choco boost 250ml|63.0|8.1|1.2|0.8|0.2|4.8|4.5|lactosevrije* magere MELK, MELKeiwit, smaakversterker: erytritol, 1,2% magere cacaopoeder, stabilisatoren: gellangom en carrageen, BCAA: leucinem isoleucine en valine, natuurlijk aroma, magnesiumcarbonaat, zoetstof: steviolglycosiden, zinksulfaat, vitamin
Graanproducten en bindmiddelen|Goedemorgen Crunchy Muesli Hazelnuts & Almonds|431.0|10.0|15.0|1.8|0.18|58.0|6.6|volkoren HAVERVLOKKEN, volkoren TARWEVLOKKEN, maïsvlokken (maïs, zout, GERSTEMOUT), dadelpuree, plantaardige vezels, volkoren TARWEMEEL, gepofte granen (maïs, rijst, volkoren meel (TARWE, ROGGE, GERST), magere cacaopoeder, zout), plantaardige olie (zonneb
Noten en zaden|Regal Blend|674.0|21.2|61.8|6.2|0.0|4.4|3.6|43% amandelen, 35% hazelnoten, 15% walnoten, 5% paranoten, koolzaadolie.
Graanproducten en bindmiddelen|Italia'plus mini fusilli volkoren 350 g|352.0|13.0|3.3|0.6|0.01|63.0|4.7|100% volkoren durum tarwegries
Hartig broodbeleg|Nutra Noot pindakaas delight 350 gr|651.0|20.0|55.0|7.5|0.55|15.0|10.0|PINDA 81%, plantaardige olie (raapzaad, soja, volledig geharde palm¹), dextrose, zout.¹ Palmolie op duurzame wijze geteeld.
Hartig broodbeleg|100% notenkaas|601.0|27.0|48.0|5.9|0.01|12.0|5.7|Pinda 100%
Hartig broodbeleg|Calvoe notenkaas jar 1000 g|664.0|21.0|58.0|8.5|0.55|11.0|6.4|Pinda 85%, plantaardige olie (raapzaad, soja, volledig geharde palm), zout
Hartig broodbeleg|Notenboter|637.0|24.5|52.2|7.8|0.55|14.3|8.4|81% geroosterde pinda's, zonnebloemolie, dextrose, palmvet (geheel gehard), zout. Kan sporen van noten bevatten.
Hartig broodbeleg|Hazelnootpasta 350g|643.0|22.6|55.2|10.2|0.6|10.2|4.9|"PINDA 85,5%, zonnebloemolie, geheel gehard palmvet, zout.

Kan bevatten: noten."
Vleesvervangers en zuivelvervangers|Plantaardige zuivelvervanger koyoogurt|140.0|1.5|17.0|14.0|0.03|2.5|2.5|97% kokosmelk, tapiocazetmeel, yoghurtcultuur.
Melk en melkproducten|Zuivervoor krachtig eiwit dessert cacao vrij van lactose 200 g|82.0|11.0|1.6|1.0|0.2|6.6|4.7|MELK, MELKeiwit, zoetstoffen: erytritol en steviolglycosiden, 1,8% magere cacaopoeder, stabilisatoren: carrageen en guargom, BCAA: leucine, isoleucine en valine, natuurlijk aroma , magnesiumcarbonaat, zinksulfaat, vitamine D3
Hartig broodbeleg|Krauterijsalade met venkel|237.0|8.2|20.7|2.7|1.35|4.0|2.3|63% gekookt ei, koolzaadolie, water, suiker, eigeel*, natuurazijn, zout, voedingszuren: citroenzuur, melkzuur; 0,5% bieslook, gemodificeerd zetmeel (mais), zuurteregelaars: natriumacetaten, natriumlactaat; specerijen (mosterd, selderij), conserveermiddele
Hartige sauzen|Konitrex sambal zoet 200 g|189.0|2.6|3.4|1.3|8.3|35.0|27.0|Sambal Oelek 38% (chilipeper¹ 89%, zout, voedingszuur E270, conserveermiddel E202), suiker, ui 10,8%, melasse, water, zout, plantaardige olie (zonnebloem, palm), azijn, garnalenpoeder, aroma (bevat tarwe), conserveermiddel E202, ¹ op duurzame wijze geteel
Niet-alcoholische dranken||47.0|0.3|0.0|0.0|0.004|10.7|10.5|Vruchtensap uit concentraat (appel, sinaasappel 38%, mango 10%, witte druif, citroen)
Gebak en koek||563.0|3.7|35.0|25.0|0.33|58.0|38.0|suiker, plantaardige olie (palm, zonnebloem, kokos), tarwebloem, zetmeel (maïs, tarwe), mageremelkpoeder, emulgator (lecithinen [E322 (soja)]), natuurlijk vanillearoma, zout, glucosestroop, kleurstof (annatto bixine [E160b(i)], caroteen [E160a]), kleurend
Niet-alcoholische dranken|Brewwick herfstgloed||||||||thee, kaneel (10%), aroma's, stukjes appel (1%).
Niet-alcoholische dranken|Pickwick bliss of brew fiery chai||||||||rooibos (55%), kaneel (10%), gember (8%), kardemom (5%), chicorei, kruidnagel (5%), aroma's, zwarte thee, anijszaad (3%), zwarte peper (1%).
Groente|Knabbelpommetjes||||||||
Vleesvervangers en zuivelvervangers|Petit filet à la hollandaise|212.0|11.2|13.5|1.8|1.6|11.0|3.5|water, 13% plantaardig eiwit  (TARWE, aardappel), zonnebloemolie, ui, tomatenpuree, zetmeel (o.a. TARWE), dextrose, kruiden en specerijen, knoflook, natuurazijn, MOSTERDZAAD, specerijenextract, HAVERVEZELS, gekarameliseerde suiker, citroensap, glucosestro
Melk en melkproducten|Landsvleid chocolade-vanilla melkvla 1 l|95.0|2.9|2.9|2.0|0.11|14.2|10.3|MELK , vloeibare MELKbestanddelen, suiker, gemodificeerd tapiocazetmeel, maiszetmeel, 0,6% magere cacao, verdikkingsmiddel: carrageen, zout, natuurlijk aroma, kleurstoffen: annatto norbixine en curcumine, calciumcarbonaat
Gebak en koek|Zandkoekwafels|450.0|3.5|21.0|12.0|0.6|60.0|31.0|tarwebloem, 29% glucose-fructosestroop, 14% roomboter, suiker, palmvet, 4,5% suikerstroop, tarwevezel, sojabloem, raapolie, zout, emulgator (sojalecithine [E322], mono- en diglyceriden van vetzuren [E471]), rijsmiddel (natriumcarbonaat [E500]), kaneel, Bo
Vlees en gevogelte|Feinox rw 375g stamper burst.|296.0|14.0|27.0|11.0|2.0|0.5|0.0|Varkensvlees 92%, water, zout, rundercollageen, mineraalzout (kalium), voedingszuur: citroenzuur, rookaroma, stabilisator (E451, E452), antioxidant (ascorbinezuur, rozemarijnextract), dextrose, aroma, specerij-extracten (nootmuskaat, zwarte peper, chilipe
Melk en melkproducten|Holanda magere yoghurt 0% vet familypack 1,5 l|39.0|4.7|0.0|0.0|0.14|4.0|4.0|
Graanproducten en bindmiddelen|Rondella wraps naturel|316.0|9.3|7.0|1.3|1.0|52.4|2.1|65% tarwebloem, water, koolzaadolie, stabilisatoren: glycerol, natriumcarboxymethylecelluslose; rijsmiddelen: natriumcarbonaten, difosfaten; voedingszuur: appelzuur; emulgator: mono- en diglyceriden van vetzuren: conserveermiddelen: calciumpropionaat.
Melk en melkproducten|Gemiddelde romige yoghurt 1000ml|56.0|4.6|1.6|1.11|0.155|4.7|4.7|halfvolle yoghurt (MELK).
Melk en melkproducten|Lichte yoghurt|37.0|5.0|0.0|0.0|0.13|4.2|4.2|magere yoghurt (bevat melk), melkeiwitten
Melk en melkproducten|Lichte zuivel 1l|42.0|4.6|0.1|0.05|0.16|4.9|4.9|magere yoghurt (MELK), MELKeiwitten 0,3%.
Vis, schaal- en schelpdieren|Gerookte forel 200 g|182.0|21.0|10.5|2.4|2.1|0.6|0.2|Atlantische zalm (vis), zout, conserveermiddel E325, suiker, rook, Atlantische zalm (Salmo salar), gekweekt in Noorwegen.
Aardappelen en knolgewassen|Brouwkaardappelen stevig|81.0|2.1|0.2|0.05|0.021|16.5|0.3|voorgekookte aardappelen
Aardappelen en knolgewassen|Zonpeerlingen|79.0|2.0|0.0|0.0|0.0|17.0|9.5|
Fruit|Perenzoet|52.0|0.3|0.0|0.0|0.0|12.0|12.0|100% Appelpuree.
Fruit|Perenmoes 0%|51.0|0.3|0.4|0.2|0.03|11.0|9.5|Appel, antioxidant: ascorbinezuur, citroenconcentraat
Fruit|FrisFruit Appelcompote Zonder Suiker & Kaneel 190 g|47.0|0.3|0.2|0.0|0.01|10.0|9.5|Appel (99,7%), kaneel (0,2%), citroensapconcentraat, antioxidant (ascorbinezuur)
Fruit|Guacamole Feast Organic Delight Krat 20 stuks (5000 gram)|199.0|1.9|19.5|2.2|0.0|1.8|1.8|avocado
Fruit|Avocado Pure RTE ECO||||||||
Diversen|Zonazijn|13.0|0.1|0.0|0.0|0.01|0.1|0.1|Natuurazijn
Diversen|AH Toscaanse witte wijn azijn|80.0|1.0|0.0|0.0|0.0|14.0|12.0|Witte wijnazijn *(sulfiet), druivenmost *(sulfiet), antioxidant [E224 *(sulfiet)] Allergie-informatie: bevat sulfiet.
Diversen|DH Natuurlijkazijn helder|13.0|0.1|0.0|0.0|0.0|0.1|0.1|Waarvan toegevoegde suikers 0.0g per 100 milliliter en waarvan toegevoegd zout 0.0g per 100 milliliter
Diversen|EcoPure Azijn Krachtig 6 maanden gerijpt|1.0|0.1|0.0|0.0|0.0|0.1|0.1|Waarvan toegevoegde suikers 0.00g per 100 milliliter en waarvan toegevoegd zout 0.00g per 100 milliliter
Diversen|VH Rubijnazijn|22.0|0.0|0.0|0.0|0.0|1.1|0.0|rode wijnazijn (sulfiet), conserveermiddel (kaliumdisulfiet [E224]). Waarvan toegevoegde suikers 0.00g per 100 milliliter en waarvan toegevoegd zout 0.00g per 100 milliliter
Melk en melkproducten|Azure Blend Cuisine 15% Fat 1L|168.0|2.5|15.0|8.9|0.15|5.3|3.6|KARNEMELK (70%), palmolie (15%), water, gemodificeerd aardappelzetmeel, emulgator (E435), verdikkingsmiddelen (E461, E415), zuurteregelaar (E331)
Vleeswaren|AH Crispy Lardonettes|249.0|21.0|18.0|7.2|2.2|0.8|0.8|96% varkensvlees, voedingszuur (kaliumlactaat [E326], natriumcitraat [E331]), zout, dextrose, suiker, gistextract, stabilisator (difosfaat [E450]), antioxidant (natriumascorbaat [E301]), glucosestroop, conserveermiddel (natriumnitriet [E250]), zuurteregel
Vleesvervangers en zuivelvervangers|veggie rondeballetjes|111.0|11.5|3.6|0.6|1.1|5.5|1.9|77% Gerehydrateerd eiwit (SOJA, TARWE), ui, verdikkingsmiddel: E407/E461, zonnebloemolie, specerijen, TARWEVEZEL, natuurlijk aroma, zout, gistextract, zuurteregelaar: citroenzuur, GERSTEMOUTEXTRACT, azijn, kruiden, ijzer, zink, vitamine B12. Dit product k
Hartige snacks en zoutjes|Bamischotel 5st/100g|192.0|4.9|4.6|2.0|1.6|32.0|3.6|water, paneermeel (TARWEbloem, zout, gist, kleurstof: annatto), TARWEbloem, palmolie, bamimix (suiker, zout, ui, knoflook, paprika, specerijen [koriander, kurkuma, witte peper, gember, komijn, fenegriek, foelie, SELDERIJzaad, karwijzaad, chilipeper, MOSTE
Vetten en oliën|Smeerbare mix zout 225g|588.0|0.3|65.0|27.4|0.9|0.4|0.4|boter (MELK), raapzaadolie, water, zuursel, zout 0,9%.
Brood|Buitenlander grof tarwe OG|227.0|10.4|2.16|0.475|0.87|37.85|1.53|VOLKORENTARWEMEEL, water, geplette TARWE, bakkersgist, TARWEZUURDESEM, TARWEGLUTEN, HAVERVLOKKEN, bakkerszout, GERSTEMOUTMEEL, TARWEZETMEEL, plantaardige oliën (raapzaad, palm, koolzaad), dextrose, emulgatoren (plantaardig): E471/E472e, TARWEMOUTMEEL, mee
Hartige snacks en zoutjes|Kaasflapje duo|335.0|9.6|23.0|16.0|1.5|21.0|1.1|water, MELK, TARWEbloem, roomboter(MELK), Kleurstof(E160a, E160b), aardappelzetmeel (gemodificeerd), EI, Conserveermiddel(E251), stremsel, zuursel, zout, Plantaardig Vet(palm), Plantaardige Olie(zonnebloem), EIpoeder, glucosestroop, glucosestroop (gedroog
Gebak en koek|De Bakkerij Kaneelrolletjes|414.0|4.5|29.0|12.0|0.45|33.0|13.0|plantaardige olie (palm, raap, kokos), tarwebloem, water, suiker, vrije-uitloopei, bakkersgist, tarwegluten, 0,8% kaneel, gemodificeerd aardappelzetmeel, vegetarisch weipoeder, gejodeerd zout, emulgator (mono- en diglyceriden van vetzuren [E471], mono- en
Gebak en koek|Zeldzame bolus|272.0|5.8|2.5|1.3|0.1|56.0|28.0|TARWEbloem, water, suiker, bakkersgist, vegetarisch WEIpoeder, dextrose, ROOMBOTER, TARWEGLUTEN, plantaardige olie (palm, raap), suikerstroop, emulgator (mono- en diglyceriden van vetzuren [E471], calciumstearoyl-2-lactylaat [E482]), kaneel, SOJAbloem, ma
Gebak en koek|Lente koffiebroodje a 5|223.28|6.288|2.211|1.187|1.007|43.309|7.65|tarwebloem [TARWEbloem, alfa-amylase (TARWE), meelverbeteraar (E300)], water, Gele room (14%) [water], abrikoos, TARWEbloem, gist, rietsuiker, Gele room [suiker, gemodificeerd zetmeel (E1414), karneMELK, weipoeder (MELK), plantaardige olie (raapzaad), pla
Samengestelde gerechten|Vleeskrokantje|292.0|6.3|18.0|9.1|1.0|25.8|4.9|37% frikandel (54% Kip separatorvlees, water, 15% varkensspek, paneermeel ((TARWEbloem, gist, zout)), ui, zout, smaakversterker: E621, kruiden en specerijen, antioxidanten: E330, E316, aroma (TARWE)), TARWEbloem, margarine (plantaardig vet (palm), water,
Hartige snacks en zoutjes|Krokantbroodje 150g|312.0|5.956|18.731|8.9|1.205|29.22|1.029|TARWEbloem, water, margarine (palmvet, water, kokosvet, raapzaadolie, zout, voedingszuur: citroenzuur, emulgator: E471, kleurstof: carotenen), rundvlees 5%, plantaardige olie (palm, zonnebloem, SOJA), mosterd (water, MOSTERDzaad, natuurazijn, zout, aroma)
Diversen|VanDermeer choco mix|366.0|20.0|21.0|13.0|0.08|8.8|0.5|cacaopoeder, zuurteregelaars (kaliumhydroxide, kaliumcarbonaat).
Diversen|Chocaya pure white, sachets 25g (2500 gram)|475.0|9.6|19.5|14.2|0.8|64.4|62.6|suiker, zoete WEIpoeder, magere MELKpoeder, cacaoboter 11%, volle MELKpoeder, volledig gehard kokosvet, LACTOSE, glucosestroop, MELKEIWIT, verdikkingsmiddel E466, antiklontermiddel E341, antiklontermiddel E551, aroma, stabilisator E451, emulgator E471
Diversen|Warm chocomix|397.0|8.031|5.702|4.824|1.375|76.615|72.484|49% suiker, weipoeder (MELK), 9% magere MELKPOEDER, 9% magere cacaopoeder*, kokosolie, maltodextrine, zout, verdikkingsmiddel: xanthaangom, stabilisator: kaliumfosfaten, natuurlijk aroma. *Rainforest Alliance gecertificeerd. Lees meer op www.ra.org. Dit p
Diversen|Creamy Galaxy warme cacaomelk|407.0|5.2|10.0|8.7|1.4|72.0|64.0|Ingrediënten: suiker, weipermeaat (van melk), magere cacao poeder, kokosolie, gedroogde glucose siroop, magere melkpoeder, melkchocolade (3.4%) (suiker, cacaoboter, magere melkpoeder, cacaomassa, lactose en eiwit van wei (van melk), palmvet, weipoeder (va
Hartige snacks en zoutjes|Heerlijke®Crunch zeezout golf 190 gr|480.0|7.5|24.5|4.4|1.0|54.9|0.6|aardappelen, high oleic zonnebloemolie, zeezout
Hartige snacks en zoutjes|Aarde Azure|441.0|5.0|19.1|2.2|0.82|59.0|12.0|Blauwe aardappelen 78%, plantaardige olie (zonnebloemolie), zeezout.
Suiker, snoep, zoet beleg en zoete sauzen|P&P's Hazel|515.0|9.9|26.0|11.0|0.09|59.0|53.0|suiker, PINDA'S, cacaomassa, VOLLEMELKPOEDER, cacaoboter, zetmeel, palmvet, glucosestroop, MAGEREMELKPOEDER, emulgator (SOJALECITHINE), LACTOSE, stabilisator (Arabische gom), sheavet, botervet (van MELK), dextrine, kleurstoffen (E100, E120, E133, E160a, E
Suiker, snoep, zoet beleg en zoete sauzen|G&G's hazelnoot|516.0|10.0|26.0|11.0|0.1|58.0|53.0|suiker, PINDA'S, cacaomassa, VOLLEMELKPOEDER, cacaoboter, zetmeel, palmvet, glucosesiroop, MAGEREMELKPOEDER, emulgator (SOJALECITHINE), LACTOSE, stabilisator (Arabische gom), sheavet, botervet (van MELK), dextrine, glansmiddel (carnaubawas), kleurstoffen
Suiker, snoep, zoet beleg en zoete sauzen|N&N's CASHEW|516.0|10.0|26.0|11.0|0.1|58.0|53.0|suiker, PINDA'S, cacaomassa, VOLLEMELKPOEDER, cacaoboter, zetmeel, palmvet, glucosesiroop, MAGEREMELKPOEDER, emulgator (SOJALECITHINE), LACTOSE, stabilisator (Arabische gom), sheavet, botervet (van MELK), dextrine, glansmiddel (carnaubawas), kleurstoffen
Suiker, snoep, zoet beleg en zoete sauzen|N&N'S Galaxy Almond Oasis 5 kg|512.0|9.8|26.0|10.0|0.09|59.0|54.0|Suiker, pinda's, cacaomassa, magere melkpoeder, lactose en melkeiwitten, cacaoboter, palmvet, botervet (van melk), zetmeel, glucosesiroop, sheavet, lactose, emulgator (sojalecithine), stabilisator (arabische gom), kleurstoffen (E133, E171, E172), dextrine
Brood|VanHouten salade croutons Riviera (250 gram)|503.0|9.7|22.2|10.2|2.7|64.8|3.1|TARWEBLOEM, palmolie , suiker, beschuit (VERRIJKT TARWEBLOEM (TARWEBLOEM, calciumcarbonaat, ijzer, thiamine, niacine), zout, rijsmiddel: E503), VERRIJKT TARWEBLOEM (TARWEBLOEM, calciumcarbonaat, ijzer, thiamine, niacine), zout, gist, kruiden , knoflookpoe
Brood|Voder NATUUR Crumble 580 GR|459.0|9.0|15.0|6.2|1.0|72.0|0.5|Brood (TARWEBLOEM, raapzaadolie, zout, gistextract), palmvet, antioxidant (rozemarijnextract). Kan melk, ei, selderij en mosterd bevatten.
Hartige sauzen|Delicia Salade Slanke Yoghurt Dressing|288.0|1.4|26.0|1.9|1.5|12.0|9.2|magere YOGHURT 25%, raapolie 25%, azijn, water, suiker, groenten,(ui en paprika,), gemodificeerd maiszetmeel, vrije uitloop EI en vrije uitloop EIGEEL bieslook, citroensap, zout, Dijon MOSTERD (water, MOSTERDZADEN, azijn, zout), verdikkingsmiddel: guarpit
Vleesvervangers en zuivelvervangers|AlmondVista Beverage 1000g Unsweetened|24.0|0.5|1.3|0.1|0.14|0.5|0.5|amandeldrink 95% (water, AMANDEL 2,7%), inuline, emulgator (zonnebloemlecithine), stabilisator (gellangom), zeezout, natuurlijke aroma's. Kan sporen van andere NOTEN bevatten.
Fruit|Benoit's bramen||||||||
Niet-alcoholische dranken|Tropa Zero Exotica 0.375L|3.0|0.0|0.0|0.0|0.0|0.5|0.5|Sprankelend water, vruchtensap uit concentraat 4.4% (sinaasappel 3.4%, perzik 0.5%, appel 0.4%, passievrucht 0.1%), voedingszuren: citroenzuur, appelzuur, conserveermiddel: kaliumsorbaat, wortel- en saffloerconcentraat, zoetstoffen: acesulfame-K, aspartaa
Niet-alcoholische dranken|DIAMOND FRESH CITRUS GLOW 50 CL|1.0|0.0|0.0|0.0|0.02|0.0|0.0|bronwater, koolzuur, voedingszuur (citroenzuur), zuurteregelaar (natriumcitraat), natuurlijk aroma, zoetstoffen (sucralose, acesulfaam K), citroensap uit concentraat (0,01%).
Niet-alcoholische dranken|Garna Twingled|22.0|0.0|0.0|0.0|0.0|4.9|4.9|Bruiswater, suiker, citroensap (van concentraat), munt, gember, natuurlijke smaakstoffen, stabilisator (natuurlijke acacia gom), zoetstof (sucralose 0.007%)
Niet-alcoholische dranken|Nexikon Fizzy Grape 330 ml|22.0|0.5|0.0|0.0|0.01|4.9|4.9|Koolzuurhoudend water, suiker, guavesap uit concentraat (4%), voedingszuur (appelzuur), aroma's, stabilisatoren (gellangom, pectine), zoetstof (sucralose), conserveermiddel (natriumbenzoaat), kleurstof (lycopeen).
Hartige snacks en zoutjes|KRISP'S KRULLEN PAPRIKA SMAAK 30GR|460.0|4.0|19.0|1.6|2.2|67.0|2.0|aardappelzetmeel, aardappelpoeder, zonnebloemolie, rijstebloem, paprikasmaak [aroma (bevat uipoeder, paprikapoeder), suiker, smaakversterkers (mononatriumglutamaat, dinatriumguanylaat, dinatriuminosinaat), specerijen, eiwit hydrolysaat (van SOJA), voeding
Fruit|ZonNatuurlijk Fruit & Veggie Mango-Wortel-Sinaasappel|56.0|0.7|0.5|0.5|0.1|11.0|10.3|mango* 28%, wortel* 28%, appel* 28%, banaan* 14%, geconcentreerd sinaasappelsap* 2%.*ingrediënt van biologische teelt.
Fruit|Fruitknijper appel-banaan|66.0|0.5|0.1|0.1|0.0|15.0|13.0|fruitpuree (65% appel*, 35% banaan*), citroensap*. EU/niet-EU Landbouw *Van biologische oorsprong.
Vleesvervangers en zuivelvervangers|groente rulstukken|278.0|18.1|20.4|2.3|0.81|4.4|0.5|Water, 21% plantaardige eiwitten (tuinboon, erwt, TARWE), 17% plantaardige oliën (koolzaad, kokos), conserveermiddel: E261, zetmeel (aardappel, TARWE), stabilisator: E461, natuurlijk ui-aroma, natuurlijk knoflookaroma, zwarte peper, kleurstof: E162, GERST
Vleesvervangers en zuivelvervangers|Heerlijk plantaardig gehakt 300g|229.0|19.6|12.9|8.2|1.393|7.3|2.0|gerehydrateerde plantaardige eiwitten 44,4% (TARWEgluten 12,6%, SOJA 4,8%), water, SOJAbloem, kokosvet, zonnebloemolie, tomatenketchup (tomatenpuree, water, suiker, azijn, zout, gemodificeerd maïszetmeel, specerijen [knoflook, paprikapoeder, chilipeper, k
Kaas|Gematerde kaasbrok 44+, 3x 2.5kg (2500 gram)|324.0|12.3|25.0|13.7|1.8|12.3|0.5|gepasteuriseerde koeMELK, water, gemodificeerd aardappelzetmeel, palmolie, anti klontermiddel: aardappelzetmeel, zout, stabilisator E460, magere MELKPOEDER, zuurteregelaar E330, microbieel stremsel, zuursel, kleurstof E160a
Brood|AH Brood schaduw zadenmix kwart|220.0|5.5|5.5|0.9|0.9|31.0|3.0|water, zetmeel (tapioca, aardappel), kikkererwtenmeel, voedingsvezel (psyllium, inuline), rijstebloem, 3,5% pompoenpit, 2,6% zonnebloempit, 1,7% lijnzaad, suiker, bakkersgist, verdikkingsmiddel (cellulosegom [E466]), gejodeerd zout, raapolie, appelextract
Brood|Donkerbrood zonder gluten|285.0|4.69|7.7|0.7|1.14|45.4|5.1|Maïszetmeel, rijstmeel, canola plantaardig vet, suiker, gist, maissiroop, maïsmeel, aardappelzetmeel, zonnebloempitten, SOJA-EIwit isolaat, pompoenpitten, zout, bevochtigingsmiddel: sorbitol; gemalen vlas, kleurstof: natuurlijke caramel; rijstzetmeel, aar
Brood|Hertbruine Vrije Brood Glutenvrij en Lactosevrij|228.0|3.4|8.8|0.5|1.32|33.6|3.5|water, zetmelen (aardappel, tapioca, maïs), zuurdesem (maïszetmeel, gierstmeel), koolzaadolie, plantaardige vezels (aardappel, psyllium), EIwit, rijstzemelen, suiker, verdikkingsmiddelen (xanthaangom, carboxymethylcellulose), gist, rietmelasse, zout, gier
Brood|Glutenvrij oergranen-brood. Exquise gemaakt voor personen met een glutenallergie.|257.0|4.6|7.7|0.9|1.0|37.0|2.9|Water, maïszetmeel, zuurdesem 14% (rijstmeel, water), rijstmeel, lijnzaad 5,5%, zonnebloempitten 5,5%, plantaardige vezels (psyllium), volkoren rijstmeel 3,2%, gist, quinoameel 2,5%, Zonnebloemolie, sorghummeel 2,2%, verdikkingsmiddel: hydroxypropylmethyl
Brood|Joyful Bakers Glutenvrij Zilverbrood|218.0|0.29|4.81|0.61|0.95|42.32|3.78|water, TARWEzetmeel (glutenvrij), maiszetmeel, Plantaardige Olie(zonnebloem), dextrose, suiker, vlozaadvezel, gist, inuline, bakkerszout, verdikkingsmiddel(E412), natuurazijn, invertsuikerstroop, antiklontermiddel(E535), E422, enzymen, kaliumjodide, stabi
Vis, schaal- en schelpdieren|Vandervoort Zoute Haring|147.0|16.0|12.0|3.0|1.2|0.5|0.25|HARING (45% VIS), water, azijn, uien, zout, natuurlijk aroma, zoetstof: natriumsacharine.
Vleesvervangers en zuivelvervangers|Sunny Norseman's haver proteïne shake vanille|80.0|6.0|1.6|0.1|0.08|10.0|6.6|Haverdrank (water, glutenvrije haver 8%, raapzaadolie, zout), bonenproteine, suiker, zuurteregelaar (dikaliumfosfaat), vanille (0,14%), stabilisator (gellangom), natuurlijke aroma's, vitamines (riboflavine, foliumzuur, B12, D2)
Vleesvervangers en zuivelvervangers|Happy Norseman's Havermelk proteïnedrank cacao 330 milliliter|80.0|6.1|1.6|0.1|0.08|10.0|6.6|HAVERdrank (water, glutenvrije HAVER 8% (Finland), raapzaadolie, zout), bonenproteïne, suiker, MAGERE CACAO (0,7%), zuurteregelaar (dikaliumfosfaat), chocolade (0,01%), stabilisator (gellangom), natuurlijke aroma's, vitamines (riboflavine, foliumzuur, B12
Niet-alcoholische dranken|FROST Tea citrus|18.0|0.0|0.0|0.0|0.02|4.4|4.4|water, suiker, fructosestroop, voedingszuur (citroenzuur), zwarte thee-extract (0,12%), aroma, geconcentreerd citroensap (0,1%'), zuurteregelaar (natriumcitraten), antioxidant (ascorbinezuur).
Niet-alcoholische dranken|Zomerthee limoen|14.0|0.01|0.0|0.0|0.108|3.3|3.3|Water, suiker, voedingszuur: citroenzuur, 0,24% thee-extract, zuurteregelaar: E331, aroma, zoetstof: E950/E951*/E952, antioxidant: ascorbinezuur, 0,01% citroensap uit concentraat. * bevat aspartaam (een bron van fenylalanine)
Niet-alcoholische dranken|Frostee Extra Sprankelend|16.0|0.03|0.0|0.0|0.07|3.8|3.6|Koolzuurhoudend water, fructosestroop, voedingszuur: citroenzuur, 0,17% thee-extract, aroma's, 0,1% citroensap uit concentraat, zuurteregelaar: E331, conserveermiddel: E202/E242, antioxidant: E300, zoetstof: steviolglycosiden.
Niet-alcoholische dranken|I'm ice tea super chilled zesty british morning 450 ml|14.0|0.0|0.0|0.0|0.01|3.4|3.3|English breakfast thee (93,5%), honing (4%), citroensap (1,5%), gembersap (1%)
Niet-alcoholische dranken|Fresco Herbal Chill Citrus Mint 1,5 L|19.0|0.5|0.5|0.1|0.02|4.7|4.5|Water, suiker, groene thee-extract¿¹¿ (0,13%), voedingszuur (citroenzuur), limoensap uit geconcentreerd sap (0,1%), aroma's, zuurteregelaar (trinatriumcitraat), antioxidant (ascorbinezuur), muntextract (0,01%), zoetstof (steviolglycosiden), ¿¹¿Rainforest
Niet-alcoholische dranken|Krypton LEAF_PEAR Ice Brew 1000 ML|15.0|0.5|0.5|0.1|0.03|3.6|3.5|
Niet-alcoholische dranken|SAPTON BLOSSOM APRICOT NECTAR Ice Tea 1000 ML|17.0|0.5|0.5|0.1|0.01|4.0|3.9|Water, suiker, honing,(0,6%) zwarte thee-extraxt,(1) (0,14%), voedingszuren,( citroenzuur,appelzuur) , natuurlijke aromas ,antioxidant (ascorbinezuur).
Niet-alcoholische dranken|Winky Cool Tea Lime Fresh 1 L|19.0|0.0|0.0|0.0|0.04|4.5|4.5|Water, suiker, fructosestroop , 0,5% citroensap uit concentraat, voedingszuur (citroenzuur), natuurlijk citrusaroma, zuurteregelaar (natriumcitraten), 0,07% groenethee-extract, natuurlijk citroen-limoenaroma, vitamine C, zoetstof (steviolglycosiden)
Niet-alcoholische dranken|Frosty tea nul suiker met bubbels 1,5l|2.0|0.04|0.0|0.0|0.08|0.1|0.0|Koolzuurhoudend water, voedingszuur: citroenzuur, thee-extract 0,2%, zuurteregelaar: E331, aroma's, citroensap uit geconcentreerd sap 0,1%, conserveermiddelen: E202 en E242, antioxidant: E300, zoetstoffen: E955 en E950.
Niet-alcoholische dranken|TIPTON FREEZE Tea 340 ML|4.0|0.5|0.5|0.1|0.12|0.5|0.5|Koolzuurhoudend water, thee-extract (0,32%), voedingszuur (citroenzuur), zuurteregelaar (trinatriumcitraat), citroensap uit geconcentreerd sap (0,1%), aromas, antioxidant (ascorbinezuur), zoetstoffen (sucralose, acesulfaam-K).
Kaas|Gelderscharm 45+ kaas|358.0|28.0|27.5|18.5|1.4|0.01|0.01|Gepasteuriseerde KOEMELK, zout, zuursel, vegetarisch stremsel.
Kaas|Zuidlander gatenkaas 45+ blok|355.0|26.8|27.5|18.7|1.21|0.1|0.1|Gepasteuriseerde KOEMELK, zout, zuursel, vegetarisch stremsel.
Kaas||409.0|29.5|32.3|21.9|1.9|0.1|0.1|Gepasteuriseerde koemelk, zout, zuursel, dierlijk stremsel, conserveermiddel (E251)
Kaas|Zeet - gorgonblauw|317.0|19.0|26.4|18.0|1.91|0.83|0.1|gepasteuriseerde koeMELK, zuursel, zout, dierlijk stremsel, blauwschimmelcultuur. Dit product kan sporen van NOTEN bevatten.
Kaas|Goudkaas d'Amber|345.0|19.6|29.1|20.4|2.5|0.9|0.1|Gepasteuriseerde KOEMELK, zout, zuursel, dierlijk stremsel, blauwschimmelcultuur.
Kaas|VVQ Bluza|345.0|19.63|29.13|20.41|2.5|0.94|0.1|Gepasteuriseerde KOEMELK, zout, zuursel, dierlijk stremsel, blauwschimmelcultuur.
Kaas|Camperbien 46+|254.0|18.0|20.0|13.0|1.4|0.5|0.5|melk, zout, zuursel, stremsel, schimmelcultuur.
Kaas|Monk Vincent 45+|298.0|21.8|23.0|15.9|1.8|1.0|1.0|Gepasteuriseerde KOEMELK, zout, zuursel, microbieel stremsel.
Suiker, snoep, zoet beleg en zoete sauzen|Frutellino mini mix|388.0|0.0|2.7|2.6|0.06|90.0|71.0|Ingrediënten Mini Mentos: suiker, glucosestroop, vruchtensappen (aardbei, appel, sinaasappel, citroen) (2%), kokosolie, voedingszuur (citroenzuur), zetmeel, maltodextrine, aroma's, cacaoboter, verdikkingsmiddelen (gellangom, cellulosegom, arabische gom),
Suiker, snoep, zoet beleg en zoete sauzen|FruityBliss Blend|400.0|0.8|6.8|6.3|0.03|83.0|54.0|Mini (Gesorteerde fruibonbons in de smaken aardbei, sinaasappel en citroen.):, glucosestroop, suiker, kokosolie, vruchtensappen (sinaasappel, citroen, aardbei) (3%), voedingszuren (citroenzuur, appelzuur), gelatine, cacaoboter, bevochtigingsmiddel (glycer
Suiker, snoep, zoet beleg en zoete sauzen|Berritella sweet-free berry chews 90g|210.0|8.2|0.2|0.2|0.02|73.0|0.0|Zoetstoffen (maltitolstroop, steviolglycosiden), gelatine, voedingszuren (melkzuur, citroenzuur), vruchtensappen (appel, zwarte bes, kers, framboos, aardbei, sinaasappel, abrikoos, ananas, passievrucht, citroen, grapefruit, banaan, perzik, druif, peer) (1
Suiker, snoep, zoet beleg en zoete sauzen|Snoepkoning Zure Citroensprankels|332.0|0.0|0.0|0.0|0.2|83.0|74.0|suiker, glucosestroop, gombasis (bevat SOJALECITHINE), aroma's, voedingszuur appelzuur, bevochtigingsmiddel glycerol E422, glansmiddelen: bijenwas en carnaubawas, plantaardige olie (palm, kokos), kleurstof curcumine.
Suiker, snoep, zoet beleg en zoete sauzen|Boba burger blaasgum|320.0|0.0|0.1|0.0|0.2|80.0|70.0|suiker, glucosestroop, gombasis, smaakstoffen, voedingszuur E270, E296, bevochtigingsmiddel E422, zuurteregelaar E325, glansmiddelen (E901, E903), plantaardige olie,kleurstoffen E120, E160c, E171.Kan soja bevatten.
Suiker, snoep, zoet beleg en zoete sauzen|Bobby Keg Bubble Burst|358.0|7.0|0.0|0.0|0.018|83.0|82.6|suiker, gombasis, dextrose, glucosesiroop, voedingszuur: E296, E330, aromas, maiszetmeel, emulgator: lecithine (E322), kleurstof: E163, bevochtigingsmiddel: E422, antioxidant: E321. Ingredienten: suiker, gombasis, dextrose, glucosesiroop, voedingszuur: E2
Suiker, snoep, zoet beleg en zoete sauzen|Chutti Bubble Fun Trolly 35 g|258.0|0.0|0.0|0.0|0.0|66.0|53.0|glucose-fructosestroop, poedersuiker, gombasis, stabilisatoren (sorbitol, glycerol), TARWEzetmeel, aroma, emulgator (SOJAlecithine), verdikkingsmiddel (guar gom), kleurstof (E120), antioxidant (BHA).
Vleeswaren|Kalkoenkruidenfilet|100.0|21.0|1.5|0.5|2.5|1.0|1.0|95% kalkoenvlees, zout, dextrose, specerijen, zuurteregelaar (E325, E331), stabilisator (E407), aroma, antioxidant (E301), conserveermiddel (E250).
Vleeswaren|Blok1* kalkoenfilet 130g zav|106.0|21.0|2.2|0.7|2.0|0.5|0.5|kalkoenvlees 90%, water, antioxidanten: E325, E326 en E301, zout, dextrose, conserveermiddelen: E261 en E250, stabilisatoren: E407 en E450, aroma.
Vleeswaren|Kipfloret|125.0|20.0|5.0|1.6|2.1|0.5|0.5|kalkoenfilet 90 %, water, zout, glucosestroop, dextrose, maltodextrine, plantaardige oliën (zonnebloem, koolzaad), aroma (bevat selderij, gehydroliseerd plantaardig eiwit (soja), suiker, stabilisatoren (carageen, di-en trfosfaten), antioxidanten (natriuma
Groente|ZH Kruidnagel|158.0|6.4|0.5|0.1|0.05|31.0|1.0|
Groente|Kniblook|158.0|6.4|0.5|0.1|0.043|31.0|1.0|Knoflook.
Groente|Knoffel krans|158.0|6.4|0.5|0.1|0.043|31.0|1.0|Knoflook.
Gebak en koek|Café brun|425.0|6.5|8.5|4.0|0.8|80.0|40.0|tarwebloem, suiker, plantaardige olie (palm, raap), glucosestroop, rijsmiddel (natriumcarbonaat [E500], ammoniumcarbonaat [E503]), zout, vollemelkpoeder, aroma, kleurstof (ammoniakkaramel [E150c]), 0,2% instantkoffie, rundergelatine.
Vleesvervangers en zuivelvervangers|Tropische Melk|181.0|1.4|18.0|15.8|0.04|3.4|1.8|Kokosnootextract, water
Vleesvervangers en zuivelvervangers||169.0|1.0|18.0|16.0|0.07|2.0|2.0|99,7% kokosmelk (kokosextract 86%, water), stabilisator E466, emulgator E435
Suiker, snoep, zoet beleg en zoete sauzen|EcoMorgen Kokospane 220 g|357.0|2.9|18.0|16.0|0.08|43.0|22.0|Kokos* 28%, TARWEstroop* (glutenvrij), natuurlijke zoetstof uit appels/ peren*, TARWEzetmeel* (glutenvrij), maïsbloem*, verdikkingsmiddelen (xanthaangom, johannesbroodpitmeel*), *=biologisch
Suiker, snoep, zoet beleg en zoete sauzen|EcoMorgen Kokossneetje Veldvruchten 220 g|355.0|2.9|18.0|16.0|0.08|43.0|22.0|Kokos* 28%, TARWEstroop* (glutenvrij), natuurlijke zoetstof uit appels/peren*, TARWEzetmeel* (glutenvrij), maïsbloem*, verdikkingsmiddelen (xanthaangom, johannesbroodpitmeel*), rode bietenpoeder*, natuurlijk bosvruchtenaroma (braambessen) 0,35%, *=biologi
Groente|Geschaafde biologische parelkool|29.6|2.0|0.1|0.1|0.1|4.0|4.0|Witte kool. Verpakt onder beschermende atmosfeer. Uit grondstoffen van biologische teelt.
Groente|Gele kool|30.0|2.0|0.0|0.0|0.02|4.0|4.0|Witte kool* . * van biologische oorsprong
Groente|ZILVER KOOL||||||||witte kool. Kan sporen van SELDERIJ bevatten.
Groente|Blanche luxe kool 1x gesneden zak 2,75kg (2750 gram)|30.0|2.0|0.0|0.0|0.0|4.0|4.0|witte kool
Alcoholische dranken|Zonnema BEREBRAND EIJSSEL TOCHT SPECIAL 100 cl||||||||
Melk en melkproducten|Vega Skyr Romige Vanille 5% Vet 450 g|112.0|8.2|5.0|3.5|0.12|7.9|7.3|YOGHURT, suiker, maïszetmeel, vanille extract, citroensap, gemalen vanillestokjes, natuurlijk aroma
Melk en melkproducten|Nordic Skyr Zacht gezouten karamel|55.0|9.6|0.2|0.1|0.26|3.7|3.1|magere MELK, water, gemodificeerd maïszetmeel, zeezout, verdikkingsmiddel (pectine), karamelsiroop, natuurlijk aroma, zoetstoffen (sucralose, acesulfaam K), kleurstof (E150a), skyr-culturen.
Melk en melkproducten|Nordic Skyr Choco-Crunch|73.0|9.0|2.2|1.4|0.13|3.9|3.1|Gepasteuriseerde magere MELK, water, stukjes chocolade (2,8%) (cacaomassa, cacaoboter, suiker), maïszetmeel, verdikkingsmiddel (pectine), vanille-aroma, vanillestokjes, zoetstoffen (sucralose, acesulfaam K), skyr-culturen.
Alcoholische dranken|Cointrea 38% 0.8L||||||||
Alcoholische dranken|Oranjeau 38% 120X0.05L PET||||||||
Alcoholische dranken|HUTTE Likeur zilveren hazelnoot 50cl||||||||
Alcoholische dranken|Sipje toffee elixir||||||||
Alcoholische dranken|SIERRA Tequila elixir spiced 70cl||||||||
Vetten en oliën|Vegel margarine / halvarine artisjok 225 gr|621.0|0.5|70.0|18.0|0.99|0.5|0.5|plantaardige oliën 70% (zonnebloem, palm, avocado (15%), lijnzaad, koolzaad), water, zout (1%), emulgatoren (mono- en diglyceriden van vetzuren, zonnebloemlecithine), natuurlijke aroma's, limoenolie, voedingszuur (citroenzuur), vitamine A en D
Fruit|Deli Meloen Slice|35.0|0.6|0.2|0.02|0.0|7.6|6.2|
Fruit|AH Zonovergoten meloen|35.0|0.6|0.2|0.02|0.0|7.6|6.2|Waarvan toegevoegde suikers 0.00g per 100 gram en waarvan toegevoegd zout 0.00g per 100 gram
Fruit|Premium crisp watermeloen slices 250g|37.0|1.0|0.0|0.0|0.01|8.0|8.0|watermeloen.
Fruit|Kleinzoete meloentje|35.0|0.5|0.0|0.0|0.0|8.0|8.0|
Gebak en koek|NatuurDroom™ Graanbar Havermout & Donkere Chocolade 10stuks (5x2)|473.0|8.7|19.8|3.4|0.65|61.5|26.8|Volkoren HAVERmout (56%), suiker,zonnebloemolie, stukjes pure chocolade(7%)(cacaomassa, suiker, emulgator (SOJALECITHINE),natuurlijk vanillearoma), magere cacaopoeder, honing,zout, melasse, emulgator (zonnebloemlecithine),rijsmiddel (natriumwaterstofcarbo
Gebak en koek|DUTCHMUNCH HAVERKNABBELS / FLOCONS D'AVOINE MUNCHIES CHOCOLADE - CHOCOLAT 5X35GR|404.0|7.8|11.0|3.5|0.4|66.0|16.0|volkoren HAVERMOUT (47%), glucosesiroop, krokante granenvlokken (TARWEMEEL, rijstmeel, TARWEMOUT), oligofructose, chocolade stukjes (4,85%) [cacaomassa, suiker, cacaoboter, emulgator (SOJA-lecithine)], zonnebloemolie, suiker, bevochtigingsmiddel (glycerol
Noten en zaden|Noisetton Bruin|595.0|21.2|49.9|3.8|0.003|9.1|4.4|AMANDELEN (NOTEN). Kan sporen van gluten, soja, andere noten, pindas, sesam en melk bevatten.
Noten en zaden|Gerookte Amandelstukjes|636.0|25.0|55.0|4.7|1.18|6.2|4.2|92% amandel, zonnebloemolie, rookaroma, zout, natuurlijk aroma.
Noten en zaden|Amandelstaafjes|613.0|21.0|53.0|4.0|0.05|8.8|4.6|AMANDELEN (NOTEN). Kan sporen van gluten, soja, andere noten, pindas, sesam en melk bevatten.
Noten en zaden|Kruidige Kastanoten (geroosterd, pittig)|596.0|18.3|44.8|8.7|2.3|28.0|5.9|cashewnoten, zout, tarwemeel, geleermiddel: arabische gom; aardappelzetmeel, stabilisator: sorbitolen; gistextract, paprika, aroma, uienpoeder, kleuren: paprika-extract.
Noten en zaden|Hazelnoot Krakers (gegrild & gezouten)|621.0|18.6|50.2|9.3|0.8|21.8|5.9|cashewnoten, zonnebloemolie, zout.
Noten en zaden|Pistacheparels gezouten|641.0|20.4|53.9|10.3|1.525|16.4|6.1|98,5% PISTACHENOTEN, 1,5% zout. Dit product kan sporen van PINDA'S en andere NOTEN bevatten.
Noten en zaden|Pistagro´s|590.0|23.8|46.0|5.6|1.2|10.8|5.7|99% PISTACHENOTEN, zout. Dit product kan sporen van PINDA en andere NOTEN bevatten.
Noten en zaden|Pistachiogems|604.0|24.0|50.0|6.4|1.2|9.4|7.6|98,8% PISTACHENOTEN, 1,2% zout Dit product kan sporen van PINDA's en andere NOTEN bevatten
Noten en zaden|Pistazza's gezouten 180gr|590.0|23.8|46.0|5.6|1.2|10.8|5.7|99% PISTACHENOTEN, zout. Dit product kan sporen van PINDA en andere NOTEN bevatten.
Noten en zaden|Pistachios gegrild|605.0|26.5|49.2|6.3|0.03|10.3|5.6|100% pistachenoten. Kan sporen van andere noten en pinda's bevatten.
Noten en zaden|Hazelnoten bruin|579.0|21.15|49.93|3.802|0.003|5.07|4.35|AMANDELEN. Dit product kan sporen van PINDA, andere NOTEN en SESAM bevatten.
Noten en zaden|Hazelnootzwaai|630.0|21.0|56.0|4.5|0.0|4.0|4.0|amandelen.
Noten en zaden|Bakker ongezouten notenmix|690.0|13.0|63.0|9.5|0.0|16.0|5.0|41% CASHEWNOOT, 32% PECANNOOT, 26% MACADAMIANOOT, zonnebloemolie. Kan sporen bevatten van pinda's en andere noten.
Noten en zaden|Versgebrande noten mix ongebakken 1200g|620.0|20.876|52.661|6.98|0.037|12.416|4.668|CASHEWNOTEN 31,8%, PINDA 27,2%, AMANDELEN 22,7%, PECANNOTEN 18,2%, PINDAolie. Dit product is vers voor u bereid, we kunnen kruisbesmetting met andere allergenen daarom niet uitsluiten.
Noten en zaden|Geschaafde bosnoten|717.0|14.0|69.0|4.9|0.1|6.0|5.0|HAZELNOTEN. Dit product wordt geproduceerd in een fabriek waar ook noten en pinda's worden verwerkt.
Noten en zaden|Gebrande Hazelnoten 200 gram|629.0|21.0|50.2|4.1|0.0|17.7|4.9|AMANDELEN. Dit product kan sporen van PINDA en andere NOTEN bevatten.
Hartige snacks en zoutjes|VH Koken plantaardige borrelbal|208.0|4.3|12.0|3.8|1.18|20.0|1.9|water, tarwebloem, tarwe-eiwit, volkorentarwemeel, suiker, natuurlijk aroma, zout, gedroogde glucosestroop, dextrose, tarwegluten, plantaardige olie (palm, zonnebloem), gistextract, aroma, gekaramelliseerde suiker, gist, specerijen, verdikkingsmiddel (hyd
Hartige snacks en zoutjes|Groenteboost nuggets originaal 200g|184.0|10.6|6.2|0.8|1.02|18.6|1.9|gerehydrateerd eiwit (SOJA 44,8%, TARWE 13,6%), paneermeel (TARWEbloem, zout, gist, paprikapoeder, kurkuma), uien, zonnebloemolie, water, verdikkingsmiddelen: E407 en E461, TARWEvezel, TARWEzetmeel, TARWEbloem, specerijen (knoflookpoeder, cayennepeper, wi
Noten en zaden|Gerookte Amandelen 85GR|649.0|20.3|55.0|3.8|1.899|14.9|3.6|93.5% AMANDELEN, rookextract (aroma, rookaroma), zonnebloemolie. Dit product kan sporen van andere noten en pinda's bevatten.
Hartige snacks en zoutjes|De Plantaardige Vleeshakker GEEN KIP STUKJES Rol 180 GR|224.0|9.0|11.0|0.9|1.5|19.0|0.5|SOJASTRUCTUUR 58% (water, SOJA-EIWIT concentraat), maïsvlokken (maïs, suiker, zout), plantaardige oliën (raapzaad, zonnebloemolie), bloem (maïs, rijst), HAVERVEZEL, gemodificeerd maïszetmeel, natuurlijke aroma's, verdikkingsmiddel: methylcellulose, azijnp
Hartige snacks en zoutjes|Delifriend Nuggets Vega 160 g|268.0|18.5|13.3|1.4|1.85|18.4|2.3|   Water, TARWEBLOEM, 14% plantaardige eiwitten (TARWE, erwt), zonnebloemolie, VRIJ-UITLOOPKIPPENEI-EIWIT, azijn, zout, gemodificeerd maïszetmeel, natuurlijk aroma (SELDERIJ), MELKEIWIT (LACTOSE), dextrose, specerijen. Geproduceerd in een bedrijf waar ook
Hartige snacks en zoutjes|LekkereGroenten Klompjes 160 g|267.0|11.9|17.4|2.1|1.3|14.6|1.6|Water, cornflakes (mais, suiker, zout, moutextract), sojabonen (17%), zonnebloemolie, beslag (water, tarwebloem, zout), vegetarisch stremsel (calciumchloride, natriumalginaat), tarwegluten, soja-eiwit, plantaardig verdikkingsmiddel (methylcellulose), krui
Vetten en oliën|Pindafruit olie (14,1 kilogram)|900.0|0.0|100.0|15.0|0.0|0.0|0.0|100% Geraffineerde arachide olie
Gebak en koek|TRUFFELBOL GEVULD PER 10|208.14|5.423|3.166|1.11|0.917|37.898|13.319|TARWEbloem, water, rozijnen, appel, gist (gedroogd), suiker, Plantaardige oliën [plantaardige olieen (zonnebloem, soja, raapzaad), plantaardig vet (palm), antischuimmiddel (E900)], zout, EIpoeder, TARWEgluten, palm, meelverbeteraars (E920, E300), rijsmidd
Graanproducten en bindmiddelen|Uniek Vlokken|375.0|14.0|1.0|0.4|1.0|76.0|8.5|64% rijst, 16% volkoren tarwe, tarwegluten, suiker, gerstemoutextract, tarwebloem, zout.Ingrediënten:.
Hartige snacks en zoutjes|FLVR3* Rundvlees bakbitterballen 12st/25g|244.0|8.3|12.4|3.5|1.21|21.4|1.47|water, gekookt rundvlees Beter Leven 2 sterren 17%, paneermeel (TARWEbloem, zout, gist), TARWEbloem, plantaardige oliën (raapzaad, palm, gedeeltelijk geharde palm, zonnebloem), ui, gedroogde glucosestroop, basterdsuiker (suiker, suikerstroop, kleurstof: E
Hartige snacks en zoutjes|langzaamgaarse braad kroket|235.0|8.3|12.6|3.7|1.2|21.5|1.6|water, paneermeel (TARWEMEEL, zout, gist), 15% gekookt draadjesrundvlees*, doorhaalvloeistof (water, gedroogde glucosestroop, basterdsuiker, dextrose, emulgator: E466, TARWEBLOEM, zout, TARWEGLUTEN, stabilisator: E450, rijsmiddel: E500), TARWEBLOEM, plant
Hartige snacks en zoutjes|Vora bitterlumps kalfsvlees|210.0|7.0|12.0|6.5|1.1|19.0|1.0|Water, paneermeel (TARWEbloem, volkorenTARWEmeel, zonnebloemolie, gist, zout), plantaardige oliën (palm, zonnebloem), TARWEbloem, gekookt rundvlees 5%, scharrelkippenEI-eiwit, rundergelatine, aroma (bevat MELK, TARWE, SELDERIJ), TARWE-eiwit, zout, verdikk
Hartige snacks en zoutjes|Lora Airfryer & Oven Runderballetjes 300 g|250.0|7.8|15.0|5.5|1.1|20.0|0.9|Water, rundvlees 21%*, paneermeel (TARWEbloem, volkoren TARWEmeel, zonnebloemolie, water, zout, gist), TARWEbloem, plantaardige oliën (palm, raap, zonnebloem), roomboter (MELK), zout, rundergelatine, natuurlijk aroma, groentepoeder (knoflook, ui, petersel
Hartige snacks en zoutjes|De Koers® Rundvleesballetje 40stuks (40 x 30g = 1200g)|266.0|8.1|15.0|3.9|0.7|24.6|1.0|water, TARWEBLOEM, gekookt rundvlees (8%), plantaardige oliën (SOJA, palm, zonnebloem), ui, gehydrolyseerd SOJA-eiwit, gelatine (rund), zout, aroma (bevat MELK en EI), zetmeel (TARWE, mais, erwt), sojabloem, smaakversterker: E621, gist, kruiden en speceri
Groente|Papriko goud|25.0|0.8|0.1|0.1|0.003|4.3|4.3|Paprika.
Suiker, snoep, zoet beleg en zoete sauzen|Monarch Muntzoet|396.0|0.0|0.0|0.0|0.0|98.0|97.0|Suiker, geleermiddel (arabische gom), gelatine, pepermuntolie, menthol
Suiker, snoep, zoet beleg en zoete sauzen|Regal Muntz|396.0|0.0|0.0|0.0|0.0|98.0|97.0|Suiker, geleermiddel (arabische gom), gelatine, pepermuntolie, menthol
Suiker, snoep, zoet beleg en zoete sauzen|Peter Blok pepermunt (650 gram)|398.0|0.5|0.0|0.0|0.0|99.0|99.0|suiker, gelatine (varken), gemodificeerd aardappelzetmeel, natuurlijk munt aroma
Samengestelde gerechten||229.0|9.3|9.7|3.1|1.03|25.0|6.1|tarwebloem, tomatenpuree, melk, 14% ananas, 7% varkensvlees, water, raapolie, gist, zout, kokos, ananassapconcentraat, suiker, azijn, zetmeel (aardappel, tarwe), zuursel, dextrose, peterselie, antioxidant (natriumascorbaat [E301], extracten van rozemarijn
Samengestelde gerechten|Pizza Tropicana 29cm - 450g - 16pcs (7200 gram)|208.0|10.0|5.4|2.2|1.4|29.0|2.0|TARWEbloem, water, 21% mozzarella kaas (MELK, zout, stremsel, zuursel, zuurteregelaar: E330), tomatenpulp, 9% gekookte ham (varkensvlees, water, zetmelen, zout, natuurlijk aroma, sacharose, dextrose, aroma, antioxidant: E301, conserveermiddel: E250), duru
Samengestelde gerechten|Dubbele Spelt Mini-pizza Italiano|231.0|8.8|5.8|3.6|1.3|34.6|2.2|bodemdeeg: speltmeel* 35,6 %, water, zeezout, extra vergine olijfolie*, gist; topping: tomatenpuree*, mozzarella* 13,9 % (melk, met microbieel stremsel), cherrytomaatjes* 8,3 %, zeezout, oregano* Allergenen-informatie: gluten, melk. Kan sporen van soja be
Samengestelde gerechten|VDM Pizza groene asperge deluxe|229.0|8.8|11.0|4.3|0.78|23.0|1.5|tarwebloem, groente (13% tomaat, 6,8% groene-aspergetip, 3,1% rode ui, 2,3% prei), melk, water, rauwe melk, 4,6% semigedroogde cherrytomaat, plantaardige olie (zonnebloem, raap, olijf), extra vierge olijfolie, 1,2% mascarpone, gedroogde aardappelvlok, zou
Samengestelde gerechten|Dr. Knecker Pizza Delight Porcini|232.0|7.6|12.0|3.1|1.1|22.0|2.4|TARWEBLOEM, 25% gezeefde tomaten, 16% champignons, 15% KAAS (EDAMMER, MOZZARELLA), raapzaadolie, water, bakkersgist, zout, suiker, gemodificeerd zetmeel, emulgator (mono- en diglyceriden uit vetzuren uit levensmiddelen), champignonpoeder, knoflook, peters
Samengestelde gerechten|Meester Bakker Pizza Verde spinaci|220.0|7.1|11.0|2.8|0.99|21.0|2.5|TARWEBLOEM, 24% gezeefde tomaten, 20% spinazie, 14% KAAS (MOZZARELLA, EDAMMER), rapzaadolie, water, bakkersgist, zout, suiker, gemodificeerd zetmeel, emulgator (mono- en diglyceriden uit vetzuren uit levensmiddelen), knoflook, gehydroliseerd plantaardig e
Samengestelde gerechten|La ple pizza om ham spanach|184.0|5.6|6.7|0.9|0.81|24.5|2.0|bodem (TARWEmeel, broodverbetermiddel (aardappelvlokken, TARWEbloem, gist, enzym, meelverbeteraar: E300), water, olijfolie, zout, gist, suiker), hummus 12,6% (kikkererwten 47%, water, SESAMpasta, koolzaadolie, azijn, natuurlijk aroma, aardappelzetmeel, ze
Samengestelde gerechten|Delizioso pizza al salmone e zucchine 390g|235.0|9.0|10.0|4.5|1.0|26.0|1.5|TARWEbloem, CREME FRAICHE, water, ZALM, MELK, 5% gegrilde courgette, 4% rode uit, zonnebloemolie, 1% kappertje, zout, gist, moutextract (TARWE, GERST), zuursel, vegetarisch stremsel, rook.
Samengestelde gerechten|Pizza gerookte forel 477g|214.0|9.855|8.598|3.37|1.16|21.054|1.489|Pizzabodem met tomatensaus 58,7% (TARWEbloem, water, tomaten passata, tomatenpuree, zonnebloemolie (ongehard) (zonnebloemolie (ongehard)), olijfolie extra vierge, zout, gist, olijfolie, suiker, oregano, basilicum), Gerookte zalm14,0% (Atlantische zalm (VI
Samengestelde gerechten|Pizza zeevis|227.0|10.0|9.7|3.2|0.98|24.0|3.4|TARWEBLOEM, tomatenpuree, 12% tonijn (VIS) in olie (85% tonijn (VIS), zonnebloemolie, zout), water, 7% Edammer kaas (MELK), 7% mozzarella (MELK), 5% gefrituurde ui (ui, zonnebloemolie), raapzaadolie, Pecorinokaas (SCHAPENMELK), zout, gist, suiker, crème f
Samengestelde gerechten|De Kaasboerderij Pizza Parmazaan|238.0|10.0|11.0|4.3|1.13|24.0|1.3|tarwebloem, groente (20% tomaat, 2,4% rucola, 2,4% prei), melk, 10% varkensvlees, water, rauwe melk, plantaardige olie (zonnebloem, olijf), extra vierge olijfolie, zout, gedroogde aardappelvlok, gedroogde gist, zetmeel (aardappel, maïs), kruiden, suiker,
Samengestelde gerechten|Bloemkoolpizza rundshoarma 400g TIU|176.0|8.776|5.838|2.639|0.765|21.177|2.381|pizzabodem met bloemkool 47% (TARWEbloem, bloemkool 17,4%, gist, koolzaadolie, rijstebloem, zout, zonnebloemolie, conserveermiddel: E281), gegaarde gekruide kipreepjes 15,7% (gegaard kippenvlees 14,3%, olijfolie, voedingszuur: E261, zout, specerijen [komi
Samengestelde gerechten|VH Salambroodjes pizza|234.0|9.4|7.5|3.2|1.3|31.0|3.7|tarwebloem, water, melk, groente (3% gele paprika, 2,5% rode ui, 2,5% tomaat, 1,5% prei), 4,5% varkensvlees, tomatenconcentraat, varkensvet, raapolie, gist, zout, zetmeel (aardappel, tarwe), kruiden, suiker, zuursel, specerijenextract, dextrose, specerije
Samengestelde gerechten|Pan pizza salami 944g|264.0|13.04|13.57|7.8|1.275|21.9|1.27|pizzadeeg met cheddarkaas (TARWEbloem, water, cheddarkaas 17,6% [gepasteuriseerde MELK, aardappelzetmeel, zout, zuursel, vegetarisch stremsel, kleurstof: carotenen], TARWEdesempoeder, olijfolie, bakkersgist, gejodeerd zout, TARWEgluten, TARWEmoutmeel), to
Samengestelde gerechten|Pizza Serenata/piccante|232.0|10.0|11.4|6.6|1.04|21.6|1.5|63,8% pizzabodem (zachte TARWEBLOEM, water, tomatenpuree, tomatenpulp, zonnebloemolie, extra vergine olijfolie, gist, zout, olijfolie, suiker, oregano, basilicum), 12,0% mozzarella geraspt (gepasteuriseerde KOEMELK, gedroogd aardappelzetmeel, zout, zuurse
Melk en melkproducten|Bonic cuisinaire classic 20% 2l|221.0|2.7|20.0|14.0|0.12|5.1|3.5|ROOM; gemodificeerd zetmeel; stabilisatoren: E466, E331, carrageen; emulgator: E471.
Melk en melkproducten|Culimax gesteriliseerde kookroom (v.g. 20%) 1l|210.0|2.6|20.0|11.8|0.1|4.9|3.9|: ROOM, (20% V.G.) emulgator: mono -en diglyceriden van vetzuren), stabilisatoren: E407, E412, E460, E466, gemodificeerd zetmeel.
Melk en melkproducten|Kookmelk|97.0|3.5|7.0|4.6|0.16|4.7|4.7|MELK, room (MELK), stabilisator: E418/E415, emulgator: E322
Aardappelen en knolgewassen|Aardappel rosti zonnetjes 240g|184.0|2.7|7.2|0.7|0.35|26.0|0.8|aardappelen 90%, zonnebloemolie, aardappelzetmeel, dextrose, zout, specerijen (nootmuskaat, kurkuma, lavaswortel).
Aardappelen en knolgewassen|KROSTIKO WEDGES|165.0|2.0|7.0|0.8|0.9|22.5|1.5|aardappelen, zonnebloemolie, dextrose, zout, uienpoeder, stabilisator (E450), witte peper.
Graanproducten en bindmiddelen|Snurkelvellen mega pak 4x150g|254.0|6.8|0.9|0.2|0.7|54.0|1.8|TARWEbloem, water, grof MAISmeel, zout, kurkumapoeder, gist, zonnebloemolie, uienpoeder, knoflookpoeder, komijnpoeder, komijnzaad, conserveermiddel E200, gemalen zwarte peper.
Kruiden en specerijen|sambal zinder|47.0|2.1|0.3|0.0|11.1|7.7|4.5|Gemalen rode pepers, zout, voedingszuur E260, conserveermiddel E202.
Kruiden en specerijen|Conimax BALA Sambal 200 GR|50.0|1.7|0.5|0.1|11.0|8.4|2.9|Chilipeper¹ 88%, zout, voedingszuur E270, conserveermiddel E202. ¹op duurzame wijze geteeld.
Kruiden en specerijen|Gustimex Sambal FUEGO 750 GR|38.0|2.6|0.5|0.1|9.8|3.6|3.6|Spaanse peper 89%, zout, voedingszuur E270, conserveermiddel E202.
Vlees en gevogelte|Grillvlees spies Javaanse smaak 2x 1BLK|139.0|21.262|5.577|1.191|0.663|0.764|0.549|94% varkensvlees*, raapolie, kruiden en specerijen (knoflookpoeder, paprikapoeder, koriander, chilipeper, gemberpoeder, fenegriek, cayennepeper, witte peper), suiker, zout, aroma, paprikaconcentraat, gekarameliseerde suiker, natuurlijk aroma, zoethoutwort
Hartige sauzen|Kraft Sevilla Saus 220 ml|544.0|1.7|56.2|8.6|1.2|7.5|6.1|Sojaolie 54%, water, citroensap uit sapconcentraat 3,7%, azijn, tomatenpuree 6,0%, eigeel, suiker, mosterdzaadpoeder, zout, kruiden, kleurstof (karamel), specerijen, cayennepeper, uipoeder, gemodificeerd maïszetmeel, conserveermiddel (kaliumsorbaat), spec
Hartige sauzen|NL Knoflooksmak|285.0|0.8|26.0|2.0|1.28|11.0|8.0|water, raapolie, 9,5% magere yoghurt, azijn, suiker, gemodificeerd maïszetmeel, specerijen (o.a. 1,5% knoflook, mosterd), scharrelei, maïszetmeel, zout, kruiden, ui, natuurlijke aroma's, scharreleigeel, voedingszuur (melkzuur [E270], citroenzuur [E330]),
Hartige sauzen|Kruidenknoflooksaus|271.0|0.6|22.8|1.9|1.7|15.1|9.3|water, plantaardige olie (raapolie), suiker, azijn, TARWEzetmeel, 4,3% knoflook, scharrelEIgeel, zout, MOSTERD (water, MOSTERDzaden, azijn, zout, suiker, kruiden), aroma's (SOJA eiwit, MOSTERD), peterselie, conserveermiddel: E202, gemodificeerd aardappelz
Gebak en koek|Lekkere Kaaswafeltjes.|414.0|2.3|12.3|10.6|0.066|74.0|59.4|Glucose-fructosestroop, suiker, plantaardige oliën (in wisselende verhoudingen) (kokos, palm, palmpit en shea), TARWEBLOEM, stabilisatoren (sorbitolen en E422), 3% magere cacaopoeder, TARWEZETMEEL, SCHARRELKIPPEN-EI-EIWIT, emulgatoren (E492 en SOJALECITHI
Gebak en koek|Hofmans Liefdes Kussen 200gram (2 x 6 stuks)|415.0|2.4|12.6|10.8|0.07|73.4|57.7|glucose-fructosestroop, suiker, plantaardige vetten (palm, shea, kokos en palmpit), TARWEBLOEM, stabilisatoren (sorbitolen en E422), 3% magere cacaopoeder, SCHARRELKIPPENEI-EIWIT, rijstebloem, emulgatoren (E492, SOJALECITHINE en E322), aroma, zetmeel (TAR
Groente|Koolblad met creme|52.0|1.8|3.1|0.9|0.79|3.1|1.8|Spinazie (70%), water, ROOM (4%), koolzaadolie, LACTOSE, MELKproteïnen, magere MELKpoeder, rijstzetmeel, zout, suiker, verdikkingsmiddelen (guargom, xanthaan) natuurlijke aroma's.
Vis, schaal- en schelpdieren|Ger. visfilet 100 gr vacuum diepvries|335.0|18.0|30.0|7.86|1.2|0.0|0.0|Paling (Anguilla anguilla) (VIS), zout, rook, azijn
Vis, schaal- en schelpdieren|Vomar - Gerookte zilvervis|404.0|16.1|37.8|8.0|1.3|0.0|0.0|Paling (VIS), zout en rook.
Noten en zaden|-Top Klasse Studentenmix 200 g|513.0|9.7|34.0|4.5|0.028|40.0|34.8|44% Rozijnen, 25% AMANDELEN, 10% PARANOTEN, 10% PECANNOTEN, 10% HAZELNOTEN, plantaardige oliën (zonnebloem, palm, katoen, maïs en raapzaad), conserveermiddel: E220 (SULFIET).
Noten en zaden|Scholierennoten (1000 gram)|457.0|7.7|25.5|3.7|0.1|46.9|36.4|63% rozijnen (rozijnen, zonnebloemolie, conserveermiddel: E220 (SULFIET)), 16% HAZELNOTEN, 11% PARANOTEN, 5% WALNOTEN, 5% AMANDELEN Landen van herkomst 63.2% Rozijnen: USA, Zuid-Afrika, Chili, Turkije, Argentinië 15.7% Hazelnoten: Turkije 10.5% Paranoten:
Suiker, snoep, zoet beleg en zoete sauzen|Sneeuwsuiker|389.0|0.0|0.1|0.0|0.01|99.6|97.6|rietsuikerpoeder* (97%), tapiocazetmeel*. *biologisch
Suiker, snoep, zoet beleg en zoete sauzen|Noorder rietsuiker kristallen 500 gram|400.0|0.0|0.0|0.0|0.0|100.0|100.0|rietsuiker
Suiker, snoep, zoet beleg en zoete sauzen|Noorder Suikerklontjes Amber|400.0|0.0|0.0|0.0|0.0|100.0|100.0|Rietsuiker
Samengestelde gerechten|Kansaai|153.0|4.2|3.7|0.4|1.1|25.4|3.0|water, rijst, surimi (witVIS, water, gerehydrateerde EI- eiwitpoeder (vrije uitloop), raapolie, voedingszuur: E325,maïszetmeel, TARWEmeel, erwtenzetmeel, aardappelzetmeel, gemodificeerd zetmeel (aardappel, tapioca), suiker, zout, KRABaroma, zuurteregelaar
Samengestelde gerechten|Sushi variatieschaal Osaka 8st|124.0|5.664|4.575|0.98|1.197|14.651|3.586|sushi met zalm, avocado en wasabi 34,7% (sushirijst 22% [water, rijst 9%, sushi-azijn (suiker, alcohol, azijn, rijstazijn, zout, melasse)], zalm 6,2% [VIS], avocado 4,3%, mayonaise met wasabi 1,2% [mayosaus (plantaardige olie [raapzaad, SOJA], scharrelEIg
Samengestelde gerechten|Sushi zalmfeest & maki delight|167.0|6.2|4.3|0.7|1.0|25.3|3.4|water, rijst,ZALM (14%), avocado, surimi (WITVIS, water, gerehydrateerde EI- eiwitpoeder (vrije uitloop), suiker, maïszetmeel, erwtenzetmeel, aardappelzetmeel, TARWEzetmeel, zout, raapolie, SOJA eiwit, KRABaroma, gemodificeerd zetmeel (aardappel, tapioca)
Gebak en koek|Koffie Kracht|330.0|4.5|21.9|13.5|0.89|28.8|21.1|SCHARRELEI, magere MELK, suiker, ROOM, palmvet, TARWEBLOEM, plantaardige oliën (palm, palmpit), water, zetmeel (mais, TARWE), dextrose, koffie, cacaomassa, cacaoboter, karamelsuikerstroop, emulgator: E322 (SOJA), E433, E471, E472b, E477, volle MELKPOEDER,
Gebak en koek|Amandel streek taart blok 12-16 gasten|357.77|3.879|16.318|9.032|0.376|48.764|40.438|suiker, slagroom (24%) [slagroom (MELK), suiker, emulgator (E471), stabilisator (E407)], EI, AMANDELEN, TARWEbloem, glucose-fructosestroop, water, TARWEzetmeel, plantaardige vetten (palm, palmpit, palm, kokos, palmpit), frambozenpuree, stabilisatoren (E42
Brood|CRISPA NATUREL KNIP 120G X6|384.0|11.8|2.4|1.3|1.3|76.9|3.2|TARWEbloem, gist, zout, GERSTEmoutmeel, emulgatoren: SOJAlecithine, meelverbeteraar: ascorbinezuur. Kan sporen van sesam en melk bevatten.
Melk en melkproducten|Bliksembosje Abrikoos|131.0|3.4|6.2|4.2|0.14|15.0|13.0|volle MELK, 16% ROOM, magere MELK, suiker, 3,6% perzikpuree, gemodificeerd zetmeel, invertsuikersiroop, gelatine, geheel gehard kokosvet, voedingszuur (citroenzuur), verdikkingsmiddelen (pectine, guargom, carrageen), magere MELKPOEDER, emulgatoren (E471 (
Melk en melkproducten|Koopmanne griesstoorn cacao 120gr|122.0|3.6|3.6|2.4|0.13|19.0|16.0|magere MELK, water, glucose-fructosesiroop, ROOM, suiker, 4 % gehard TARWE griesmeel, 1,9 % chocolade (cacao poeder, suiker, cacao mass, cacao boter), volle MELK poeder, gemodificeerd maïszetmeel, gelatine, verdikkingsmiddelen carrageen, emulgator E 471,
Suiker, snoep, zoet beleg en zoete sauzen|Snoepkaramel Prettig Toffees|436.0|1.0|13.0|12.0|0.0|77.0|59.0|Suiker, glucosestroop, plantaardige vetten (cacao), gecondenseerde melk, boterolie, gecondenseerde magere melk, zout, moutextract,emulgator: sojalecithine, magere cacaopoeder, smaakstoffen, rietsuiker,zuurteregelaar: citroenzuur, koffie extract, calciumca
Suiker, snoep, zoet beleg en zoete sauzen|Crème Duge|415.0|1.0|11.6|5.8|0.3|78.0|67.0|suiker, glucosestroop, gezoete gecondenseerde MELK, plantaardige vetten (palm , shae), bevochtigingsmiddel (sorbitolen), zout, emulgator (zonnebloem lecithine), aroma's. Bevat mogelijk sporen van noten.
Suiker, snoep, zoet beleg en zoete sauzen|Fudgé vanille 130g|476.0|2.1|20.0|14.0|0.68|72.0|72.0|suiker, plantaardige oliën (palm, palmpit), glucosestroop, magere MELKpoeder, zout, emulgator: SOJAlecithine, natuurlijk vanillearoma.
Groente|Gesorteerde tomaten|34.0|2.0|0.2|0.0|0.24|5.4|5.4|100% tomaat
Vis, schaal- en schelpdieren|Zalmhapjes (800 gram)|99.0|22.0|1.3|0.4|0.3|0.0|0.0|TONIJN (VIS)
Vlees en gevogelte|Heemvrind Varkenshaaspuntjes gekruid|130.0|20.0|5.2|1.0|1.19|0.6|0.3|90% varkensvlees, water, raapolie, zout, specerijen, wijnazijn, suiker, kruiden, specerijenextract. Kan sporen bevatten van ei, melkeiwit, mosterd en selderij.
Groente|Lekkereuitjes zoetkruiden 400 g|36.0|0.6|0.1|0.0|0.84|6.9|4.8|Zilveruien, water, natuurazijn, suiker, zout, natuurlijk kruidenaroma, natuurlijk dille aroma, antioxidant (natriummetabisulfiet)
Groente|Praagse pareluien smaak 310 g|31.0|0.8|0.1|0.1|0.8|4.1|2.5|Zilveruien, natuurazijn, zout, antioxidant: NATRIUMDISULFIET
Gebak en koek|Honingkoekvlaai|226.52|3.56|6.62|6.62|1.4|37.93|17.96|TARWEbloem, suiker, zetmeel (gemodificeerd), MELK (magere), boter(MELK), glucosestroop, weipoeder(MELK), MELKpoeder (magere), plantaardig vet (palm), dextrose, TARWEzetmeel, glucose-fructosestroop, plantaardig vet (gehard), MELK (magere, gecondenseerd), g
Vleeswaren|Limburgse Heuvelhoofd Kaasdeluxe 500 gram|256.0|12.0|23.0|9.0|1.6|1.0|0.5| 63% varkensvlees¹, 23% varkenslever¹, varkenscollageen¹, Varkensspek¹, azijn, voedingszuren (E326, E262), zout, specerijen en kruiden, dextrose, gehydrolyseerd plantaardig eiwit (raapzaad), maltodextrine, antioxidant (E301). ¹= Beter Leven keurmerk 1 ste
Niet-alcoholische dranken|Rivella Klassiek 4 x 1,5 L|5.0|0.0|0.0|0.0|0.03|1.0|1.0|Koolzuurhoudend water, melkserum (26%), voedingszuur (L(+) melkzuur), karamelsuikersiroop, zoetstoffen (cyclaamzuur, acesulfaam-K, sacharine), conserveermiddelen (kaliumsorbaat, natriumbenzoaat), natuurlijke aroma's
Niet-alcoholische dranken|Rivensa Pure Multipack Fles 4 X 1,5L|5.0|0.0|0.0|0.0|0.03|1.0|1.0|Koolzuurhoudend water, melkserum (26%), voedingszuur (L(+) melkzuur), karamelsuikersiroop, zoetstoffen (cyclaamzuur, acesulfaam-K, sacharine), conserveermiddelen (kaliumsorbaat, natriumbenzoaat), natuurlijke aroma's
Niet-alcoholische dranken|Pagoo Zeest 20cl Glace|44.0|0.5|0.5|0.1|0.0|10.0|10.0|water, sinaasappelsap uit concentraat (20%), suiker, wortel- (5%) en citroensap (5%) uit concentraat, vitamine C, vitamine E, provitamine A, natuurlijk aroma.
Gebak en koek|Johan Steenbergen Roomboterwafels 100 g|415.0|5.1|15.0|9.1|0.41|65.0|36.0|Tarwebloem, suiker, boter (18%) (melk), scharreleieren, zeezout, rijsmiddel: ammoniumcarbonaten
Gebak en koek|Delight Banket Kleinwafels 175 GRM RD|494.0|6.0|23.0|14.3|0.6|66.8|27.3|TARWEBLOEM, basterdsuiker, 23% roomboter (MELK), EIEREN, water, vanillesuiker, ammonium, zout
Brood|Zonnewaarde Rijstcrackers Appel Speculaas|381.0|6.8|2.3|0.5|0.02|82.0|18.0|Rijst* 51%, maïs* 28%, appelsapconcentraat* 21%, kaneel* 0,4%, *Ingrediënt van biologische teelt.
Groente|Witkrul|19.0|1.3|0.2|0.0|0.005|2.4|2.4|Witlof.
Vleeswaren|Zalmschijfjes|316.0|13.0|27.5|10.8|2.3|4.0|0.5|Varkensvlees 80%, mechanisch gesepareerd varkensvlees 9%, aardappelzetmeel, varkensspek, zouten (keukenzout, kaliumchloride), voedingszuur E326, dextrose, rundereiwit, stabilisator: E450, specerijen, aroma's, rookaroma, antioxidant: E300, gistextract, con
Vleeswaren|Snoekworst|301.0|10.9|26.9|10.1|2.04|3.7|0.1|47% varkensvlees*, 24% varkensseparatorvlees*, water, varkensspek*, aardappelzetmeel, voedingszuur: E326, zout, varkenseiwit, gebufferd azijnpoeder (conserverend ingrediënt), stabilisator: E450, specerijen, antioxidant: E301, gehydroliseerd raapzaad- en m
Vleeswaren|Zalmschijfjes|301.0|10.9|26.9|10.1|2.04|3.7|0.1|47% varkensvlees*, 24% varkensseparatorvlees*, water, varkensspek*, aardappelzetmeel, voedingszuur: E326, zout, varkenseiwit, gebufferd azijnpoeder (conserverend ingrediënt), stabilisator: E450, specerijen, antioxidant: E301, gehydroliseerd raapzaad- en m
Melk en melkproducten|Skyra naturel|62.0|11.0|0.2|0.1|0.13|4.0|4.0|Magere melk, zuursel, microbieel stremsel
Melk en melkproducten|Skar vanille|53.0|8.8|0.2|0.1|0.1|4.1|3.3|magere melk, water, gemodificeerd zetmeel (way mais), citroensapconcentraat, 0,15% vanille-extract, verdikkingsmiddelen: pectinen, xanthaangom; zuurteregelaars: calciumcitraten, ctroenzuur, natuurlijk roomaroma (melk), 0,01% gemalen vanille stokjes, zuurs
Suiker, snoep, zoet beleg en zoete sauzen|Krutselaar Lentebijtjes 330g|333.0|5.0|0.2|0.2|0.03|77.0|64.0|glucose-fructosestroop, suiker, gelatine (varken), voedingszuur (citroenzuur), glansmiddel (carnaubawas), natuurlijke aroma's, natuurlijk citroenaroma, concentraten (spirulina, saffloer), kleurstof (curcumine), antioxidant (ascorbinezuur).
Suiker, snoep, zoet beleg en zoete sauzen|Savvy Mix zachte jellies met vruchtensap|333.0|1.1|0.2|0.1|0.03|81.0|57.0|Glucosestroop, suiker, gemodificeerd zetmeel, dextrose, appelsap uit appelsapconcentraat (3%), voedingszuur (appelzuur, citroenzuur, melkzuur), aardappel proteïne, natuurlijke aroma's, fruit- en plantenconcentraten (druif, saffloer, bosbes, zwarte bes), k
Vis, schaal- en schelpdieren|Roze prinses zalm (1830 gram)|123.0|19.0|4.8|1.3|0.9|0.5|0.4|99% roze zalm (VIS) (Oncorhynchus gorbuscha), 1% zout Roze zalm/Roze Pacific zalm (Onchorhynchus gorbuscha), gevangen met ringnetten en kruisnetten/ kieuwnetten en soortgelijke netten in het Noordoostelijke deel van de Stille Oceaan (FAO67)Dit product kom
Vis, schaal- en schelpdieren|Zeewolf Filet|222.0|20.2|15.7|3.3|0.24|0.0|0.0|Zalm (VIS) (Salmo salar, gekweekt in Noorwegen, kweekmethode: kooien). Vis afkomstig van een ASC-gecertificeerde, verantwoorde kwekerij, www.asc-aqua.org, ASC-C-00004.
Kaas|Zuivella Smeerkaas Klassiek Laagvet|159.0|8.3|12.0|7.9|0.68|4.4|4.4|melk (gepasteuriseerd), stremsel (microbieel), melkzuurculturen, zout, verdikkingsmiddel (johannesbroodpitmeel, guarpitmeel).
Vlees en gevogelte|G- gehaktrol hoh -z+k vacuum (0,08 kilogram)|245.0|16.54|18.23|6.92|0.18|3.45|0.13|varkensvlees (54%), rundvlees (36%), water, koriander, peper, gember, foelie, kardemom, chilies, laurier, tarwebloem, tarwezemelen, gist, zout, suiker, glucosestroop.
Vlees en gevogelte|Hou-gemalenbal +p+l v6 14x90g vac (1,26 kilogram)|176.0|17.84|9.36|4.03|1.09|5.05|0.19|(44%)varkensvlees, (40%)rundvlees, water, paneermeel (tarwe, gluten), voedingszuur (E262, E331), antioxidant (E301, E300), zout, kruiden en specerijen (selderij), tarwebloem (tarwe, gluten), dextrose, tarwe zetmeel (tarwe, gluten), maltodextrine, gemodifi
Niet-alcoholische dranken|Smoothie Crème Bessenmix|53.0|1.9|0.2|0.1|0.023|10.3|9.1|37% Appelsap, 15% bananenpuree, 15% aardbeienpuree, 12% yoghurt (MELK), 9% frambozenpuree, 7% bramenpuree, 7% zwarte bessenpuree, antioxidant: E300.
Aardappelen en knolgewassen|Aardappelmoes|99.0|2.0|3.2|0.8|0.56|14.8|0.7|86% gestoomde aardappelen, volle MELK, zonnebloemolie, roomboter (MELK), zout, nootmuskaat, kurkuma.
Aardappelen en knolgewassen|BH Knolselderpuree|110.0|2.0|4.0|2.5|0.3|16.0|0.8|77% aardappel, halfvolle melk, 4,5% roomboter, water, 1,5% aardappelvlok, rijstzetmeel, zout, specerijen, emulgator (mono- en diglyceriden van vetzuren [E471]), antioxidant (extracten van rozemarijn [E392]). Waarvan toegevoegde suikers 0g per 100 gram en
Hartige sauzen|Bijoli|755.0|1.5|82.1|6.3|0.75|2.2|0.3|raapzaadolie, SCHARRELEI, citroensap, 3% knoflook, zout, water, verdikkingsmiddel: E415, conserveermiddel: E202.
Niet-alcoholische dranken|Maxi Peer Elixir 6 x 1,5 L|37.0|0.1|0.1|0.1|0.1|8.8|8.6|Uit sapconcentraat verkregen appelsap, water, suiker, glucose-fructosestroop, voedingszuur: citroenzuur
Fruit|Crunchy Pear|363.0|1.1|0.5|0.1|0.01|83.0|65.0|appel (100%)
Fruit|Crunchy Cinnamon Apple Straws|357.0|1.7|0.5|0.1|0.03|80.0|71.0|appel (98,6%), kaneel (1,4%).
Fruit|baffende besjes|52.0|0.7|0.0|0.0|0.003|11.0|10.0|
Fruit|AH Rodeparels|29.0|1.1|0.0|0.0|0.0|4.4|4.4|Waarvan toegevoegde suikers 0.00g per 100 gram en waarvan toegevoegd zout 0.00g per 100 gram
Groente|AH Roze bieten|31.0|0.9|0.1|0.0|0.33|5.6|5.1|77% rode biet, water, suiker, azijn, maïszetmeel, zout, natuurlijk aroma. Waarvan toegevoegde suikers 1.9g per 100 gram en waarvan toegevoegd zout 0.30g per 100 gram
Groente|AH Roze bieten met sjalotjes|32.0|0.9|0.1|0.0|0.3|5.8|5.1|groente (64% rode biet, 7% ui), water, suiker, azijn, zout, natuurlijke aroma's. Waarvan toegevoegde suikers 2.3g per 100 gram en waarvan toegevoegd zout 0.30g per 100 gram
Groente|Rode knollen|31.0|0.9|0.1|0.0|0.3|5.5|5.0|77% rode biet, water, suiker, azijn, maïszetmeel, zout, natuurlijk aroma.
Groente|Karmozijn biet schijfjes (2400 gram)|39.0|1.1|0.1|0.0|1.0|7.2|7.0|rode bieten, water, natuurazijn, suiker, zout
Gebak en koek|Glutenvrije knisperkoekjes speciaal gemaakt voor glutenintolerantie|459.0|4.7|16.0|5.1|0.48|73.0|22.0|maïsmeel, suiker, plantaardige margarine [plantaardige oliën en vetten in wisselende verhoudingen (high oleic zonnebloemolie, cacaoboter, sheaboter), water, zout, emulgatoren: mono- en diglyceride van vetzuren, zonnebloemlecithine; citroensap, natuurlijke
Gebak en koek|NatuurLust biologisch glutenvrije haver & zonnebes koekjes 120g|476.0|5.1|10.9|5.1|0.22|71.1|39.4|32,5% cranberries*, 20,1% melen (maiszetmeel*, 5,2% HAVERmeel*, rijstemeel*, aardappelzetmeel*) agavesiroop*, maiszetmeel*, 9,1% HAVERvlokken*, margarine* (ongehard plantaardig palm en kokosvet, plantaardige zonnebloemolie, water, antioxidant: citroenzuur
Hartige snacks en zoutjes|DUTZ 100G CRUNCH SALT 1EA|464.0|9.9|18.0|2.7|1.7|65.0|1.4|<div>Ingrediënten: TARWEBLOEM 92%, extra vierge olijfolie, gist, zout 1,7 %, <span>gemoute bloem ( <<)>strong>gerst, tarwe) en </span>GERSTEMOUTEXTRACT. <span>100g eindproduct is bereid met 92g tarwebloem, 16g extra vierge  <<)>span>olijfolie </span>en 1,
Groente||39.0|2.0|0.4|0.1|0.0|5.0|0.0|Sperziebonen
Groente||44.0|1.8|0.2|0.1|0.01|7.5|2.2|Hollandse snijbonen
Groente|Zianobonen|26.0|1.3|0.2|0.1|0.01|3.6|1.6|Romanobonen. Bevat mogelijk sporen van: SELDERIJ.
Groente|EcoGroen Sperziepeulen|39.0|2.0|0.4|0.1|0.0|5.0|0.0|sperziebonen* EU/niet-EU Landbouw Waarvan toegevoegde suikers 0g per 100 gram en waarvan toegevoegd zout 0g per 100 gram.
Groente|Geknakte sperzieboontjes delicaat|35.0|2.0|0.0|0.0|0.0|5.0|0.0|Sperziebonen Diepvries.
Groente|Groenstaafjes|39.0|2.0|0.4|0.1|0.005|5.0|0.0|Sperziebonen.
Groente|Kroezelbonen|39.0|2.0|0.4|0.1|0.005|5.0|0.0|Sperziebonen.
Groente|Knapperboontjes||||||||
Peulvruchten|Macarillo Witte Bonen 550 g|103.0|7.3|0.0|0.0|0.58|16.0|0.0|Witte bonen, water, zout (0,58%), anti-oxidanten: natriummetabisulfiet (E223) en sequestrant (E385).
Groente|Tuinbonen select fijn|79.0|6.6|0.5|0.1|0.03|8.2|1.6|Tuinbonen. Mogelijke aanwezigheid van SELDERIJ.
Peulvruchten|NATUREL SELECT Witte Bonen 400 gram|98.0|6.7|0.0|0.0|0.7|15.0|0.0|witte bonen, water, zout, antioxidant: ascorbinezuur.
Groente|Klaverveld Bonen|39.0|1.5|0.2|0.0|0.02|6.4|1.2|boterbonen
Hartige snacks en zoutjes|Salami snakje 85g|348.0|14.1|31.2|17.8|2.05|2.6|1.8|roomkaas 52% (gepasteuriseerde MELK, gepasteuriseerde room [MELK], zout, melkzuurcultuur), chorizo 40% (varkensvlees, varkensvet, zout, lactose [MELK], specerijen [knoflook, paprikapoeder], aroma, dextrose, fermenten, kleurstoffen: paprika-extract en E120
Hartige snacks en zoutjes|Jamónserra truffelkaas 80g|264.0|17.2|20.9|13.3|3.33|1.6|1.3|roomkaas 52% (gepasteuriseerde MELK, gepasteuriseerde room [MELK], zout, melkzuurcultuur), serranoham 43% (varkensvlees, zout, dextrose, conserveermiddelen: E252 en E250), truffeltapenade 5% (champignon, zwarte truffel 0,5%, olijfolie, paneermeel [TARWEbl
Vleeswaren|Van den Hollander metworst met specerijen - 1 stuks pakje|551.0|24.0|49.0|18.5|4.0|3.5|1.0|Voor 100 gram droge worst is 127 gram vlees gebruikt. Ingrediënten: varkensvlees, varkensspek, varkenszwoerd, zout, kruidnagel, aardappelzetmeel, kleurstof: bietenrood, specerijen, dextrose, antioxidant: natriumascorbaat, rode bietensap concentraat, spece
Vetten en oliën|Kruidenkraazie 100g|600.0|1.0|65.7|46.4|0.8|1.0|1.0|roomboter 80% (MELK), water, knoflookpoeder 1,7%, zout, gedroogde ui, bieslook 0,4%, natuurazijn, witte peper 0,2%, natuurlijk aroma, kervel 0,1%, peterselie 0,1%, geconcentreerd citroensap.
Vetten en oliën|Kruidencrème cups (0,6 kilogram)|641.7|0.7|70.1|49.0|0.96|2.1|1.4|boter (MELK), water, 1.8% kruiden (40% bieslook, 40% peterselie, SELDERIJ, kervel), 1.2% gedroogde knoflook, zout, raapolie, peperextract, citroenaroma, gistextract, verdikkingsmiddel: guarpitmeel, specerij Boterbereiding, bevat 69% melkvet.
Vetten en oliën|Specerijenboter beeld|707.0|0.9|77.0|54.0|0.8|2.5|1.7|93% Boter (MELK), water, 2,0% knoflook, 1,0% kruiden (SELDERIJ), zout, peperextract.
Vetten en oliën|Herbenspread 1000G Elite Delight (1 kilogram)|634.0|1.0|68.5|39.7|0.77|3.2|1.4|76% roomboter (MELK), water, raapzaadolie, knoflookpoeder, uipoeder, WORTEL, Kruiden (peterselie, dragon, kervel, bieslook, oregano, koriander, basilicum), Specerijen (gemberpoeder, venkelzaad, zoethout, chillies), zout, conserveermiddel: E202
Kruiden en specerijen|LAGGI Bouillon Veggie|3.0|0.0|0.1|0.0|0.0|0.4|0.1|Gejodeerd zout, glucosestroop, suiker, groenten 6,4% (wortel 3,7%, SELDERIJ 1,7%, uien 1%), zonnebloemolie, gistextract, aroma's (bevat GERST, SELDERIJ), kruiden en specerijen (SELDERIJ, knoflook, kurkuma). Bevat mogelijk melk, ei, soja, vis.
Kruiden en specerijen|EcoMorgen Soep Kruiden Kippenmix 120 g|329.0|3.7|11.0|1.3|25.0|54.0|9.1|Mais maltodextrine*, zeezout, zonnebloemolie*, uienpoeder*, gist*, rietsuiker*, nootmuskaat*, kurkuma*, champignons*, SELDERIJblad*, *=biologisch.
Brood|Crumble-Qnack Brioche|369.0|8.1|15.4|9.9|1.1|48.5|4.7|TARWEBLOEM, water, ROOMBOTER, EIEREN, suiker, bakkerszout, gist. In onze bakkerij worden noten, sesamzaad, gluten, eieren, soja, melkeiwit, lactose en mais verwerkt.
Brood|Drents oergranenbrood|257.0|12.0|6.1|1.4|0.92|35.0|1.2|VOLKORENTARWEMEEL, water, pompoenpitten, bakkersgist, GERSTEMOUTMEEL, bakkerszout, TARWEGLUTEN, plantaardige olïen (raapzaad, palm, koolzaad), gekaramelliseerde suiker, dextrose, emulgatoren (plantaardig): E471/E472e , meelverbeteraar: ascorbinezuur, TARW
Brood|NL Liefde & Geluk Desem courgette geel heel ongesneden|295.0|13.0|8.5|1.7|1.05|40.0|2.8|44% tarwebloem, water, 11% tarwedesem, geroosterde pompoenpit, pompoenpit, 5,9% roggebloem, tarwegluten, gejodeerd zout, bakkersgist, tarwemoutmeel, plantaardig eiwit (aardappel, erwt), acerolapoeder. Waarvan toegevoegde suikers 0.00g per 100 gram en waar
Samengestelde gerechten|Knights' Fire Charred Deluxe Beefburger 180 g|262.0|13.1|12.2|5.0|1.3|24.2|2.8|Sesambroodje, [tarwebloem (met calcium, ijzer, niacine, thiamine), water, koolzaadolie, gist, sesamzaad, suiker, zout, tarwegluten, emulgator: E472e; conserveermiddel: E282; antioxidant: E300] , runderburger (38%), [rundvlees (82%), rundvleesvet, soja-eiw
Brood|Boeren zadenkrakerbroodje|260.0|9.09|1.37|0.2|1.061|51.13|0.91|TARWEbloem, water, moutmeel (GERST), TARWEgries, bakkerszout, TARWEmeel, 0,6% lijnzaad, 0,5% zonnebloempitten, bakkersgist, gierst, TARWEGLUTEN, karamelsuiker, dextrose, meelverbeteraar: E300. Gemaakt in een bakkerij die ook NOTEN en SESAM verwerkt.
Brood|DEEN - Mini broodjes zeven granen b/b 8st|268.0|10.661|3.534|0.607|0.949|45.999|1.785|TARWEbloem, water, volkorenTARWEmeel, gierstkorrels, bakkersgist, ROGGEbloem, zonnebloempitten, GERSTvlokken, HAVERvlokken, maïsgries, moutmeel (GERST, TARWE), TARWEgluten, zuurdesem (ROGGE, TARWE), lijnzaad, rijstvlokken, bakkerszout, SESAMzaad, SOJAgrit
Gebak en koek|Luvits Pandankoekje 150 g|433.0|4.812|34.0|14.4|0.696|26.7|17.5|Ei [ei], palmolie gedeeltelijk gehard, suiker, tarwebloem [gluten], water, plantaardige olie (raapzaad), emulgatoren (E471, E435, sojalecithine (soja)), zout, karnemelkpoeder [melk (inclusief lactose)], verdikkingsmiddel (johannesbroodpitmeel, guarpitmeel
Gebak en koek|Klaverveld Appelgebak|318.0|3.8|14.4|8.6|0.57|43.0|24.6|TARWEbloem, 21% appel, suiker, 16% roomboter (MELK), scharrelKIPPENEI, glucose- fructosestroop, water, zetmeel (TARWE, aardappel), rijsmiddel (E500, E450), zout, conserveermiddel (E282, E202), emulgator (E472b, E477), gemodificeerd zetmeel (aardappel, maï
Gebak en koek|Karamelkoek choco|410.0|6.0|30.4|14.3|0.5|27.4|18.5|EIEREN, margarine (plantaardige vetten (palm, raapzaad, kokos, geheel geharde palmpit, geheel geharde palm), water, MELKeiwitten, emulgatoren (E322, E471), zuurteregelaars (E270, E330), conserveermiddel (E202), aroma, vitamines (vitamine A, vitamine D3),
Groente|Paddenstoenschijfjes|18.0|2.1|0.4|0.1|0.45|0.2|0.1|Champignons, water, zout, voedingszuur: citroenzuur, antioxidant: ascorbinezuur.
Groente|Paddenstoel/kruiden 100g|377.0|2.9|39.4|2.9|0.69|1.5|1.5|gegrilde champignon 74% (champignon 62%, raapzaadolie, knoflook 0,68%, water, kruiden [basilicum, majoraan, oregano, tijm, bonenkruid, lavendel, venkel, salie], conserveermiddelen: E221 en E202, zuurteregelaars: citroenzuur en melkzuur, zout, zoetstof: su
Groente|Paddenstoeltjes mini heel|18.0|2.1|0.4|0.1|0.63|0.2|0.1|champignons, water, zout, voedingszuur: citroenzuur, antioxidant: ascorbinezuur
Groente|Paddenstoeltjes mini (280 gram)|20.0|2.3|0.5|0.0|0.3|0.5|0.0|champignons (SULFIET), water, zout, antioxidant (ascorbinezuur), voedingszuur (citroenzuur)
Hartige snacks en zoutjes|Vlinder pindaschijfjes 80 gram|503.0|13.1|26.9|8.4|1.861|49.7|0.7|maïsgries*, 33% PINDApasta*, palmolie*, zeezout. *= van gecontroleerde biologische oorsprong. Dit product kan sporen van NOTEN bevatten.
Hartige snacks en zoutjes|Kroaky Taco Nacho Delight 170 g|474.0|7.9|21.4|2.3|1.5|59.6|3.6|Maïs , zonnebloemolie, nacho cheese kruiding (weipermeaat (melk), kaaspoeder 1,9% (weipoeder, lactose, weipermeaat, kaaspoeder, voedingszuur (citroenzuur), kleurstoffen (paprika-extract, annatto), karnemelkpoeder, zout, melk), weipoeder (melk), zout, suik
Suiker, snoep, zoet beleg en zoete sauzen|N&N'S Crunch chocolade 374g|485.0|4.2|21.0|14.0|0.32|69.0|57.0|Suiker, cacaomassa, rijstemeel (9.5%), mageremelkpoeder, cacaoboter, palmpitvet, lactose, palmvet, zetmeel, botervet (van melk), glucosesiroop, gerstemoutextract, sheavet, stabilisator (Arabische gom), zout, emulgator (sojalecithine), dextrine, dextrose,
Fruit|Zonnigen|36.0|0.8|0.3|0.1|0.0|3.0|2.0|Citroen.
Fruit|Citroenen Zomerdoos 42 stuks (6850 gram)|36.0|0.8|0.3|0.1|0.0|3.0|2.0|citroen
Fruit|Citrusvoordeel|22.0|0.8|0.3|0.1|0.0|3.0|2.0|citroen.
Alcoholische dranken|Nordveld Crystal Vodka||||||||
Alcoholische dranken|Cognac Delvard - Premier cru d'or X.O.||||||||
Groente|Courvita|29.0|2.0|0.0|0.0|0.003|5.0|5.0|Courgette.
Groente|Zuqette|29.0|2.0|0.0|0.0|0.003|5.0|5.0|Courgette.
Brood|Mega Lichtgewicht Brokjes Volkoren 2 x 130 g|371.0|11.0|2.8|0.5|1.3|71.0|5.4|Volkorenroggemeel 55%, volkorentarwemeel 35%, rijstebloem 8%, weipoeder (melk), suiker, tarwemoutmeel, zonnebloemolie, zout
Fruit|Kruidkrans Bessenzoet 175 g|329.0|0.2|0.25|0.1|0.02|82.1|71.3|Cranberries* [cranberries* (60%), rietsuiker*, zonnebloemolie* (<1%)], * = Biologisch.
Brood|MICRO KAASCROISSANTJE|337.0|12.0|22.0|12.0|1.5|23.0|1.6|Croissantdeeg [TARWEbloem, water, gist, EI, zout, dextrose, TARWEgluten, MELKpoeder, veldbonenmeel, suiker, plantaardig vet (palm), plantaardige olie (koolzaad), enzymen, meelverbeteraars (E920, E300), emulgatoren (E472e, E471), stabilisator (E415), zuurt
Gebak en koek|Krentenkoningcakejes 250g|390.0|4.8|17.3|6.7|0.68|53.3|37.0|suiker, scharrelei, tarwebloem, plantaardige oliën (palm, raapzaad, kokos), rozijnen 10%, water, stabilisator: E422, dextrose, emulgator: E471, tarwezetmeel, aardappelzetmeel, glucose-fructosestroop, conserveermiddelen: E202, E281 en E282, rijsmiddelen: E
Fruit|dazels & viregen|412.0|7.9|16.2|1.4|0.023|55.5|43.2|20% dadelstukjes (95% gedroogde dadel, rijstebloem), 20% vijgenstukjes (95% gedroogde vijg, rijstebloem), 20% zonnebloempit, 15% rozijn (99% rozijn, zonnebloemolie, conserveermiddel: E220 (SULFIET), 15% cranberry (ananassiroop, 60% cranberry, ananassapcon
Fruit|Pekels ZD (960 gram)|327.0|2.0|0.39|0.032|0.005|75.0|63.35|100% dadels
Suiker, snoep, zoet beleg en zoete sauzen|chocolade drizzel|259.0|2.3|0.8|0.5|0.07|59.5|53.7|Glucose-fructosestroop, suiker, water, 7% cacaopoeder, magere MELKPOEDER, verdikkingsmiddel: E401/E466, emulgator: E471, aroma.
Suiker, snoep, zoet beleg en zoete sauzen|Droop & glaceer witte chocolade|320.0|2.5|7.6|4.9|0.15|63.9|54.8|witte chocolade 23% (suiker, volle MELKPOEDER, cacaoboter, emulgator: E322 (SOJA), natuurlijk vanille aroma), glucose-fructosestroop, suiker, water, gezoete gecondenseerde MELK (MELK, suiker), bevochtigingsmiddel: E422, kleurstof: E171, geleermiddel: E440
Suiker, snoep, zoet beleg en zoete sauzen|FLUFFIJS-TOPPING CACAO|270.0|2.2|1.1|0.7|0.27|63.0|57.0|suiker, glucose-fructosestroop, water, magere cacao 7%, zout, verdikkingsmiddellen: E466-E412-E415, aroma, conserveermiddel: E202, voedingszuur: citroenzuur.
Suiker, snoep, zoet beleg en zoete sauzen|FLUFFIJS-TOPPING MET MANGO-SMAAK|215.0|0.0|0.0|0.0|0.12|54.0|52.0|glucose-fructosestroop, suiker, water, voedingszuur: citroenzuur, verdikkingsmiddel: Xanthaangom, aroma, conserveermiddel: kaliumsorbaat, kleurstoffen: E133-E102.
Gebak en koek|Strawbelicious Donut|488.0|5.93|31.93|14.96|0.825|43.75|19.53|deeg (TARWEbloem, water, gedeeltelijk gehard palmvet, zonnebloemolie, dextrose, gist, SOJAbloem, weipoeder (MELK), zout, rijsmiddelen: E450/E500, emulgatoren: E471/E481, magere MELKpoeder, meelverbeteraar: ascorbinezuur, kleurstof: carotenen, vanille arom
Gebak en koek|Pistache Twister|392.0|6.2|22.9|11.7|1.035|39.5|16.7|TARWEBLOEM, plantaardige vetten (palm, palmpit, kokosnoot), water, glucosestroop, 8% framboos, suiker, 4,0% PISTACHENOTEN, weipoeder (MELK), plantaardige oliën (zonnebloem, palm), gist, dextrose, lactose (MELK), zetmeel (mais, aardappel), SOJABLOEM, emulg
Groente||92.0|6.0|0.0|0.0|0.015|14.8|1.0|Tuinerwten
Groente|Tuinbonen super zacht|92.0|6.0|0.0|0.0|0.015|14.8|1.0|Tuinerwten
Groente|Flein - groenerwtjes flein natuurlijk 400g|69.0|4.0|0.0|0.0|0.03|11.0|1.0|Diepvriesproduct. Ingrediënten: tuinerwten*. *= van gecontroleerde biologische oorsprong.
Groente|Groenerwtjes 200g|65.0|4.0|0.0|0.0|0.025|10.0|1.0|doperwten.
Groente|Groene Erwtjes Dagvers 1kg|65.0|4.0|0.0|0.0|0.0|10.0|1.0|doperwten
Hartige sauzen|Saus natuurzuiver|42.0|0.1|0.1|0.0|1.88|9.3|8.5|Water, azijn, glucose-fructosestroop, 4,9% groenten (ui, paprika), zout, kruiden, verdikkingsmiddel: E415/E410, aroma, conserveermiddel: E202, carthamusextract
Fruit|Zonderpit koningsdruiven|75.0|0.6|0.1|0.0|0.03|17.0|17.0|
Fruit|Zonderzaden paarse vruchten|75.0|0.6|0.1|0.0|0.03|17.0|17.0|
Fruit|Heidebessen|74.0|1.2|0.1|0.0|0.0|13.8|7.3|30% Rode bessen, 25% zwarte bessen, 20% frambozen, 15% blauwe bessen, 10% bramen.
Fruit|Bessensalade mango-braam 300g|51.0|0.6|0.17|0.03|0.015|10.9|10.2|cantaloupe meloen 25%, blauwe druiven 25%, rode appel 20%, kiwi 15%, aardbei 15%, antioxidanten: E300 en E302.
Fruit|Bessenfeest blauwe bes, zwarte smulbes & zonnige goudbes|48.0|1.08|0.255|0.025|0.003|8.69|8.29|40% braam, 35% blauwe bes, 25% kaapse goudbes
Fruit|Lentefruit melange 150g|50.0|0.604|0.256|0.052|0.013|10.492|9.806|ananas, kiwi, cantaloupemeloen.
Fruit|Vers geplukt fruit gemengd bessen framboos braam 100GR|29.0|0.7|0.0|0.0|0.007|6.0|5.8|70% Aardbei, 15% blauwe bes, 15% braam.
Fruit||50.0|0.1|0.0|0.0|0.05|12.0|12.0|fruit (30% perzik, 21% peer, 4,5% ananas, 4% druif, 1% kers), water, suiker, glucose-fructosestroop, zuurteregelaar (citroenzuur [E330]), kleurstof (erytrosine [E127]). Waarvan toegevoegde suikers 5.9g per 100 gram en waarvan toegevoegd zout 0.00g per 100
Fruit|Zomersalade in milde siroop|50.0|0.2|0.1|0.0|0.082|11.8|11.4|Water, 10% rode appel, 10% ananas, suiker, 8% honingmeloen, 8% cantaloupe meloen, 5% watermeloen, 5% sinaasappel, 5% blauwe druif, conserveermiddel: E202, voedingszuur: citroenzuur, antioxidant: E300.
Vis, schaal- en schelpdieren|VB Party garnalen|63.0|14.0|0.8|0.2|1.8|0.0|0.0|98% garnaal, zout, voedingszuur (azijnzuur [E260], melkzuur [E270]), kleurstof (paprika-extract [E160c], bietenrood [E162]). Waarvan toegevoegde suikers 0g per 100 gram en waarvan toegevoegd zout 1.6g per 100 gram.
Vis, schaal- en schelpdieren|NL Cocktail garnalen|63.0|14.0|0.8|0.2|1.8|0.0|0.0|98% garnaal, zout, voedingszuur (azijnzuur [E260], melkzuur [E270]), kleurstof (paprika-extract [E160c], bietenrood [E162]). Waarvan toegevoegde suikers 0g per 100 gram en waarvan toegevoegd zout 1.6g per 100 gram.
Vis, schaal- en schelpdieren|NL Zeekrabbetjes|71.0|16.0|0.8|0.3|1.8|0.0|0.0|97% garnaal, zout, voedingszuur (azijnzuur [E260], melkzuur [E270], natriumcitraat [E331]). Waarvan toegevoegde suikers 0.00g per 100 gram en waarvan toegevoegd zout 1.50g per 100 gram
Groente|Bricky chips krokante uien 100 g|580.0|6.0|44.0|20.0|1.0|40.0|15.0|Uien 76%, palmolie, tarwebloem, zout
Kruiden en specerijen|TasteMe Ginger Delight 150g||||||||
Vlees en gevogelte|Huisgemaakte vleeskroketten (1700 gram)|354.0|15.4|28.4|10.6|2.2|8.5|1.9|76.5% varkensvlees, 8.5% rundvlees, TARWEBLOEM, EI, ui, zout, SOJA-EIWITHYDROLYSAAT, MOSTERDZAAD, kruiden, specerijen, MOUTAZIJN ( BEVAT GERST), alcoholazijn, melasse, ANSJOVIS, tamarinde
Vlees en gevogelte|Traditionele kruidenballen (850 gram)|354.0|15.4|28.4|10.6|2.2|8.5|1.9|76.5% varkensvlees, 8.5% rundvlees, TARWEBLOEM, EI, ui, zout, SOJA-EIWITHYDROLYSAAT, MOSTERDZAAD, kruiden, specerijen, MOUTAZIJN ( BEVAT GERST), alcoholazijn, melasse, ANSJOVIS, tamarinde
Vlees en gevogelte|Gemengde Gehaktrol|226.0|16.723|16.62|5.902|1.326|2.139|0.116|64% varkensvlees, 27% rundvlees, water, natuurlijk aroma, zout, specerijen (koriander, peper, gember, foelie, kardemom, chilies), TARWEBLOEM, VOLKORENTARWEMEEL, zonnebloemolie, gist.
Suiker, snoep, zoet beleg en zoete sauzen|Kruidbolletjes|280.0|0.2|0.1|0.0|0.0|69.0|64.0|gember, suiker, water. Suikergehalte 60-64%
Suiker, snoep, zoet beleg en zoete sauzen|Royal curi-fi bora gember bolletjes 250 g|277.0|0.1|0.2|0.1|0.045|65.5|64.0|50% gember, suikersiroop
Fruit|KnijpFris grapefruit Kist 14 stuks (4000 gram)|37.0|0.9|0.0|0.0|0.0|6.6|6.6|grapefruit
Fruit|ECO Rood citrusfruit 3st/30g|91.0|1.0|1.0|0.2|0.003|17.0|12.0|grapefruit (rood) 100%
Fruit|Sunburst Scarlet Grapefruit Crate 15 kilogram (15000 grams)|37.0|0.9|0.0|0.0|0.0|6.6|6.6|grapefruit rood
Groente|GROENTE SOEPJE|35.0|2.1|0.3|0.1|0.1|4.4|2.9|22% wortel, 17% bloemkool, 16% bonen, 10% SELDERIJ, 10% koolrabi, 10% prei, 5% erwten, 5% BLADSELDERIJ, 5% peterselie.
Groente|SOEPSCHOTEL||||||||prei*, wortel*, bloemkool*, SELDERIJ*. *= van gecontroleerde biologische oorsprong. Dit product kan sporen bevatten van selderij.
Groente|Tuinstoofgroenten met kruidenmix||||||||prei, 20% wortel, broccoli, 7,5% bieslook, SELDERIJ, 7,3% peterselie.
Hartig broodbeleg|Zazzura CE 250gr|238.0|0.8|21.2|2.7|0.75|10.0|7.3|Wortel, raapolie, pompoen, crème fraiche (bevat KOEMELK, LACTOSE), honing, verdikkingsmiddel: xanthaangom, maïszetmeel, zout, kruiden en specerijen (bevat: laurier, peper, gemberpoeder, koriander, komijn, cayennepeper), conserveermiddel: kaliumsorbaat, vo
Groente|Verskost Aziatisch 100g|34.0|1.824|0.406|0.09|0.038|4.366|3.868|peen 32%, paarse spitskool 29%, witte kool 29%, prei 10%.
Hartig broodbeleg|Smeerfestijn groentemix|221.0|1.4|19.4|2.3|0.5|9.9|6.2|Witte kool* (27%), zonnebloemolie*, water, augurk* (12,5%), agave*, azijn*, uien* (4%), paprika* (4%), maiszetmeel*, mosterd*, melkpoeder*, zout, guargom, xanthaangom, peper*, paprikapoeder*. *=biologisch
Vleeswaren|Rokerige achterham|119.0|21.0|2.7|1.0|2.5|1.8|0.4|varkensvlees1 (96%), voedingszuren (E325, E260), mineraalzout, zout, dextrose, stabilisatoren (E451, E452), antioxidant(E301), maltodextrine, water, gistextract, gebrande suikers, conserveermiddel (E250). 1Beter Leven keurmerk 1 ster.
Vleesvervangers en zuivelvervangers||234.0|16.5|11.7|1.4|1.9|13.5|5.4|Gerehydrateerd erwten eiwit (45%), water, zonnebloemolie, kruidenmix (gehydrolyseerd raapzaadeiwit eiwit, dextrose, groenten (knoflook, ui), suiker, natuurlijk aroma, kruiden & specerijen (peper, koriander, nootmuskaat), verdikkingsmiddel (methylcellulose
Vleesvervangers en zuivelvervangers|Vega fiesta micro burgers|248.0|17.3|16.1|4.7|1.88|6.1|1.5|water, 19% plantaardige eiwitten (SOJA, TARWE), palmvet, puree (tomaat, knoflook), zetmeel (aardappel, TARWE), vrije uitloopEIwit, natuurlijk aroma, azijn, zonnebloemolie, zout, suiker, kleurstof: karamel, specerijen, GERSTemoutextract, ijzer, vitamine B1
Vleesvervangers en zuivelvervangers|Herbivore Patty|211.0|15.1|11.4|2.5|0.94|8.6|1.4|78% Gerehydrateerd SOJA-EIWIT, zonnebloemolie, sheavet, verdikkingsmiddel: E407a/E461/E464, natuurlijk aroma, maltodextrine, azijn, psylliumvezels, glucosestroop, gehydrolyseerd SOJA-EIWIT, karamel (glucosestroop, suiker), specerijen, antioxidant: E300/E3
Vleesvervangers en zuivelvervangers|Plantastic mini burger 160g|110.0|11.6|3.6|0.6|1.045|5.5|1.9|gerehydrateerd eiwit (SOJA 59,1%, TARWE 17,9%), uien, zonnebloemolie, verdikkingsmiddelen: E407 en E461, specerijen (knoflookpoeder, witte peper, korianderzaad, paprikapoeder, nootmuskaat, gember, cayennepeper, foelie, kurkuma), TARWEvezel, natuurlijk aro
Hartige sauzen|TulipSaus vg Sauce Tulipaire|158.0|0.7|14.5|9.3|1.01|5.0|1.6|water, KARNEMELK, plantaardige olie (palm (gedeeltelijk gehard), kokos, raapzaad, ui), gemodificeerd maïszetmeel, ROOMBOTER, natuurazijn, suiker, zout, specerijen, magere MELK, EIGEEL, natuurlijk aroma, glucosestroop, dextrose, groentepoeder (knoflook, ui
Hartig broodbeleg|Boen - hummus puur 200g (bio)|299.0|7.8|24.4|3.7|1.36|9.6|0.1|58% kikkererwt, sojaolie, SESAMpasta, water, citroensap, zout, knoflook, voedingszuur: E330, conserveermiddelen: E211/E202, kruiden, specerijen.
Niet-alcoholische dranken|Frosty Mochaccino, zak 1000g|377.0|15.4|0.3|0.1|0.85|76.7|73.2|suiker, magere MELKpoeder 42%, koffie-extract 7,5%, zout, oplosmiddel E341, aroma
Kaas|Kruidkaas schijfjes|361.0|28.8|27.3|18.5|2.84|0.1|0.1|gepasteuriseerde koeMELK, zout, 0,7% komijn, 0,5% kruidnagel, microbieel stremsel, zuursel, kleurstof: carotenen.
Kaas|Belgozola|436.0|14.0|42.0|28.0|1.7|0.5|0.5|Gepasteuriseerde KOEMELK, room (MELK), zout, microbieel stremsel, zuursel, witschimmelcultuur, blauwschimmelcultuur.
Kaas|Blauwforte Classic|446.0|13.6|43.0|27.4|1.7|0.1|0.1|Gepasteuriseerde KOEMELK, room (MELK), zout, zuursel, microbieel stremsel, blauwschimmelcultuur, rijpingscultuur.
Kaas|Blauwe Droomchèvre|431.0|13.0|42.0|27.0|1.6|0.5|0.5|melk, room (melk), zout, zuursel (melk), microbieel stremsel, blauwschimmelculture, rijpingsculture
Kaas|Roquefleur|361.0|19.0|31.0|20.0|3.1|1.5|0.5|Rauwe SCHAPENMELK, zout, dierlijk stremsel, zuursel, Penicilium Roqueforti.
Kaas|Communauté Bleufort Kaas 100 g|365.0|19.0|31.7|22.5|3.7|0.8|0.0|
Kaas|Meadow Cheese|103.0|12.2|4.6|3.0|0.6|2.7|2.7|magere melk, room, zout, melkzuurbacteriën, microbieel stremsel.
Kaas|Kaasunie cottage delight|92.0|13.0|4.0|2.6|0.7|1.0|1.0|gepasteuriseerde koeMELK, zuursel, gejodeerd zout, stremsel (vegetarisch).
Kaas|Superkaas Rookringen 50+ 200 g|346.0|21.8|28.7|18.6|2.9|0.0|0.0|Kaas 91,7% (melk, zout, zuursel, stremsel), water, voedingszuur: E331, rookaroma, conserveermiddel: E200 en E251, kleurstoffen: carotenen en annatto, E = door EU goedgekeurde hulpstof.
Kaas|Blap. Veen Smaakkaas ltd. BLX|346.0|21.8|28.7|18.6|2.93|0.0|0.0|92% kaas (gepasteuriseerde koeMELK, zout, zuursel (MELK), dierlijk stremsel), water, voedingszuur: E331, <1% rookaroma, conserveermiddelen: E200/E251, kleurstoffen: carotenen/annatto norbixine.
Kaas|AH Vuurkaas jalapeño 40+ plakjes|302.0|22.0|22.0|15.0|2.0|3.8|0.0|melk, water, boter, maïszetmeel, smeltzout (E339, E452), zout, zuursel, kruiden, 0,4% chilipeper, specerijen, stremsel, conserveermiddel (E251), kleurstof (caroteen, annatto), rook. Waarvan toegevoegde suikers 0.00g per 100 gram
Kaas|Schijven rijpkaas|346.0|21.8|28.7|18.6|2.93|0.0|0.0|Kaas (MELK), water, smeltzout: E331, rookaroma, kleurstof: carotenen/annatto norbixine, conserveermiddel: E200.
Kaas|Vanloen Rookkaas plakjes (180 gram)|355.0|21.8|29.2|19.0|1.6|0.0|0.0|Kaas (MELK), water, kleurstof: carotenen, kleurstof: annatto, smeltzout: natriumcitraten, conserveermiddel: Sorbinezuur, conserveermiddel: natriumnitraat (E251), calciumchloride, rookaroma
Kaas|Specerijkaas bootje chili 105g|381.0|22.9|32.1|21.6|1.8|0.0|0.0|gepasteuriseerde MELK, zout, sambal 1,5% (tomatengranulaat, chilipeper), zuursel, vegetarisch stremsel, kleurstof: annatto, conserveermiddel: E251.
Kaas|Alpen smelt 50+|316.0|20.5|26.0|17.5|1.8|0.05|0.05|Gepasteuriseerde KOEMELK, MELKEIWITTEN, zout, zuursel, vegetarisch stremsel.
Kaas|Blanche Meiélé 2500g|221.0|14.2|17.4|12.28|2.0|2.0|1.3|gepasteuriseerde MELK, zout, vegetarisch stremsel, conserveermiddelen: E202 en E251.
Groente|Krokante Kappertjes (370 gram)|26.0|2.0|0.3|0.1|5.6|2.4|0.0|Kappertjes, water, zout, azijn Ingrediënten: 60% Kappertjes, 40% zout.
Fruit|ECO frambozen|85.0|1.0|0.0|0.0|0.01|20.0|20.0|kersen*, water, suiker*. * van biologische oorsprong
Fruit|Serenvo Amoreto bessen|268.0|0.2|0.0|0.0|0.09|67.0|67.0|ontpitte kersen, suiker, glucose, water, voedingszuur: citroenzuur; aroma, antioxidant: ZWAFELDIOXIDE; kleurstof: anthocyane.
Vlees en gevogelte|Geroosterde kipfiletrol|211.0|19.5|14.6|4.3|1.8|0.3|0.1|97% kippenvlees, 2% kiprollademix (zout, stabilisatoren: E451/E452, specerijen (koriander, peper, foelie, fenegriek, nootmuskaat, paprikapoeder, chilies, kurkuma, gember, piment, kruidnagel, SELDERIJzaad, kardemom, karwijzaad), natuurlijk aroma, glucosest
Hartig broodbeleg|Bakkerskruim en toast met Bretoense kip|239.0|10.0|18.2|1.6|1.16|7.8|5.8|kippenvlees 30%, raapolie, water, paprika 12%, prei 10%, appel 9%, suiker, aubergine, scharrelEIGEEL, kruiden en specerijen, zout, maïszetmeel, gemodificeerd maïszetmeel, zuurteregelaar: E262, dextrose, maltodextrine, gistextract, plantaardig eiwithydroly
Hartig broodbeleg|Gerookte kalkoen salade|300.0|7.69|26.27|2.7|1.4|8.06|4.9|40% Gerookte kipfilet (96% kippenvlees*, zout, dextrose, suiker, natuurlijk aroma, rook), water, raapzaadolie, suiker, maïszetmeel, VRIJE-UITLOOPKIPPENEI-EIGEEL, azijn, gemodificeerd maïszetmeel, zout, rookaroma, natuurlijk aroma, verdikkingsmiddel: xanth
Hartig broodbeleg|Mega Poulet-Satéspread 180 g|372.0|8.6|29.6|4.8|1.4|17.0|13.8|Gefrituurd gemarineerd kippenvlees 30% (kip, paneermeel [tarwe], suikerstroop, water, gehydrolyseerd eiwit [soja, maïs], zout, kleurstof: E150c, kruiden, specerijen [selderij], stabilisator: E450, dextrose, soja-eiwit, tarwezetmeel, maltodextrine, ui, raa
Hartig broodbeleg|Super Kip-Kastanje Mix 150 g|341.0|6.4|31.7|3.9|1.3|6.8|4.3|Gekookt kippenvlees 33,7% (kippenvlees Beter Leven 1 ster, water, aardappelzetmeel, maïszetmeel, zout, suiker, glucosestroop), koolzaadolie, water, walnoten 9,9%, suiker, natuurazijn, scharreleigeel, gemodificeerd maïszetmeel, zout, voedingszuur: melkzuur
Hartig broodbeleg|Kip sambal salade|279.0|9.1|19.32|2.4|0.975|16.9|13.4|27% gebraden kipblokjes (90% kippenvlees*, SOJASAUS (melasse, water, zout, SOJABONEN, TARWE, azijn), zout, kruiden, specerijen, dextrose, SOJA-EIWIT, TARWEZETMEEL, knoflook, maltodextrine, ui, aardappelzetmeel, raapzaadolie), 22% satésaus (45% PINDA, meng
Hartig broodbeleg|Kip-Sensatie salade|334.0|7.7|24.7|4.2|1.4|19.5|13.3| 30% satésaus (PINDA, suiker, water, SOJASAUS [water, SOJABONEN, zout, TARWE], azijn, aroma [SOJA],raapzaadolie, gemodificeerd maïszetmeel, weipoeder [MELK], zout, rode peper, gember, specerijen, kleurstof:E150d), water, 13% gebraden kipblokjes (86% kippe
Vlees en gevogelte|Kipschnitzel salsa 2ST 2021+|263.0|10.4|18.8|4.1|0.95|12.7|2.5|55% kippenvlees, 18% satésaus (water, 23% PINDA, suiker, azijn, gemodificeerd maïszetmeel, gehydrolyseerd SOJA-EIWIT, gebrande suikerstroop, raapzaadolie, zout, weipoeder (MELK), aroma's, specerijen), 10% paneermeel (TARWEBLOEM, water, gist, zout, kleurst
Gebak en koek|Kokosknabbels|515.0|6.5|31.0|15.0|0.4|51.0|37.0|suiker, tarwebloem, plantaardige olie (palm, raap), 13% pinda, 13% kokos, glucosestroop, sojabloem, zout, natuurlijke aroma's (melk), kaneel, vrije-uitloopei-eiwitpoeder, emulgator (lecithine [E322], mono- en diglyceriden van vetzuren [E471]), mageremelkp
Gebak en koek|Krakelkoeken kokos|515.0|6.5|31.0|15.0|0.4|51.0|37.0|suiker, tarwebloem, plantaardige olie (palm, raap), 13% pinda, 13% kokos, glucosestroop, sojabloem, zout, natuurlijke aroma's (melk), kaneel, vrije-uitloopei-eiwitpoeder, emulgator (lecithine [E322], mono- en diglyceriden van vetzuren [E471]), mageremelkp
Gebak en koek|Bakkerskoeken|486.0|5.4|22.1|9.8|1.08|65.9|30.2|TARWEbloem, suiker, plantaardige oliën (palm, raapzaad), rijsmiddel: natriumcarbonaten, SOJAbloem, gedroogde glucosestroop, invertsuikerstroop, zout, aardappelzetmeel, glucosestroop, TARWEzetmeel, emulgator: SOJAlecithine, aroma.
Gebak en koek|Hollandkoeken|486.0|5.4|22.1|9.8|1.08|65.9|30.2|TARWEbloem, suiker, plantaardige oliën (palm, raapzaad), rijsmiddel: natrium-carbonaten; SOJAbloem, gedroogde glucosestroop, invertsuikerstroop, zout, aardappelzetmeel, glucosestroop, TARWEzetmeel, emulgator: SOJAlecithine; aroma. Kan sporen van ei, melk
Gebak en koek|Mega kokoskringel|481.0|4.0|26.0|22.0|0.14|55.0|36.0|31% Kokos, suiker, TARWEBLOEM, glucose-fructosestroop, 5% boterconcentraat (MELK), VRIJE-UITLOOPKIPPENEI, TARWEZETMEEL, aardappelzetmeel, weipoeder (MELK), rijsmiddel: E450/E500, dextrose, aroma, geconcentreerde kokosmelk, kleurstof: E100/E160b(ii), malto
Gebak en koek|Sweet Avenue Delights Cocoa Storm 4 stuks|380.0|4.0|23.0|12.0|0.53|44.0|30.0|chocolade (27,37%) [suiker, ongezoete chocolade, cacaoboter, MELKVET, emulgator: E322 (SOJA), vanille], suiker, water, zure ROOM [gekweekt ROOM (MELK), magere MELK, enzymen], TARWEbloem, margarine [ SOJA-olie, palmolie, water, zout, emulgator: E471, vetvr
Gebak en koek|Zomerse aardbeiknabbels 2ST|231.0|4.0|10.1|5.2|0.9|30.2|14.3|TARWEBLOEM, volle MELK, 15% aardbei, suiker, water, dextrose, verdikkingsmiddelen: E407/E410/E466, gemodificeerd maïszetmeel, bakkersgist, SCAHRRELEI, palmvet, MELKPOEDER, zout, zuurteregelaars: E330/E331, maïszetmeel, emulgatoren: E471/E472a, vanille aro
Gebak en koek|Kasteeloven koekjes met romige witte chocolade en frambozendingen 100stuks|410.0|4.8|15.8|8.9|1.0|61.8|40.6|TARWEbloem, suiker, 17% witte chocolade stukjes (suiker, volle MELKpoeder, cacaoboter*, magere MELkpoeder, emulgator (E322 (SOJA)), natuurlijk vanille aroma), margarine (plantaardige olie (palm, kokos, raapzaad), water, emulgator (E471), zuurteregelaar (E
Gebak en koek|Noordzee krakers|563.0|6.6|33.7|16.4|1.07|57.8|20.6|TARWEBLOEM, margarine (palm-, raapzaad- en kokosolie, emulgator: E471, voedingszuur: E330, aroma), suiker, 5% roomboter (MELK), zout, rijsmiddel: E500/E450, invertsuikerstroop. Dit product kan sporen bevatten van PINDA'S en NOTEN.
Niet-alcoholische dranken|Amsterdamse aroma|418.0|8.086|13.478|12.245|0.804|64.297|32.322|Maltodextrine, 19% suiker, 18% magere MELKPOEDER, glucosestroop, kokosolie, 9% oploskoffie*, 3% magere cacaopoeder*, natuurlijke aroma´s, stabilisator: E340/E452, zout, MELKEIWIT, emulgator: mono- en diglyceriden van vetzuren, antiklontermiddel: E551. *Ra
Fruit|Janssens Geraspte Kokos|660.0|6.9|65.0|57.0|0.09|7.4|7.4|kokos 100%.
Groente|Zomerland Boerenblad|33.0|3.0|0.6|0.1|0.08|1.6|0.4|boerenkool. Waarvan toegevoegde suikers 0.00g per 100 gram en waarvan toegevoegd zout 0.00g per 100 gram
Groente|VEENKOOL GRIET||||||||boerenkool.
Groente|Zwartkoolini|33.0|3.0|0.6|0.1|0.1|1.6|0.4|cavolo nero. Kan SELDERIJ bevatten.
Groente|Crisp Delight boerenkool mezzo|46.0|4.0|1.0|0.2|0.125|4.0|0.1|Boerenkool.
Groente|Hollandse Koolstukjes Farmfresh Bevroren 1 kg|46.0|4.0|1.0|0.3|0.1|4.0|0.0|Boerenkool
Groente|Veen - paarse kool met peer veen natuuurlijk 450 g|65.0|1.8|0.8|0.1|0.67|11.7|10.7|Diepvriesproduct. Ingrediënten: 68% rode kool*, water, 10% appel* (appelpuree*, appelstukjes*), rietsuiker*, aardappelzetmeel*, appelazijn*, zonnebloemolie*, zout*, citroensap*, specerijen* (peper*, kaneel*, kruidnagel*). *= van gecontroleerde biologische
Groente|Gesnipperde paarse kool|27.2|2.0|0.1|0.1|0.1|3.0|3.0|Rode kool. Verpakt onder beschermende atmosfeer.
Groente|Karmozijn kool|27.0|2.0|0.0|0.0|0.003|3.0|3.0|Rode kool*. *van biologische oorsprong
Hartige snacks en zoutjes|De Vrije Heerlijckheid Beemster Oven & Airfryer Krokets|228.0|8.2|13.0|7.3|1.3|21.0|2.0|Water, 19% Extra Belegen Beemster KAAS, paneermeel (TARWEBLOEM, VOLKORENTARWEMEEL, zout, gist, zonnebloemolie), doorhaalmiddel (water, glucosestroop, witte basterdsuiker (suiker, invertsuikerstroop), TARWEBLOEM, dextrose, stabilisator (E466), zout, TARWE-
Vis, schaal- en schelpdieren|Klab (170 gram)|70.0|15.0|1.0|0.0|0.25|0.0|0.0|krab (SCHAALDIER) Portunus pelagicus, water, zout, voedingszuur: E330, conserveermiddel: E223 (SULFIET) Krab (witvlees 60%, pootjes 40%) (Portunus pelagicus), wild gevangen met korven en vallen / kieuwnetten en soortgelijke netten in het centraal-westelij
Vis, schaal- en schelpdieren|Lavendel kreeft premium 175 g|51.0|11.0|0.5|0.0|0.85|1.0|0.5|Wit krabvlees en poten (Portunus pelagicus), water, zout , voedingszuur: citroenzuur, antioxidant: EDTA, conserveermiddel: natriummetabisulfiet
Hartige snacks en zoutjes|Vuurkroketjes, voorafgebakken, vriesvers|229.0|7.8|12.5|3.8|1.0|21.0|1.3|water, tarwebloem, 20% gekookt rundvlees, palmolie, roggebloem, kippenei- eiwit*, sojabloem, gemodificeerd zetmeel (mais, aardappel, tarwe), boter (melk), zout, gelatine (rund), champignonpoeder, verdikkingsmiddelen: guarpitmeel, xanthaangom, natriumcarbo
Hartige snacks en zoutjes|Fleumers Goulash kroketten 4stuks|259.0|6.4|14.5|3.8|1.2|24.5|2.3|Water paneermeel (TARWEBLOEM, TARWEMEEL, zout, gist, kleurstof: E160b), ui, plantaardige oliën (palm, raap, zonnebloem), TARWEBLOEM, 7% gekookt rundvlees (rundvlees, water, zout, stabilisator: E450, gekarameliseerde suiker), gedroogde glucosestroop, baste
Gebak en koek|NL Organisch Peperkruiden|448.0|6.8|13.0|6.4|1.38|75.0|31.0|tarwebloem*, rietsuiker*, palmolie*, speculaaskruiden* (gember, anijs, nootmuskaat, kruidnagel, kaneel), rijsmiddel (natriumcarbonaat [E500], ammoniumcarbonaat [E503]), zout, Bourbonvanille*, gekaramelliseerde suiker*. EU/niet-EU Landbouw *Van biologische
Gebak en koek|De Kleine Bakker kruidenbolletjes original 500g|437.0|8.6|11.0|5.4|1.44|75.0|31.0|TARWEBLOEM, suiker, plantaardige oliën (palmolie, raapzaadolie), glucosestroop, specerijen (bevat o.a. kaneel), rijsmiddelen (natriumcarbonaten, ammoniumcarbonaten, difosfaten), zout, gebrande suikerstroop, kleurstof (ammoniakkaramel), volle MELKPOEDER, k
Gebak en koek|Speculaadjes|448.0|5.4|15.0|7.5|1.35|71.0|30.0|TARWEBLOEM, suiker, plantaardige oliën (palm, raap), glucose-fructosestroop, specerijen, rijsmiddel: E500/E503/E450, zout, gebrande suiker. Dit product kan sporen van PINDA en NOTEN bevatten.
Gebak en koek|Speculaartjes|444.0|6.9|11.3|5.2|1.406|76.8|31.1|TARWEbloem, suiker, plantaardige oliën (palm, raapzaad), glucosestroop, specerijen (bevat kaneel), rijsmiddelen: E450, E500, E503, zout, gebrande suikerstroop, invertsuikerstroop, magere MELKpoeder, emulgator: SOJAlecithine, kleurstof: E150. Kan sporen va
Melk en melkproducten||74.0|7.5|3.1|2.0|0.103|3.9|3.9|Halfvolle kwark (MELK).
Samengestelde gerechten|Grönteravioli 450g Vega|94.0|3.5|4.0|1.0|0.604|10.7|4.3|tomatensaus 27,7% (tomaat, zout), courgette 11%, ui 10%, spinazie 9,5%, gepasteuriseerde MELK, lasagnebladen 7,4% (TARWEgriesmeel, water), aubergine 6%, paprika 6%, pompoen 2,7%, water, kaas (gepasteuriseerde MELK, aardappelzetmeel, zout, zuursel, vegetar
Samengestelde gerechten|Lasijnze groentbalen|116.0|3.1|5.6|1.4|0.85|12.2|4.0|37% Tomaat, 9% courgette, 9% ui, 8% gefrituurde aubergine (aubergine, zonnebloemolie), griesmeel van harde TARWE, water, 5,5% wortel, geraspte kaas (MELK, zout, zuursel, stremsel, aardappelzetmeel), olijfolie, kruiden, specerijen, suiker, gemodificeerd ma
Samengestelde gerechten|Pastynie Groenteriana|115.0|3.5|6.4|1.1|1.0|9.1|4.0|tomaten (44%), courgettes (18%), gefrituurde aubergines (10%) (auber ine, zonnebloemolie), ui (8%), griesmeel van harde TARWE, olijfolie, KAAS, wortelen (4%), TARWEbloem, kruiden en specerijen, scharrel EIEREN, zout, groentebouillon, knoflook, suiker, spe
Graanproducten en bindmiddelen|BellaRoma Lasagna Verde 250 g|352.0|11.0|1.4|0.3|0.05|72.0|3.2|Durum tarwegries, spinazie in poedervorm (2%)
Vis, schaal- en schelpdieren|AH Gouden knapperbekjes|180.0|15.0|7.5|0.8|1.65|13.0|0.4|63% heek, tarwebloem, water, conserveermiddel (natriumacetaat [E262], melkzuur [E270]), gist, gemodificeerd aardappelzetmeel, dextrine, zonnebloemolie, rijstebloem, zout, gistextract, aardappelzetmeel, specerijen (o.a. mosterd), dextrose, aroma (tarwe), t
Vlees en gevogelte|Kippenhart 400GR 1BLK|110.0|18.4|3.9|1.9|0.225|0.0|0.0|100% kippenlever*. * = Beter Leven keurmerk 1 ster
Alcoholische dranken|Dawnes Liqueur Sweetened Toffee 700 milliliter||||||||
Alcoholische dranken|Bella's Berry Delight||||||||
Alcoholische dranken|Davids with Whisper of Walnut||||||||MILK
Alcoholische dranken|Beethoven Ivory Delight||||||||Contains Cream (LACTOSE)
Graanproducten en bindmiddelen|Jumbo Crispydeeg|290.0|9.0|1.1|0.4|0.8|60.0|4.0|tarwebloem, water, maïszetmeel, zout, conserveermiddel (kaliumsorbaat [E202]), meelverbeteraar (l-cysteïne [E920]). Waarvan toegevoegde suikers 0.00g per 100 gram en waarvan toegevoegd zout 0.70g per 100 gram
Groente|Verdant Maispitjes 300 g|98.0|2.8|1.1|0.2|0.22|18.0|2.7|Maïs, water, suiker, zout
Groente|Koesi 300g|79.0|2.6|1.7|0.3|0.26|12.0|5.5|maïs, water, zout.
Vis, schaal- en schelpdieren|Haringfilet kruidige olie Indigo|219.0|21.7|14.6|2.9|0.83|0.0|0.0|Ingrediënten : Spaanse MAKREELfilets (Scomber japonicus), zonnebloemolie, zout. Wild gevangen in centraal-oostelijke Atlantische Oceaan (FAO zone 34)
Vis, schaal- en schelpdieren|Haringfilets in olijfolie 125 g (125 gram)|288.0|20.0|23.0|4.1|0.7|0.2|0.2|72% Makreel (VIS) (Scomber Scombrus), 27.2% zonnebloemolie , 0.8% zout Makreel (Scomber Scombrus), gevangen met trawlnetten in het noordoostelijke deel van de Atlantische Oceaan (FAO 27 [subvangstgebied: zie inkjet op het blikje]).
Hartige sauzen|El Dorado mayonaise Habanero 250gram|294.6|0.8|29.2|4.9|2.1|6.2|0.0|Saus (Sojaolie, water, gemodificeerd zetmeel, EIPOEDER, zout, azijn, MOSTERD (MOSTERDMEEL, azijn, kurkuma) suiker, citroen, verdikkingsmiddel: xanthaangom), gepekelde jalapeño peper (jalapeño peper (55,7%), water, zout, azijn, specerijen, verstevigingsmid
Melk en melkproducten||46.0|1.3|0.0|0.0|0.04|10.5|4.2|water, magere MELK, zoetstof, maltitolsiroop, dextrine, glucose-fructosesiroop, aroma's vitamine C, zoetstof, steviolglycosiden (zoetstof van natuurlijke oorsprong) en L. casei Shirota bacteriën.Yakult Plus is GLUTENvrij.
Fruit|Hero's Goudgele Melonen Honing||||||||
Fruit|Zalina meloen|27.0|0.5|0.0|0.0|0.1|6.0|6.0|galia meloen.
Fruit|Golfo meloen|27.0|0.5|0.0|0.0|0.0|6.0|6.0|Galiameloen.
Fruit|Balimeloen|27.0|0.5|0.0|0.0|0.05|6.0|6.0|Galiameloen.
Fruit|zonnemeloen|27.0|0.5|0.0|0.0|0.004|6.0|6.5|Galiameloen.
Fruit|Zonnige zoetmeloen||||||||
Graanproducten en bindmiddelen|Graannestjes bruin 500g|342.0|13.5|2.0|0.1|0.025|64.0|3.5|volkoren harde TARWEgriesmeel. Kan sporen bevatten van ei en soja.
Vetten en oliën|Pure Natuurlijke Kokos Bakolie Frituren, Wokken en Bakken Zonder Kokosgeur!|894.0|0.0|100.0|90.8|0.0|0.0|0.0|Ontgeurde biologische Kokosolie
Vetten en oliën|Eco Kokosolie Pure Virgin Raw 220 g|900.0|0.0|100.0|87.0|0.0|0.0|0.0|Koudgeperste biologische extra virgin kokosolie
Vetten en oliën|EcoNourish Kokosolie puur BIO|900.0|0.0|100.0|91.0|0.0|0.0|0.0|kokosolie*. *van gecontroleerde biologische teelt.
Vetten en oliën||823.0|0.0|91.4|6.3|0.03|0.0|0.0|Koolzaadolie (100%)
Flesvoeding en preparaten|NURTLÉ® Kleutermelk 12+ opgroeimelk 1L|70.0|1.9|3.1|0.8|0.07|8.5|5.2|Magere melk, water, maltodextrine, plantaardige oliën (palm, raapzaad (laag erucazuur), zonnebloem), suiker, lactose, minerale zouten (calciumcitraat, zinksulfaat, ijzersulfaat, kaliumjodide, natriumselenaat), emulgator: sojalecithine, vitaminen (C, niaci
Hartige snacks en zoutjes|KFS kroketten crispy kip 300 gram|214.0|6.6|12.0|4.0|1.5|19.0|1.5|water, TARWEbloem, 12% gegaarde kipfilet (kippenvlees*, aardappelzetmeel, zout), plantaardige oliën (zonnebloem, palm), TARWEmeel, gelatine, zout, natuurlijk aroma, gedroogde glucosestroop, verdikkingsmiddelen: E461/E464/E466, aroma (bevat EI), kruiden, s
Melk en melkproducten|Klieverhoutpap|64.0|4.17|1.8|0.9|0.1|7.6|4.6|Gepasteuriseerde halfvolle MELK*, 6% HAVERVLOKKEN*, zout. *= van gecontroleerde biologische oorsprong.
Groente|Kleintje Paprika Duo|25.0|0.8|0.1|0.0|0.003|4.3|4.3|Paprika.
Groente|kleine pepersymfonie|25.0|0.8|0.1|0.0|0.003|4.3|4.3|Paprika.
Groente|Pepra Quix|24.0|0.8|0.1|0.0|0.003|3.8|3.8|Paprika.
Groente|Pepperbliss Blend||||||||
Groente|Peperprofiel|24.0|0.8|0.1|0.0|0.003|3.8|3.8|
Graanproducten en bindmiddelen|NATU Rigatoni volkoren 500g|336.0|13.5|2.0|0.1|0.025|62.0|3.5|volkoren harde TARWEgriesmeel¹. ¹Van biologische oorsprong. Kan bevatten: ei en soja.
Graanproducten en bindmiddelen|Penne Liscio 500g|354.0|11.8|1.5|0.1|0.025|72.0|3.5|Harde tarwegriesmeel.
Groente|Snack Me Spicy Ruby 50g||||||||
Fruit|Zomerse nectar perziken (850 gram)|74.0|0.5|0.0|0.0|0.0|18.0|16.0|perziken, water, suiker, zuurteregelaar: citroenzuur
Noten en zaden|Baltoria Gesneden pompoenpitten|345.0|24.5|23.5|4.0|0.006|7.0|0.0|Pompoenpitten. Deze verpakking kan (sporen van) pinda's en verschillende soorten noten bevatten.
Noten en zaden|Zonnebloempitten|574.0|30.3|47.2|11.1|0.025|2.7|1.3|100% pompoenpitten.
Samengestelde gerechten|Pizza 5 kazen|245.0|10.8|10.1|6.0|0.83|27.1|1.5|Pizzabodem (TARWEBLOEM, water, tomatenpuree, raapolie, zeezout, zout, gist), 15 % mozzarella (MELK, zout, zuursel, vegetarisch stremsel), 7% mascarponecrème (room (MELK), 40% mascarpone (room (MELK), voedingszuur: citroenzuur), magere MELKPOEDER, stabilis
Groente|Klp radijsel|22.0|1.0|0.0|0.0|0.063|4.0|3.0|radijs
Groente|Zomerfris rauwkost mix 5x75gr (1000 kilogram)||||||||komkommer, tomaten, paprika rood, paprika groen, paprika geel
Vleeswaren|Bovenvleesrook|125.0|24.8|2.7|1.1|3.7|0.3|0.2|96% Rundvlees, zout, dextrose, maltodextrine, conserveermiddel: E250, suiker, antioxidant: E301, kruidenextracten, specerij, stabilisator: E450, culturen, rook. 100g runderrookvlees is afkomstig van 103g rundvlees.
Vleeswaren|Runderrokosvlees|125.0|24.8|2.7|1.1|3.7|0.3|0.2|96% Rundvlees, zout, dextrose, maltodextrine, conserveermiddel: E250, suiker, antioxidant: E301, kruidenextracten, specerij, stabilisator: E450, culturen, rook. 100g runderrookvlees is afkomstig van 103g rundvlees.
Vlees en gevogelte|Kleinstadtkiprollade 115GR 1BLK|132.0|22.0|3.8|1.1|3.7|2.4|0.5|98% kippenvlees*, zout, voedingszuur: E260/E325, kruiden, specerijen, stabilisatoren: E450/E452, dextrose, maltodextrine, gehydrolyseerd koolzaadeiwit, gistextract, gedroogde groentepoeder (prei, ui,), water, paprikaconcentraat, zonnebloemolie, natuurlijk
Vleeswaren|"Natuurlijk Leven* Rookvlees ""fijntje"""|101.0|22.0|1.0|0.3|3.0|1.0|0.9|96% Rundvlees*, zout, zeezout, glucosestroop, suiker, dextrose, voedingszuur: E331, antioxidant: E301, rundereiwit, conserveermiddel: E250/E252, natuurlijk aroma, peterselie, rook. * = Beter Leven keurmerk 1 ster.
Vleeswaren||93.0|20.0|1.0|0.3|3.2|1.0|1.0|Paardenvlees 95%, zout, suiker, dextrose, stabilisator: E450, antioxidant: E301, conserveermiddelen: E250 en E252, zuurteregelaar: E325, gistextract, rookaroma, aroma, rook, E= door EU goedgekeurde hulpstof.
Vleeswaren|Runderrijpvlees|130.0|23.0|4.0|1.8|3.2|0.5|0.5|95% rundvlees, zout, suiker, dextrose, antioxidant: E301, conserveermiddel: E250, beukenhoutrook Voor 100 g eindproduct is 103 g rundvlees gebruikt
Vleeswaren|Boevenrookvlees 44g|100.0|22.0|1.0|0.5|3.5|0.7|0.6|rundvlees 96%, zout, glucosestroop, suiker, dextrose, voedingszuur: E331, gistextract, aroma (SELDERIJ), kruiden (peterselie, SELDERIJ), antioxidant: E301, conserveermiddelen: E250 en E252, rook.
Hartig broodbeleg|Canadese koolmix tray 9x100gr (1050 kilogram)|126.0|1.8|9.0|1.8|0.4|8.4|8.1|wittekool, MAYONAISE (SOJAOLIE, water, SCHARRELEIGEEL, suiker, MOSTERD (water, MOSTERDZAAD, azijn, zout, specerijen), zout, aroma, verdikkingsmiddel (E415), azijn, conserveermiddel (E202), voedingszuur (E330), kleurstof (E160a), antioxidant (E385)), winte
Hartig broodbeleg|Roodgeslaw 1kg (1020 gram)|110.0|1.8|4.7|0.8|0.3|13.0|12.0|spitskool, bieten, wittekool, winterpeen, rozijnen geel, rode uien, venkel, mayonaise (**sojaolie**, water, **scharreleigeel**, suiker, **mosterd** (water, **mosterdzaad**, azijn, zout, specerijen), zout, aroma, verdikkingsmiddel (E415), azijn, conserveer
Hartig broodbeleg|Yumzee eierspread 180g|270.0|7.7|24.9|3.7|1.3|3.4|2.5|gekookt ei Beter Leven 62,9%, raapzaadolie, water, suiker, natuurazijn, scharreleigeel, zout, voedingszuren: melkzuur en citroenzuur, bieslook, gemodificeerd maïszetmeel, zuurteregelaars: E262 en E325, specerijen (mosterd, selderij), verdikkingsmiddelen:
Hartig broodbeleg|Oeufsalade 1Kg|438.0|8.1|44.6|6.1|0.99|0.4|0.1|mayonaise [raapolie, azijn, vrije uitloop EI, water, MOSTERDZAAD, specerijen, zout, verdikkingsmiddel (xanthaangom), antioxidant (calciumdinatrium)], 38,7% gekookt ei [vrije uitloop EI, water, zout, voedingszuur (natriumcitraat, citroenzuur), conserveermi
Hartig broodbeleg|Caribische scharreleisalade|236.0|7.8|19.8|3.0|1.0|6.6|4.6|60% SCHARRELEI, koolzaadolie, water, suiker, ui, azijn, maïszetmeel, SCHARRELEIGEEL, kerrie (raapzaadolie, specerijen, azijn, zout, water, gistextract, suiker), zout, aroma, gemodificeerd maïszetmeel, gele peper, conserveermiddel: E211/E202, voedingszuur:
Hartig broodbeleg|Surinaamse kerriekruiden eiermix|236.0|7.8|19.8|3.0|1.0|6.6|4.6|60% SCHARRELEI, koolzaadolie, water, suiker, ui, azijn, maïszetmeel, SCHARRELEIGEEL, kerrie (raapzaadolie, specerijen, azijn, zout, water, gistextract, suiker), zout, aroma, gemodificeerd maïszetmeel, gele peper, conserveermiddel: E211/E202, voedingszuur:
Hartig broodbeleg|Kreeftimi-salade (150 gram)|281.0|6.3|25.0|2.3|1.91|7.7|2.9|35% surimi (VIS, suiker, EI-eiwit, water, TARWEZETMEEL, raapzaadolie, zout, SOJA-eiwit, gemodificeerd maïszetmeel, smaakversterkers (E621, E635), aroma (bevat: SCHAALDIEREN), kleurstoffen (E160c, E120)), raapzaadolie, EI, water, 8% KRAB (SCHAALDIEREN), az
Kaas|TOVENAARSKAAS® Basilicum Belegen Kaas 150g|410.0|4.3|39.0|9.3|0.9|8.4|6.6|koolzaadolie,15% roomkaas (MELK, room [MELK], microbieel stremsel, zuursel), water, 13% room (MELK), 9% kaas (MELK, zout, zuursel, stremsel, conserveermiddel [natriumnitraat], kleurstof [caroteen]), suiker, spinazie, 3% basilicum, 2% verse peterselie, kno
Hartig broodbeleg|Kruidenkaas mix salade|364.0|6.6|33.33|6.93|1.95|9.1|4.3|34% gesmolten kaas (kaas [MELK], water, maïszetmeel, smeltzouten: E452/E339, aardappelzetmeel, zout), water, raapzaadolie, suiker, maïszetmeel, vrije-UITLOOPEIGEEL, azijn, gemodificeerd maïszetmeel, zout, 0,3% bieslook, conserveermiddelen: E202/E211, voed
Hartig broodbeleg|Blieze salde kip kurie|338.0|12.7|29.0|2.5|0.73|5.9|3.0|kippenvlees 40%, raapolie, water, suiker, maïszetmeel, azijn, scharrelEIGEEL, kerrie 0,6%, specerijen, zout, gemodificeerd maïszetmeel, voedingszuur: citroenzuur/wijnsteenzuur, zuurteregelaar: E262, dextrose, maltodextrine, stabilisator: guargom/johannesb
Hartig broodbeleg|Kip korma salade|443.0|7.7|43.3|4.7|1.8|6.1|3.5|gekookte kip (42%) (kip (Beter Leven Keurmerk 1 ster), water, maïszetmeel, aardappelzetmeel, zout, suiker, glucosestroop), raapzaadolie, water, suiker, azijn, EIgeel, specerijen (bevat: MOSTERD), kruiden, MOSTERD, dextrose, ananassap, kruidenextract, zout
Hartig broodbeleg|Kip korma smeersel|343.0|8.6|30.27|3.0|1.35|8.56|5.0|Raapzaadolie, 20% gekookt kippenvlees (99% kippenvlees*, zout), water, 18% gekookt kippenvlees (97% kippenvlees*, aardappelzetmeel, zout), suiker, VRIJE-UITLOOPKIPPENEI-EIGEEL, 2% kerriepasta (raapzaadolie, specerijen, azijn, zout, water, suiker), maïszet
Hartig broodbeleg|Pollo picalilli salade|343.0|8.6|30.27|3.0|1.35|8.56|5.0|Raapzaadolie, 20% gekookt kippenvlees (99% kippenvlees*, zout), water, 18% gekookt kippenvlees (97% kippenvlees*, aardappelzetmeel, zout), suiker, VRIJE-UITLOOPKIPPENEI-EIGEEL, 2% kerriepasta (raapzaadolie, specerijen, azijn, zout, water, suiker), maïszet
Hartig broodbeleg|Gourmet xl seafoodkrab-mix (1000 gram)|320.0|4.2|28.3|2.4|1.6|11.4|5.0|39% visbereiding met VISSPIEREIWIT (water, 34% Alaska koolvis (Theragra chalcogramma) (VIS), zetmeel (aardappel, doperwten, maïs, TARWE), SCHARRELEI-EIWIT, koolzaadolie, SOJA-EIWIT, suiker, zout, stabilisatoren (sorbitolen, polyfosfaten), aroma (bevat SCH
Hartig broodbeleg|Zalmkruidensalade|344.0|13.9|29.93|2.6|1.07|4.6|3.4|46% Gekookte Skipjack tonijn (VIS) (98% tonijn (VIS), zout, groente-extract (erwt, wortel)), raapzaadolie, water, 4% VRIJE-UITLOOPEI, suiker, 2% VRIJE-UITLOOPKIPPENEI-EIGEEL, azijn, maïszetmeel, tomatenpuree, zout, gistextract, MOSTERD (water, MOSTERDZAAD
Suiker, snoep, zoet beleg en zoete sauzen|Sugarland Zouteknuppels 1000 g|388.0|3.6|0.2|0.2|1.35|93.0|71.0|glucosestroop, suiker, dextrose, geleermiddel (gelatine), salmiakzout (1%), zoethoutwortelextract, aroma (vanilline), kleurstof (karamel).
Niet-alcoholische dranken|Van der Kamp Rijke Tomaat|16.0|0.8|0.1|0.01|0.02|2.9|2.9|Tomatensap
Niet-alcoholische dranken|Vander tomato nectar eco (250 gram)|15.0|0.8|0.5|0.1|0.1|2.6|2.6|Tomatensap, Zeezout
Samengestelde gerechten|De Boerenspiezen in doosje|236.0|10.0|16.0|3.0|1.2|12.0|12.0|34% varkensvlees, water, 15% pinda, suiker, invertsuikerstroop, karamel, aardappelzetmeel, gehydrolyseerd soja-eiwit, azijn, tomatenpuree, zout, gemodificeerd maïszetmeel, suikerstroop, melasse, plantaardige olie (raap, zonnebloem), dextrose, specerijen (
Samengestelde gerechten|Heerlijk Leven** Goulash (variant 2b)|100.0|7.5|4.0|1.6|1.1|8.2|4.0|48% Rundvlees°, groenten (9% ui, 7% rode paprika, 7% groene paprika), tomatenpuree, water, zonnebloemolie, gemodificeerd maiszetmeel, rode wijn, specerijen, zout, voedingszuur: E326/E262, aroma, smaakversterker: kaliumchloride, verdikkingsmiddel: guarpitm
Samengestelde gerechten|Blk2* kipsate met stok 165g dv|157.0|11.7|7.3|1.58|1.14|10.4|5.5|pindasaus 62,5% (water, gemalen PINDA's 11,3%, suiker, ketjap [melasse, water, natuurlijk gefermenteerde sojasaus (water, SOJAbonen, TARWE, zout), zout, natuurazijn, salmiakzout], gemodificeerd maïszetmeel, TARWEbloem, tomatenpoeder, specerijen [chilipoed
Samengestelde gerechten|Mega Varken Saté Zonder Prikkers 200 g|144.0|7.9|7.6|1.7|1.4|10.4|4.9|Pindasaus 62,5% (water, gemalen pinda's 11%, suiker, ketjap [melasse, water, natuurlijk gefermenteerde sojasaus (water, sojabonen, tarwe, zout), zout, natuurazijn, salmiakzout], gemodificeerd maïszetmeel, tarwebloem, groentepoeder [ui, tomaat], sojasauspo
Samengestelde gerechten|Kuiks javaanse gehaktbites in satijnsaus|292.0|12.6|20.3|6.3|1.09|14.2|10.3|Satésaus 52% (water, gemalen PINDA's 29%, melasse, suiker, tomatenconcentraat, plantaardig gehydrolyseerd eiwit [SOJA, mais], raapzaadolie, kleurstoffen: E150c, E160c, azijn, zout, kruiden en specerijen, stabilisatoren: E412, E415), Gehaktballen 47% (vark
Samengestelde gerechten||199.0|12.0|13.0|2.7|1.2|6.8|4.5|Water, varkensvlees 28%, gemalen PINDA'S 19%, plantaardige oliën (palm, raap, zonnebloem), suiker, SOJA-eiwithydrolysaat, tomatensaus (tomatenpuree, glucose-fructosestroop, azijn, gemodificeerd maïszetmeel, zout, suiker, voedingszuur: citroenzuur), SOJAsa
Samengestelde gerechten|Jef's stoofpotje op keizerlijke wijze 0,215 kg|122.0|10.2|7.2|2.8|0.57|3.5|1.9|Rundvlees 43%, tomatenblokjes (tomaten 17,2%, voedingszuur: citroenzuur, stabilisator: E509), rode paprika, water, ui, tarwebloem, palmvet, olijfolie, knoflook, runderbouillonpoeder (aroma's, zout, kaliumzout, ui, specerijen, prei), tomatenpuree 1%, spece
Samengestelde gerechten|scharrelsaté|157.0|11.55|8.03|4.697|1.548|8.902|6.265|62,5% pindasaus (water, 19% PINDA, suiker, ui, melasse, zout, gemodificeerd maïszetmeel, specerijen, SOJASAUS (water, SOJABONEN, TARWE, zout), gehydrolyseerd SOJA-eiwit, uienpoeder, knoflookpoeder, tomatenpoeder, voedingszuur: citroenzuur, gekarameliseerd
Hartige sauzen|Grillmeestersaus|70.0|0.8|0.3|0.0|0.81|15.3|10.9|water, azijn (water, natuurazijn, kleurstof: karamel), suiker, groene paprika, rode paprika, ui, zilverui met zoetstof (ui, water, azijn, zout, conserveermiddel: E211, zoetstof: sacharinen, aroma), augurk met zoetstof (augurk, water, azijn, zout, conserve
Hartige sauzen|Heetzuursaus|85.0|1.3|0.1|0.04|2.35|17.9|12.9|tomatenpuree, 26% groenten (paprika, ui), glucose-fructosestroop, azijn, kruiden (peterselie, knoflook), gemodificeerd maïszetmeel, suiker, zout, 1,2% chilipeper, specerijen, citroensap, worcestersaus (water, glucosestroop, GERSTEMOUTAZIJN, suiker, zout,
Hartige sauzen|DON CAPITÁN FUEGO SALSA ERUPCIÓN 100ml Fles|120.0|3.0|8.0|1.0|0.34|14.0|7.0|tomaat, passievrucht, mango, madam jeanette, chilipeper, zonnebloemolie, knoflook, zout.
Hartige sauzen|Tropisch kruiden chili siroop fl 250ml|229.0|0.5|0.5|0.1|3.0|55.0|53.0|suikerstroop, chilipepers 22%, water, knoflook, natuurazijn, zout, gemodificeerd tapiocazetmeel, zuurteregelaars: E330, E260, stabilisator: E415.
Hartige sauzen|Spicy vuursaus|209.0|0.238|0.036|0.012|1.839|51.885|48.678|Water, suiker, 10% rode peper, natuurazijn, gemodificeerd maïszetmeel, zout, conserveermiddel: E202, 0,1% knoflook, voedingszuur: citroenzuur, gember, verdikkingsmiddel: xanthaangom, knoflookextract.
Hartige sauzen|Kruidige mango-limsachilisaus fl 150ml|154.0|0.0|0.0|0.0|1.6|38.0|34.0|Ananas 35%, water, suiker, rode chili 3%, knoflook, gemodificeerd tapiocazetmeel, peterselie, zout, antioxidant: ascorbinezuur, zuurteregelaar: azijnzuur, stabilisator: xanthaangom, gistextract
Hartige sauzen|Golden Nectar Mustard Bliss|20.0|0.8|0.5|0.1|2.18|2.6|0.6|Water, azijn, kruiden, specerijen (bevat mosterd 1,9%), zout, stabilisator; cellulose (E460), verdikkingsmiddel; xanthaangom (E415), voedingszuur; melkzuur (E270), aroma (type honing), voedingszuur; citroenzuur (E330), conserveringsmiddel; kaliumsorbaat (
Hartige sauzen|Kruidenknoflooksaus 150g potje|576.0|0.9|60.81|4.5|0.88|5.8|5.0|koolzaadolie, water, suiker, natuurazijn, knoflook 3,6%, gepasteuriseerd scharrelEIgeel, specerijen (knoflookpoeder, chilipeper, kurkuma, MOSTERDzaad, uienpoeder, witte peper), zout, peterselie, gemodificeerd maïszetmeel, conserveermiddelen: E202 en E211,
Hartige sauzen|Knoflooksaus vurige 150g|410.0|0.4|41.2|3.1|1.0|9.1|6.2|raapzaadolie, water, vloeibare suiker, natuurazijn, chilipeper 3%, knoflookpoeder 1%, basilicum, kurkuma, gemodificeerd aardappelzetmeel, suiker, zout, verdikkingsmiddelen: E412 en E415, conserveermiddel: E202, natuurlijk rozemarijn aroma, voedingszuur: c
Hartige sauzen|Kühnhaus Crafted Grill Smoky Black Pepper 240 ml|238.0|0.7|19.0|1.4|1.8|15.0|11.0|water, raapzaadolie, suiker, rode en gele paprika, uien, courgette, natuurazijn, gemodificeerd zetmeel, zout, WEIPOEDER, kruiden, MOSTERDZADEN, zwarte knoflook (0,2%), knoflook (0,2%), Zuid-Amerikaanse zwarte peper (0,2%), knoflook extract, voedingszuur:
Kruiden en specerijen|Goudkorrel Klassieke Roux Granules 10 kg|585.0|6.5|41.0|21.0|0.0|47.0|0.3|TARWEBLOEM, gedeeltelijk gehard palmvet Kan sporen bevatten van melk.
Kruiden en specerijen|Honig basis voor pasta ovenschotel spek kaas|445.0|14.0|21.0|12.0|5.9|50.0|4.6|Sausmix: KAASPOEDER 27%, TARWEBLOEM, palmvet, ui, zetmeel, zout, gistextract (bevat GERST), knoflook, aroma's (bevatten MELK, TARWE) glucosestroop, WEIPOEDER, paneermeel (TARWE), specerijen (peper, kurkuma, nootmuskaat), MELKEIWIT, voedingszuur (citroenzu
Kruiden en specerijen|Sweet Host Basis voor Pasta Velours 62 g|432.0|12.0|21.0|6.7|8.5|48.0|5.6|Tarwebloem, roompoeder 11%, bouillonpoeder (soja), zetmeel, zout, lactose, groenten (ui, paprika), zonnebloemolie, specerijen (kerrie, koriander, selderijzaad, cayennepeper), natuurlijke aroma's (bevatten melk), kruiden (oregano, peterselie, basilicum, ma
Vleesvervangers en zuivelvervangers|Plantkrachtige Bladburger (85 g) (2,5 kilogram)|175.0|19.1|6.7|1.1|2.1|7.0|3.7|49% groenten (ui, wortel, rode paprika, erwt, maïs, champignon), water, 16% plantaardige eiwitten (SOJA, TARWEGLUTEN, erwt), KIPPENEI-EIWIT, gemodificeerd zetmeel, aroma (TARWE, SELDERIJ), zonnebloemolie, zout, MELKEIWIT, dextrose, palmvet, kruiden en spe
Vleesvervangers en zuivelvervangers|Verdura Planta BioBurger|116.0|11.0|2.7|0.4|1.5|8.9|2.8|63% groenten [ui, mais, wortel, prei, groene paprika, rode paprika, sperziebonen, doperwten], 26% gerehydrateerd SOJA-EIWIT, aardappelzetmeel, aroma's, verdikkingsmiddel [methylcellulose], kruiden en specerijen, aardappeleiwit, zonnebloemolie, zeezout, aa
Vleesvervangers en zuivelvervangers|plantaardige schnitzeldoor|238.0|15.2|12.2|1.3|1.9|14.9|1.2|Water, 16% plantaardige eiwitten (SOJA, TARWEGLUTEN), paneermeel (TARWE), zonnebloemolie, VRIJE-UITLOOPKIPPENEI-EIWIT, TARWEBLOEM, azijn, zetmeel (aardappel, TARWE), natuurlijk aroma (SELDERIJ), zout, specerijen, ijzer, vitamine B12.
Vleesvervangers en zuivelvervangers|Floriva Vegan Kotelet|192.0|17.0|5.4|0.6|1.2|17.0|1.2|65% gerehydrateerd SOJA- en TARWE-EIWIT,paneermeel (TARWEBLOEM, zout, gist), water, zonnebloemolie, azijn,TARWEZETMEEL, TARWEBLOEM, verdikkingsmiddel (methylcellulose),natuurlijke aroma's, zeezout, ui, aardappelvezels, zout, gedroogdeglucosestroop, dextro
Groente|Groenkratje|14.0|1.0|0.0|0.0|0.15|2.0|1.0|BLEEKSELDERIJ.
Alcoholische dranken|Barbadino amontelado sherry 0,375||||||||
Alcoholische dranken|Victor's Sherry DX||||||||Allergie-informatie: bevat sulfiet.
Alcoholische dranken|De Witte Zwanen Sherry Fijnmanzanilla||||||||Contains sulfites
Niet-alcoholische dranken|Vruchtenblend yoghurt exotisch 250ml|61.0|2.4|0.3|0.1|0.035|11.7|10.7|ananaspuree 28%, ananassap 21%, yoghurt 17,5% (MELK), sinaasappelsap 15%, bananenpuree 10%, mangopuree 8,5%, antioxidant: E300.
Soepen|EK Ecostore Snertsoep in tas|57.0|2.7|2.0|0.5|0.58|6.0|0.9|water, groente* (16% spliterwt, knolselderij, 5% doperwt, 2% wortel, prei, ui), 3% varkensvlees*, zetmeel* (maïs, aardappel), raapolie*, aardappel*, zout, 0,4% rundvlees*, champignonconcentraat, 0,3% kruiden* (o.a. selderij), natuurlijk aroma, 0,1% specer
Soepen|Tastio ERWTEN Soep 750 ML|87.0|4.7|3.8|0.8|0.73|7.0|1.4|Groenten 68% (erwt¹ 56%, wortel¹, prei¹, ui¹, BLADSELDERIJ), water, rookworst² 11% (varkensvlees 81%, varkensseparatorvlees 9%, water, varkensvet, zout, dextrose, suiker, varkenscollageen, houtrook, aroma, conserveermiddel E250), aardappel, raapzaadolie,
Soepen|Unilux soep in blik robuuste erwtensoep 1,3 l|77.0|4.5|3.4|0.9|0.7|7.1|1.0|Groenten¹ 67,4% (erwt 56,1%, wortel, prei, ui, bladselderij), water, rookworst 10,6% (varkensvlees 84% (waarvan 20% separatorvlees), water, zout, collageen (rund, varken), aardappelzetmeel, stabilisator (E451, E452), voedingszuur E330, witte peper, nootmu
Graanproducten en bindmiddelen|Honing fijne pasta 500 g|355.0|12.0|1.5|0.1|0.03|72.0|3.5|Tarwegriesmeel. Kan sporen bevatten van kippenei.
Gebak en koek|Stroopkoekkrans|500.0|5.0|23.0|11.0|0.5|67.0|27.0|tarwebloem, suiker, plantaardige olie (palm, raap, palmpit), roomboter, voedingsvezel (inuline), 1,5% speculaaskruiden, kokosvet, invertsuikerstroop, vegetarisch weipoeder, glucosestroop, rijsmiddel (difosfaat [E450], natriumcarbonaat [E500], ammoniumcarb
Vlees en gevogelte|Dik rookspek blokjes|818.0|1.0|90.0|35.0|1.5|1.0|1.0|98% varkensspek, zout, beukenhoutrook
Vlees en gevogelte|Dorb. Zoutspek VCC Daan|757.0|2.0|83.0|30.0|3.5|0.5|0.5|96% varkensspek, zout, rook.
Groente|GRN Boerenkool|26.0|3.2|0.6|0.1|0.033|0.9|0.0|spinazie
Suiker, snoep, zoet beleg en zoete sauzen|Marshwonders -25% suiker|285.0|4.5|0.0|0.0|0.0|57.0|44.0|suiker, cichoreiwortel, glucose-fructosestroop, water, glucosestroop, varkensgelatine, maïszetmeel, vanillearoma.
Groente||28.0|2.0|0.6|0.1|0.1|2.0|0.0|Waarvan toegevoegde suikers 0.00g per 100 gram en waarvan toegevoegd zout 0.00g per 100 gram
Groente|Groenblad Puntjes - Eco|26.0|3.1|0.8|0.1|0.04|0.5|0.3|Bladspinazie* *Product van biologische landbouw.
Groente|Spinazie 'Verde' - Bladspinazie in delen|26.0|3.1|0.8|0.1|0.04|0.5|0.3|Bladspinazie
Groente|Kindersla|26.0|3.2|0.6|0.1|0.032|0.9|0.0|Spinazie.
Groente|Kleuterspinazie|26.0|3.2|0.6|0.1|0.032|0.9|0.0|Spinazie.
Groente||45.0|2.3|0.7|0.1|0.018|5.2|1.4|Spruiten.
Groente|Vlaamse spruiten|45.0|2.5|0.7|0.1|0.0|5.0|1.5|
Groente|Sprinkelend Spruitjes|46.0|3.1|0.5|0.1|0.03|5.1|3.1|Spruitjes extra fijn. Sporen mogelijk van SELDERIJ.
Groente||46.0|3.1|0.5|0.1|0.03|5.1|3.1|Spruitjes, Mogelijke aanwezigheid van SELDERIJ,
Suiker, snoep, zoet beleg en zoete sauzen|Zoetbietensirup eco, 450 g|203.0|1.0|0.2|0.0|0.02|47.0|43.0|biologische suikerbieten
Gebak en koek|Nootmuskaata Schuim Delight|573.77|2.045|39.364|19.792|0.084|53.617|51.785|suiker, creme [suiker, plantaardige vetten (palm, palmpit, palm, kokos), plantaardige olieën (raapzaad, raapzaad), water, lactose (MELK), HAZELNOTEN, MELKpoeder (magere), zout, aroma (aroma), MELKeiwit, emulgatoren (E471, E322 (lecithine), E322 (lecithine
Gebak en koek|Krokantaartjes|305.0|3.0|1.5|0.1|0.35|69.0|36.0|glucose-fructosestroop, roggebloem, water, maltodextrine, rijsmiddel (difosfaat [E450], natriumcarbonaat [E500]), plantaardige olie (zonnebloem, raap), roggemoutmeel, maïszetmeel, melkeiwit, aroma's, dextrose, kleurend kurkuma-extract, kleurstof (annatto
Gebak en koek|Notenwolktaart|391.0|2.8|27.3|18.8|0.05|33.2|32.2|magere MELK, suiker, plantaardige oliën (palm, palmpit, geheel gehard palmpit, raapzaad, kokos), 6,1% HAZELNOTEN, dextrose, emulgator: E322(SOJA)/E412/E433/E471, verdikkingsmiddel: E410/E466, magere MELKPOEDER, weipoeder (MELK), plantaardige vetten (palm,
Graanproducten en bindmiddelen|ECO Tagliolini 500g|354.0|11.8|1.5|0.1|0.025|72.0|3.5|harde TARWEgriesmeel¹. ¹van biologische oorsprong. Kan bevatten: ei en soja.
Vleesvervangers en zuivelvervangers|Daily Tofu Delight|167.0|16.1|10.6|0.76|0.5|0.0|0.0|water, sojabonen, zout
Vleesvervangers en zuivelvervangers|Geniet Bio Tofu 500 g|67.0|6.9|3.8|0.6|0.84|0.9|0.0|Water, tofu* 44% (SOJAbonen*, stremsel: calciumsulfaat), zeezout, *=biologisch
Hartige sauzen|Mega groene olijven spread 130 g|327.0|2.0|31.5|4.0|3.7|7.5|4.2|Groene olijven 56,7%, raapzaadolie, olijfolie, azijn, water, ansjovis, suiker, knoflook 2,4%, zongedroogde tomaten, zout, peterselie, specerijenextract, stabilisatoren: E412 en E415, voedingszuur: citroenzuur , gemodificeerd maïszetmeel, E= door EU goedge
Groente|AH SpicyGreen Sprouts|34.0|3.3|0.7|0.2|0.1|2.2|0.7|33% groeneradijskiem, 33% paarseradijskiem, 33% preikiem. Waarvan toegevoegde suikers 0.00g per 100 gram
Groente|Knackige Kiemen 250g (0 gram)|48.0|5.0|1.0|0.1|0.0|3.0|0.0|tauge
Groente|Spruitjes Gezond 280gr|25.0|2.0|0.1|0.0|0.0|3.2|3.2|tauge
Vleesvervangers en zuivelvervangers|Gemarineerde Tempeh Azteekse Mix|210.0|18.5|10.6|1.5|0.9|8.1|2.3|Ingrediënten lupine tempeh: Gefermenteerde Lupinebonen*, water, entcultuur. Ingrediënten Aziatische marinade: Tomaat*, Zonnebloemolie*, Tomatenpuree*, Citroensap*, Ui*, Oregano*, Rijststroop*, Zeezout, Paprikapoeder (gerookt)*, Cacao*, Komijnzaad*, Cayenn
Vleesvervangers en zuivelvervangers|VeganDelight Tempeh Tasty 200 g|201.0|20.8|10.9|2.9|0.01|2.0|0.5|60% SOJABOON, water, entculturen, rijstebloem
Vleesvervangers en zuivelvervangers|GreatChew Tempeh Delight 400 g|208.0|18.8|12.2|2.4|0.01|2.7|0.5|99% gekookte SOJABOON, rijstebloem, entculturen
Vleesvervangers en zuivelvervangers|PlantEats tempehblok puur 400 g|201.0|20.8|10.9|2.9|0.01|2.0|0.5|SOJABONEN, water, entculturen, rijstebloem.
Suiker, snoep, zoet beleg en zoete sauzen|Toffee & Ocean Kiss Fudge|451.0|1.0|16.3|10.1|0.8|74.9|70.3|Sugar, Salted Butter 18% (Milk, Salt), Sweetened Condensed Milk (Milk, Sugar),Glucose Syrup, Golden Syrup, Cornish Sea Salt 0.5%, Emulsifier Soya Lecithin, Natural Flavouring.
Suiker, snoep, zoet beleg en zoete sauzen|Volksfeestje Verkwikker Snoepjes|340.0|4.6|0.2|0.2|0.08|80.0|53.0|Glucosestroop (bevat SULFIET), suiker, gemodificeerd zetmeel, gelatine, melado, voedingszuren (appelzuur, azijnzuur, melkzuur, citroenzuur), kleurstoffen (anthocyanen, plantaardige koolstof, paprika-extract, luteïne, curcumine), aroma's, zoethoutwortelext
Suiker, snoep, zoet beleg en zoete sauzen|Milá cacao caramels 400 g|456.0|1.9|19.0|11.0|0.55|69.0|47.0|Glucosestroop, chocolade (25%) (suiker, cacaomassa, cacaoboter, botervet, emulgator (sojalecithine), natuurlijk vanille aroma), suiker, palmolie, gezoete gecondenseerde magere melk, bevochtigingsmiddel (sorbitol), cacaopoeder, natuurlijk aroma, zout, emul
Groente|Majesteuze Zongedroogde tomaatjes met balsamica|69.0|3.5|0.5|0.0|2.9|10.9|10.2|57% zongedroogde tomaten, water, 6% balsamicoazijn, zout, wijnazijn, suiker, peterselie, conserveermiddel: E224 (bevat SULFIET), verdikkingsmiddelen: E401, xantaangom, E509.
Groente|Eko rode uien 500g|36.0|1.2|0.2|0.1|0.0|6.1|6.1|rode ui
Samengestelde gerechten|Broodje pluimvee 200g|191.0|14.791|4.888|2.787|1.291|21.293|4.036|wit tarweroggebrood 35,9% (TARWEbloem, water, zuurdesem [water, TARWEbloem, desem (TARWE, ROGGE), volkorenROGGEmeel, TARWEmoutbloem, TARWEmoutmeel, enzymen (TARWE)], volkorenROGGEmeel, ROGGEkorrel, bakkersgist, zeezout, ROGGEzuurdesemextract, TARWEgluten,
Samengestelde gerechten|Tosti Gourmet Genius for Savvy Chefs 24x PL (2711 gram)|290.0|11.8|14.3|5.1|1.7|28.2|0.7|54.9% Brood: (TARWEBLOEM, water, bakkersgist, bakkerszout, meelverbeteraar (ascorbinezuur), TARWEZUURDESEM (gedroogd)), 23% Smeltkaas: (KAAS (MELK, zout, zuursel, stremsel, conserveermiddel (natriumnitraat), kleurstof (annatto norbixine, caroteen)), water
Groente|Purpere uien vers geschild 1kg (1040 gram)|37.0|1.3|0.2|0.1|0.0|6.3|4.5|rode uien
Groente|Roze uien 35/55 950 gr||||||||
Groente|Purperen uienringen|38.0|1.3|0.2|0.1|0.01|6.3|4.5|rode ui. Kan sporen van SELDERIJ bevatten.
Vleeswaren|Fricanoe Deluxe|169.0|22.0|8.5|3.1|1.1|1.2|0.1|97% varkensvlees*, gefermenteerde suiker, azijn, zout, specerijen (bevat SELDERIJ), voedingszuren: E262/E330, varkenseiwit, aroma's, salmiak, paprika granulaat, kruiden, water. * = Beter Leven keurmerk 1 ster.
Vleeswaren|Fremendeau SPDL gekorserd geroosterd (1250 gram)|132.0|23.4|4.0|1.37|0.3|0.5|0.2|97% mager varkensvlees, voedingszuren: E262, E326, E330, zout, specerijen (bevat SELDERIJ), varkenseiwit, gistextract, salmiak, paprika granulaat, kruiden
Vleeswaren|Gesneden Frikandel Pikant Speciaal 450GR|150.0|18.465|6.6|1.216|2.792|3.948|3.218|82% varkensvlees, tomaat, rozijnen, raapolie, kruiden en specerijen (knoflookpoeder, paprikapoeder, koriander, chilipeper, gemberpoeder, fenegriek, cayennepeper, witte peper), peterselie, suiker, zout, aroma, paprikaconcentraat, gekarameliseerde suiker, n
Vleeswaren|Zwijnenfricandel 120GR 1BLK|110.0|24.0|2.4|0.8|1.3|0.5|0.5|98% varkensvlees, voedingszuur: E260/E325, zout, vezel (aardappel, bamboe), gehydrolyseerd koolzaadeiwit, stabilisator: E451/E452, dextrose, kruiden, specerijen, water, zonnebloemolie.
Vlees en gevogelte|NM Boskarbonade|155.0|23.0|7.0|2.8|0.13|0.0|0.0|Waarvan toegevoegde suikers 0.00g per 100 gram en waarvan toegevoegd zout 0.00g per 100 gram
Vleesvervangers en zuivelvervangers|Tartex Floresso Tomato & Herb Delight|308.0|4.1|29.0|3.3|1.3|8.5|6.2|Tomatenpuree* (30%), zonnebloemolie*, zonnebloempitten* (14%), tomaten* (12%), water, citroensap van citroensapconcentraat*, appelsapconcentraat*, basilicum* (3%), zeezout, aardappelzetmeel*. *ingrediënt van gecontroleerd biologische teelt.
Vleesvervangers en zuivelvervangers|Plant-based Spraat Martino 150g|121.0|1.5|8.5|0.74|1.1|7.1|6.49|wortel 66%, tomatenconcentraat 8%, koolzaadolie, water, paprika, MOSTERD (water, MOSTERDzaad, azijn, zout, kurkuma), zout, invertsuikerstroop, rietsuikervezel, azijn, gemodificeerd maïszetmeel, kruidenextract (gebrande suiker, tamarinde, gist, nootmuskaat
Vleesvervangers en zuivelvervangers|Sunnnatur veggie spread mushroom|234.0|4.1|19.0|12.0|1.0|10.0|1.9|voedingsgist*, water, shiitake champignons* 13%, kokosolie*, aardappelzetmeel*, zonnebloemolie*, zeezout, geroosterde ui*, tomatenpuree*, uipoeder*, verdikkingsmiddel: guargom*, witte peper*. *ingrediënt van biologische teelt.
Fruit|Pure Green Figs|257.0|3.3|0.9|0.1|0.03|54.0|48.0|gedroogde vijgen*. *=biologisch.  Kan sporen bevatten van glutenbevattende granen, pinda's (aardnoten), noten, sesamzaad.
Fruit|Smakvijzen 250 gram|258.0|3.3|0.9|0.1|0.03|54.1|47.9|97% Spaanse vijgen, rijstebloem. Dit product kan sporen van PINDA, NOTEN en SESAM bevatten.
Gebak en koek|ZK Rijstentaart halve|239.0|3.5|12.0|7.5|0.3|29.0|17.0|water, 21% rijst, 20% slagroom, suiker, tarwebloem, vollemelkpoeder, scharrelei-eiwit, 2% room, scharreleigeel, plantaardig vet (palm, kokos), cacaoboter°, cacaomassa°, rijsmiddel (difosfaat [E450], natriumcarbonaat [E500], glucono-delta-lacton [E575]), b
Gebak en koek|Peerkranietjestaartje|274.0|3.3|9.8|5.1|0.28|42.3|20.3|TARWEBLOEM, 27% appel, water, suiker, palmvet, dextrose, bakkersgist, roomboter (MELK), rozijnen, witte basterdsuiker, gemodificeerd maïszetmeel, plantaardige oliën (raapzaad, katoenzaad), glucosestroop, TARWEZETMEEL, volle MELKPOEDER, bakkerszout, voedin
Gebak en koek|Rijstegebak 'traditioneel'|325.69|5.67|16.72|9.92|0.82|37.69|11.78|TARWEbloem, room(MELK), water, suiker, Plantaardig Vet(palm, palmpit, kokos), cacaomassa, gist, Plantaardige Olie(koolzaad, zonnebloem, raapzaad), bakkerszout, dextrose, MELK (halfvolle), cacaoboter, boterolie(MELK), Antiklontermiddel(E170, E470a, E535),
Gebak en koek|Rijstentaart roomweelde|257.0|3.6|14.2|9.2|0.238|28.6|12.9|slagroom (25% slagroom (MELK), suiker, emulgator E471, stabilisator E407), rijst (6% rijst, halfvolle MELK, suiker, room (MELK), rijstzetmeel), TARWEbloem, water, suiker, Eiwit, plantaardig vet (palm, raapzaad, kokos) [ongehard], plantaardige olie (palm,
Gebak en koek|Crème kruimeltaart volledig|256.0|3.1|9.2|4.5|0.52|40.3|20.5|water, TARWEBLOEM, suiker, plantaardige oliën (palm, raapzaad), gemodificeerd aardappelzetmeel, weipoeder (MELK), zetmeel (aardappel, TARWE), MELKPOEDER, gedroogde glucosestroop, gist, zout, rijsmiddel: E450/E500, verdikkingsmiddel: E407/E412/E466, glucos
Brood|NL Ecodeli Rijstwafels meervruchten|387.0|8.2|3.1|0.6|0.28|80.0|0.9|86% zilvervliesrijst*, 5% gierst*, 5% boekweit*, water, zeezout. Waarvan toegevoegde suikers 0.00g per 100 gram en waarvan toegevoegd zout 0.28g per 100 gram EU/niet-EU Landbouw *Van biologische oorsprong.
Brood|GreenNature Rijstcrackers met zeekristallen|389.0|7.9|3.0|0.6|0.28|81.0|0.9|zilvervliesrijst*, zeezout. Waarvan toegevoegde suikers 0.00g per 100 gram en waarvan toegevoegd zout 0.28g per 100 gram EU Landbouw *Van biologische oorsprong.
Brood|Multigraan krokantjes oriënteer|389.0|8.2|3.1|0.6|0.28|80.4|0.9|rijst, 5% gierst', 5% boekweit', 0,3% zeezout. 1van biologische productie. Kan sporen van sesamzaad bevatten.
Brood|Graanwafels|387.0|7.8|3.0|0.6|0.3|80.6|0.9|Rijst, 0,2% zeezout
Brood|Graanwafels mixgrain|365.0|8.0|3.0|0.7|0.78|74.0|1.5|75% zilvervliesrijst, 17% rogge, 7% haver, zeezout.
Suiker, snoep, zoet beleg en zoete sauzen|Apenbijters, zoete drop en romige banaanbeleving|343.0|0.9|0.2|0.1|0.1|84.0|52.0|Glucosestroop, suiker, gemodificeerd zetmeel, glucose-fructosestroop, zoethout in dropgedeelte (6,8%), melasse, aardappelproteïne, salmiakzout, verdikkingsmiddel (Johannesbroodpitmeel, xanthan), voedingszuur (citroenzuur), natuurlijk aroma, natuurlijke ar
Suiker, snoep, zoet beleg en zoete sauzen|Motormunch Schuimige Mustangs 20g|333.0|4.1|0.2|0.2|0.03|78.0|62.0|glucose-fructosestroop, suiker, gemodificeerd zetmeel, varkensgelatine, appelsap uit concentraat, voedingszuur (citroenzuur), natuurlijke aroma's, concentraten (zoete aardappel, wortel, radijs, appel, zwarte bes), glansmiddel (carnaubawas), antioxidant (a
Suiker, snoep, zoet beleg en zoete sauzen|Haribon Zomerselectie Feestpakket 550 g|343.0|6.9|0.5|0.1|0.07|77.0|46.0|Glucosestroop, suiker, gelatine, dextrose, voedingszuur: citroenzuur, uit sapconcentraat verkregen vruchtensap: appel, framboos, aardbei, citroen, sinaasappel, ananas, vruchten- en plantenconcentraten: wortel, rammenas, appel, spirulina, paprika, zwarte b
Suiker, snoep, zoet beleg en zoete sauzen|Scarlet Band Dropfruit Duo’s Zesty Sweet 250g|339.0|4.5|0.0|0.0|0.12|81.0|58.0|glucosestroop, suiker, zetmeel, gelatine, zoethoutwortelextract, voedingszuren (melkzuur, appelzuur), salmiakzout, gekaramelliseerde suiker, zuurteregelaar (natriummalaten), natuurlijke aroma's, concentraat van (wortel, zwarte bes), kleurstoffen (paprika
Suiker, snoep, zoet beleg en zoete sauzen|ZwartBand SnoepVruchten Duo's 180 g|335.0|5.1|0.2|0.1|0.05|79.0|46.0|Glucosestroop, suiker, zetmeel, gelatine , zoethoutwortelextract, salmiakzout, voedingszuur (melkzuur), gekaramelliseerde suiker, plantaardige oliën (kokos, koolzaad), natuurlijke aroma's, concentraat van (wortel, zwarte bes), glansmiddel (bijenwas), kleu
Suiker, snoep, zoet beleg en zoete sauzen|Snoepfeest|329.0|5.7|0.2|0.2|0.33|76.0|50.0|glucosestroop, suiker, suikerrietmelasse, varkensgelatine, tarwebloem, maïszetmeel, water, gemodificeerd maïszetmeel, voedingszuur (citroenzuur [E330]), zoethoutextract, sapconcentraat (appel, peer, druif, perzik, banaan, grapefruit, citroen, passievrucht
Suiker, snoep, zoet beleg en zoete sauzen|Starblend 550 g|342.0|6.6|0.5|0.1|0.03|77.0|47.0|Glucosestroop, suiker, dextrose, gelatine, voedingszuur: citroenzuur, aroma, vruchten- en plantenconcentraten: saffloer, spiruline, appel, vlierbes, zwarte bes, sinaasappel, kiwi, citroen, mango, passievrucht, aronia, druif, karamelsiroop, vlierbesextract
Vleeswaren|Haan Boerenworst 125 g|320.0|14.0|29.0|10.8|2.5|0.8|0.5|Varkensvlees* 92%, zonnebloemolie, zout, water, specerijen, dextrose, rookaroma, smaakversterker: E621, antioxidant: E301, extract van paprika, conserveermiddel: E250, * = Beter Leven keurmerk 1 ster., E = Door de EU goedgekeurde hulpstof.
Vleeswaren|Thuismeester|247.0|16.6|18.8|5.8|1.5|2.5|1.1|varkenslever 43%, varkensvlees 43%, scharrelEI, TARWEbloem, zout, emulgator: E471, glucosestroop, MELK, gehydrolyseerd eiwit 0,2% (maïs, koolzaad), conserveermiddel: E202, antioxidanten: E300 en E301, aroma's, witte peper, smaakversterkers: E621 en E631,
Vlees en gevogelte|VN Gelderlandse rookworst zacht|375.0|14.0|35.0|14.0|2.3|1.1|0.9|91% varkensvlees  (Beter Leven 1 ster), varkensvet (Beter Leven 1 ster), zout, specerijen, antioxidant (ascorbinezuur, E301), voedingszuur (citroenzuur, E262), rodebietenpoeder, gedroogde glucosestroop, dextrose, natuurlijk aroma, varkenscollageen, rook,
Vlees en gevogelte|AH Gelderse rookworst klassiek|384.0|14.0|36.0|14.0|2.13|1.0|1.0|92% varkensvlees (Beter Leven 1 ster), varkensvet (Beter Leven 1 ster), varkenscollageen, zout, specerijen (selderij, mosterd), dextrose, stabilisator (E450), voedingszuur (citroenzuur, E262), lactose, zuurteregelaar (E575), antioxidant (ascorbinezuur, E3
Vlees en gevogelte|Slanke rookvlees ambachtworst|235.0|16.0|19.0|7.0|2.2|0.5|0.5|92% varkensvleesb, water, rundercollageen, zout, voedingszuur (citroenzuur), stabilisator (E450, E452), rookaroma, natuurlijk aroma, antioxidant (E301), specerijen, specerijenextract, conserveermiddel (E250). bBeter Leven keurmerk 2 sterren.
Vlees en gevogelte|Vlamworst|376.0|11.2|35.7|13.9|2.0|2.4|0.0|74% varkensvlees*, varkensvet*, water, aardappelzetmeel*, zout, MOSTERDZAAD*, gember*, foelie*, nootmuskaat*, witte peper*, rietsuiker*, rijstmeel*, palmvet*, gistextract*, ui*, knoflook*, champignon*, kurkuma*, bietenpoeder*, conserveermiddel: E250, natu
Vlees en gevogelte|Lindenberg rookworst|301.0|14.0|27.0|10.3|2.35|0.5|0.5|varkensvlees 94%, waarvan mechanisch gesepareerd varkensvlees 13%, varkenszwoerd, zout, varkensspek, stabilisator: E451, voedingszuur: E330, dextrose, varkenshemoglobine, glucosestroop, specerijen, antioxidanten: E316, E301, rookaroma, conserveermiddel: E
Vleeswaren|Tongenboter|231.0|17.2|16.9|6.9|1.81|2.4|0.9|65% varkenstongen*, varkenshemoglobine*, varkensspek*, varkenszwoerd*, zout, water, voedingszuur: E326, specerijen, aardappelzetmeel, stabilisator: E451, kruiden, antioxidant: E316, conserveermiddel: E261/E250. * = Beter Leven keurmerk 1 ster
Vleesvervangers en zuivelvervangers|Meadow Feast Veggie Snappers|261.0|16.0|20.0|1.4|1.2|3.0|2.3|water, koolzaadolie, 12,6% TARWE-eiwit, KIPPENEI-eiwitpoeder, verdikkingsmiddelen (methylcellulose, carrageen, johannesbroodpitmeel, guarpitmeel, xanthaangom), specerijen (komijn, knoflook, prei, ui, kardemom, lavas, pastinaak, chilipeper), natuurlijk aro
Vleesvervangers en zuivelvervangers|Rookworst Verde|206.0|15.7|15.0|2.4|1.73|1.9|1.2|Water, 15% plantaardige eiwitten (SOJA, TARWEGLUTEN), raapolie, VRIJE-UITLOOPKIPPENEI-EIWIT, azijn, natuurlijk aroma, gedroogde ui, rijstzemelen, gistextract, dextrose, zout, TARWEBLOEM, gerookt water, extracten (ui, knoflook, specerij), suiker, mineraal
Vleesvervangers en zuivelvervangers|Groenteknabbels 200g|151.0|14.5|8.0|0.8|1.57|4.9|0.8|water, plantaardige eiwitten 11,3% (SOJA-eiwit, TARWEgluten), ui, raapzaadolie, vrije uitloopEIwit, zetmeel (aardappel, tapioca), natuurlijk aroma, zout, azijn, gebufferd azijnpoeder (conserverend ingrediënt), dextrose, specerijen (witte peper, zwarte pep
Groente|Kruidenpot|34.0|0.84|0.22|0.06|0.043|5.94|4.62|60% Wortel, 40% ui.
Groente|Erwtenmixgroenten zonder wortel zak 1kg (1050 gram)|31.0|1.4|0.2|0.0|0.25|4.6|3.2|prei, uien, **knolselderij**, **selderij**
Groente|STAMPSPOPS||||||||60% wortel, 40% ui. Dit product kan sporen bevatten van selderij.
Groente|Wortelstoof 1000g|34.0|0.84|0.22|0.06|0.043|5.94|4.62|peen, ui.
Groente|Stamppot schijven zak 450gr (480 kilogram)||||||||winterpeen, uien
Hartige snacks en zoutjes|Flavomex Thaise Groene Curry Crunchies 60 g|429.0|7.3|9.1|1.1|1.5|79.0|3.4|82% rijst, zonnebloemolie, 4,5% Thaise groene curry kruidenmix [rijstbloem, specerijen en kruiden, dieetzout (kaliumchloride), aardappelzetmeel, limoensappoeder, gistextract, citroensappoeder, plantaardige olie (citroengras, limoen), sjalotpoeder, speceri
Hartige snacks en zoutjes|Kruidantjes|480.0|4.5|20.0|2.0|2.0|70.0|11.0|45% rijst, zonnebloemolie, zetmeel (maïs, tapioca), poeder (9% maïs, tomaat), suiker, rijstolie, zout, water, maltodextrine, sojaboon, specerijen (o.a. chili), tarwe, weipoeder, kleurstof (paprika-extract [E160c], karamel [E150a], curcumine [E100]), gemod
Hartige snacks en zoutjes|Krokantezoutjes oersnacks zeezilt 100g|417.0|8.1|7.0|1.7|0.78|78.7|0.2|zilvervliesrijst 48,9%, rijst 31,5%, palmolie, aardappelzetmeel, quinoa, amaranth, gierst, lijnzaad, sesamzaad, gierstbloem, sorghum-meel, zeezout 0,4%, zout, amaranthbloem, zwarte peper, antioxidant: extracten van rozemarijn, peperextract.
Hartige snacks en zoutjes|Samurai Spice Blend 250 g|480.0|7.5|20.3|7.7|1.3|65.1|14.7|26% rijst, tarwebloem, palmolie, 13% pinda, suiker, gemodificeerd maïszetmeel, zetmeel (aardappel, tapioca), maltodextrine, glucosestroop, sojasaus (water, soja, tarwe, zout), zout, lactose, sesam, 0,3 % wasabi kruidenmix [suiker, zout, maltodextrine, soj
Melk en melkproducten|FRISKO Yogilando Tots Cracker|95.0|3.7|3.2|2.0|0.08|13.0|8.6|volle MELK 90%, biscuit poeder 7% (TARWEbloem, suiker, kokosolie, WEIpoeder), maiszetmeel, gekarameliseerde suikerstroop, zuurteregelaar (kaliumhydroxide)
Alcoholische dranken|Corsvale Renarde||||||||Bevat tarwe en gerstemout.
Alcoholische dranken|Baron Lars Noble Reserve||||||||Water, GERSTEMOUT, TARWEZETMEEL, Hop, Suiker, Kleurstof: Karamel
Graanproducten en bindmiddelen|Durum graan gemalen (1 kilogram)|338.0|10.5|1.0|0.1|0.025|70.5|2.5|Gemalen durum TARWE
Brood|SESAM KRUIDENBROOD WIT 400 GR.|278.12|11.874|5.924|0.967|1.119|43.101|1.389|TARWEbloem, water, SESAMzaad (gepeld), gist, zout, dextrose, TARWEgluten, emulgator (E472e), meelverbeteraars (E300, E920), TARWEmout, enzymen (TARWE), stabilisator (E415), antioxidant (E300), GERSTemoutmeel, enzymen, plantaardige olie (raapzaad), antiklo
Graanproducten en bindmiddelen|BakeMuur kant-en-klaar zadenbrooddeeg Mix 420gram|192.0|11.6|1.99|0.42|1.32|31.24|0.77|TARWEbloem, water, TARWE 6%, ROGGEzuurdesem, rijsmiddelen (glucano-delta-lacton, natrriumcarbinaat), ROGGE 1%, lijnzaad <1%, zonnebloempitten <1%, bakkerszout, TARWEbloem (gefermenteerd), TARWEzuurdesem, (gedroogd), zout, spelt <1% (TARWE), GERSTEMOUT, em
Graanproducten en bindmiddelen|Summit's Pure Choice Broodmix Volvezelig|347.0|3.3|0.9|0.2|0.02|81.1|0.2|Maïszetmeel, teffmeel, rijstmeel, tapiocazetmeel, zonnebloempitten (3%), verdikkingsmiddel (xanthaangom), zaden (lijnzaad, SESAMZAAD) 4%, LUPINEMEEL, weipoeder (MELK), dextrose, gejodeerd zout, rijsmiddel (difosfaten, natriumcarbonaten), emulgator (SOJALE
Soepen|Woudchampignon soep 300ml|43.0|0.6|2.8|1.5|0.7|3.8|0.3|water, bospaddenstoelen 7,2% (oesterzwam, shiitake, nameko, boleet, champignon), room 1,7% (MELK), maïszetmeel, gemodificeerd maïszetmeel, raapzaadolie, natuurlijke aroma's, kokosolie, TARWEbloem, zout, emulgator: E472e (plantaardig), MELKeiwit, kervel 0,
Suiker, snoep, zoet beleg en zoete sauzen|Pinda choco hapjes|506.0|9.5|28.0|12.0|0.58|52.0|42.0|suiker, pinda, glucosestroop, cacaoboter, palmvet, vollemelkpoeder, gecondenseerde magere melk, cacaomassa, bevochtigingsmiddel (sorbitol [E420]), gerstemoutextract, lactose, vegetarisch weipoeder, zout, natuurlijk aroma (pinda), emulgator (sojalecithine
Vleesvervangers en zuivelvervangers|Tortilla Bonenpatty Fiesta 2st/80g|247.0|12.0|10.5|1.5|1.1|22.6|2.5|groenten 28,2% (maïs, courgette, rode paprika, ui), kidneybonen 19,4%, paneermeel (TARWEbloem, zout, specerijen [paprikapoeder, kurkuma]), water, erwteneiwit 7%, zonnebloemolie, tomatenpuree, TARWEbloem, specerijen (komijn, zwarte peper, paprikapoeder, ui
Hartige snacks en zoutjes|KRUNCHY'S MAMA MEDITERRANEAN CHEESE PEPPER FLAIR 125GR|476.0|3.5|22.0|1.7|2.9|63.0|1.2|aardappelpoeder, aardappelzetmeel, zonnebloemolie, kaas- en paprikasmaak [aroma (bevat KAAS, ui- en knoflookpoeder, paprikapoeder), weipoeder (van MELK), smaakversterker (mononatriumglutamaat), voedingszuur (citroenzuur)], zout.
Fruit|Zonhart Vita Snacks Mangoblokjes|344.0|0.1|0.0|0.0|0.1|86.0|66.6|Papaya, rietsuiker, conserveermiddel (zwaveldioxide). Kan sporen van NOTEN, GLUTEN, SESAM, PINDA en SULFIET bevatten.
Suiker, snoep, zoet beleg en zoete sauzen|Dr. Plaetzer Sprinkle Pink|388.0|0.0|6.2|2.3|0.01|83.0|81.0|Suiker , water, plantaardige olie (palm en raapzaad), glucosestroop, gemodificeerd zetmeel, natuurlijke aroma's (bevat MELK), emulgator (E435), conserveermiddel (E202), kleurstof (E120), zuurteregelaar (E330).
Vlees en gevogelte|Grillpakket Plus 12p|200.0|19.0|12.0|4.5|1.1|4.5|3.5|Sparerib: 81% varkensrib, honing, water, melasse, zout, specerijen (o.a. 0,1% chili), zuurteregelaar (kaliumlactaat [E326]), maltodextrine, stabilisator (natriumfosfaat [E339], trifosfaat [E451]), antioxidant (natriumcitraat [E331]), gehydrolyseerd planta
Kruiden en specerijen|KERSTIS SPICE DIPSAUS PITTIGE BENGAALSE KRUIN 6GR|347.0|6.0|3.4|0.6|4.4|70.0|48.0|dextrose, specerijen (kurkuma, 2% koriander, knoflookpoeder, cayenne peper, witte peper, serranopeper, 0,3% gember, foelie, piment, 0,03% rode paprika), ui, tomatenpoeder, zout, kruiden (BLADSELDERIJ, komijn, fenegriek), gedroogde glucosestroop, spinaziep
Melk en melkproducten|ODHH Knabbelgom beker ijs|177.0|2.3|6.6|4.6|0.23|27.0|24.0|water, magere melk, suiker, glucose-fructosestroop, melkeiwit, roomboter, 4,5% aardbeienpuree, verdikkingsmiddel (arabisch gom, pectin), gemodificeerd maïszetmeel, kersensap, voedingszuur (citroenzuur, E331), kleurend wortelextract, natuurlijke aroma's, g
Suiker, snoep, zoet beleg en zoete sauzen|JF Kleine fruit poppets|87.0|0.1|0.0|0.0|0.0|21.0|21.0|Kersenwaterijs: water, 20% kersensap uit concentraat, suiker, glucose-fructosestroop, natuurlijk aroma, stabilisator (guarpitmeel), kleurstof (E163)., Sinaasappelwaterijs: water, sinaasappelsap uit concentraat, appelsapconcentraat, suiker, glucose-fructos
Niet-alcoholische dranken|Grünwick groene thee puur 1,5 l|19.0|0.0|0.0|0.0|0.0|4.5|4.5|Water, suiker, voedingszuur (citroenzuur), 0,12% groene thee-extract, natuurlijk citroen aroma met andere natuurlijke aroma's, natuurlijke aroma's, zoetstof (steviolglycosiden)
Kaas|Perlovo|388.0|25.0|32.0|18.0|4.5|0.0|0.0|Gethermiseerde SCHAPENMELK, zout, dierlijk stremsel.
Hartige snacks en zoutjes||226.0|14.1|13.2|1.6|1.3|11.0|1.1|Water, cornflakes (mais, suiker, zout, moutextract), sojabonen (17%), zonnebloemolie, beslag (water, tarwebloem, zout), vegetarisch stremsel (calciumchloride, natriumalginaat), tarwegluten, soja-eiwit, plantaardig verdikkingsmiddel (methylcellulose), krui
Vlees en gevogelte|Woksnippers Aziatisch 350gr 1blk|186.0|17.29|12.16|2.54|0.85|1.1|0.84|91,7% Kippenvlees, plantaardige olie (raap, zonnebloem), suiker, zout, specerijen, aroma's, groenten (knoflook, ui), paprikaconcentraat, voedingszuur: E270/E327, kruiden, glucosestroop. Dit product kan sporen van TARWE, GLUTEN, GERST, SOJA, MELK, SELDERIJ
Hartig broodbeleg|Kip-Karbon Salade|370.0|6.5|35.3|3.8|1.5|5.4|4.0|koolzaadolie, 24% gebraden kippenvlees (92% kippenvlees Beter Leven 1 ster, zetmeel, zout, specerijen, stabilisator [trifosfaten], gedroogde glucosestroop, water, natuurlijk aroma), witte kool, 7% knoflook, water, komkommer, volle yoghurt (MELK), suiker,
Brood|Eveline's Select Ontbijtcrackers 190 g; glutenvrij en biologisch (190 gram)|389.4|8.4|20.1|5.4|0.5|41.7|3.8|Water, Rijstemeel, Zonnebloempitten, Aardappelzetmeel, Maiszetmeel, ei, Margarine (ongehard plantaardig palm en kokosvet, plantaardige zonnebloemolie, water, antioxidant: citroenzuur, zonnebloemlecithine), Boekweit, SESAMZAAD, Rietsuiker, Maismeel, Verdik
Gebak en koek|EETWEEK OCHTEND 250G VOLGRAAN EA|437.0|8.9|13.0|1.1|0.92|67.0|24.0|VOLKORENTARWEMEEL 40,3%, suiker, gemalen HAVERVLOKKEN 19%, koolzaadolie, gepofte rijst (rijstebloem, suiker, GERSTEMOUTEXTRACT, zout), rijsmiddelen (ammoniumwaterstofcarbonaat, monocalciumfosfaat, natriumwaterstofcarbonaat), inuline, glucose-fructosestroo
Samengestelde gerechten|Lasagne della Casa 1kg (1000 gram)|149.0|6.7|8.0|2.5|0.85|12.0|2.8|magere MELK, water, 17% varkensvlees, tomaten, griesmeel van harde TARWE, tomatenconcentraat, 5% KAAS, koolzaadolie, gemodificeerd maiszetmeel, TARWEBLOEM, uien, SCHARRELEI, erwtenvezel, zout, kruiden en specerijen, zeezout, aroma, aardappelzetmeel
Kruiden en specerijen|Romige kip sausmarinade|23.0|1.2|0.3|0.1|13.0|3.8|3.2|rode paprika, zout, knoflook, ui, citroen, vruchtenazijn (ZWAVELDIOXIDE) en specerijen.
Hartige sauzen|Floria Mayonaise Jalapeño Twist 220 ml pot|630.0|1.0|68.0|5.2|1.6|3.9|3.5|raapolie 68%, water, azijn, vrije uitloop EIGEEL 5,0%, suiker, chili peper 3,0%, zout, MOSTERD (water, MOSTERDZADEN, azijn, specerijen), citroensap, knoflookpoeder, aroma, voedingszuur: melkzuur, verdikkingsmiddel: xanthaangom, specerijen, kleurstof: papr
Niet-alcoholische dranken|Verfris crystal citrus 1,5 ltr|0.0|0.0|0.0|0.0|0.0|0.0|0.0|mineraalwater, koolzuur, aroma.
Graanproducten en bindmiddelen|Baakmans mini kruimelgebakjes|310.0|4.2|11.0|4.6|0.7|48.0|27.0|taartmix TARWEBLOEM, suiker, rijsmiddelen (E500, E450, E341), magere MELKPOEDER, zout Ingrediënten kaneelmix: suiker, gemodificeerd zetmeel, gemodificeerd TARWEZETMEEL, kaneel, verdikkingsmiddel (E466), voedingszuur (citroenzuur), natuurlijk citroenaroma
Gebak en koek|Epic Binnen Muesli Bar Zero Yogurt 6 x 20g|335.0|8.1|10.0|7.4|0.38|63.0|3.4|Zoetstof (maltitol), volkoren granenvlokken 21% (TARWE, HAVER, GERST), volkoren TARWEcrispies (volkoren TARWEmeel 19%, TARWEGLUTEN, GERSTmoutextract), volle YOGHURTpoeder* 7%, cornflakes (mais, zout, GERSTmoutextract), plantaardig vet (kokos, palm), stabi
Kruiden en specerijen|Smaakvolle sojabonen stoofpotje|131.0|5.3|3.9|2.6|0.28|18.0|0.2|water, suiker, 5,5% chilipeper, groente (ui, sjalot), gemodificeerd maïszetmeel, plantaardige olie (raap, zonnebloem), zeezout, 3,4% kokosschaafsel, zout, 3,2% specerijen (knoflook, gember, venkel, zwarte peper, kurkuma), palmvet, gedroogde ui, melasse, g
Graanproducten en bindmiddelen|Bellissimo Gourmet Volkoren Spaghetti 1kg|347.0|13.0|2.5|0.5|0.013|64.0|3.5|volkoren griesmeel van harde TARWE, water. Kan sporen van SOJA bevatten.
Suiker, snoep, zoet beleg en zoete sauzen|Juliana munt pastilles zwart 100 g|400.0|0.6|0.5|0.5|0.0|99.0|99.0|Suiker, gemodificeerd aardappelzetmeel, gelatine, glansmiddel (stearinezuur), natuurlijk munt aroma, antiklontermiddel (magnesiumstearaat)
Hartig broodbeleg|Pinda Praliné natriumlager|645.0|20.0|55.0|9.5|0.0|14.0|9.0|77% pinda, zonnebloemolie, dextrose, gehard palmvet.
Hartige snacks en zoutjes|Starcrunch Garden Pepper 80gr|456.0|8.7|20.0|16.0|2.3|54.0|11.0|maïs* 65%, kokosolie* 16%, rietsuiker*, bbq-poeder* (maïsmeel*, zout, paprika*, ui*, knoflook*, gember*, gistextract, gerookt zout, witte peper*, komijn*, zonnebloemolie*, cayennepeper*) paprika* 3,5%, zeezout 1,3%. *Biologische oorsprong
Vleesvervangers en zuivelvervangers|ZonderVis Citroen Tonijn|129.0|12.9|6.7|0.7|0.72|2.2|0.1|89% sojatextuur (water, SOJA-eiwitconcentraat), koolzaadolie, sojasaus (water, SOJAbonen, zout, natuurazijn), natuurlijk aroma (GLUTEN), 0,7% citroensap, algenolie, zeezout, duindoorn, knoflookpoeder, 0,1% zwarte peper, kleurstof: lycopeen.
Vlees en gevogelte|Biefstuk tartalij (zeer mager)|125.0|20.0|4.5|2.3|1.11|0.6|0.2|94% rundvlees*, water, zout, dextrose, specerijen, kruiden, uienpoeder, natuurlijk aroma, gedroogde glucosestroop, extract van paprika, voedingszuur: natriumacetaat; antioxidanten: ascorbinezuur, natriumascorbaat, natriumcitraten. *Beter Leven keurmerk 2
Hartig broodbeleg|Beenmestersalade puur leven 1 ster (1000 gram)|282.0|6.0|25.1|2.8|1.5|7.2|3.6|40% gekookte beenham (69% varkensvlees Beter Leven 1 ster, water, aardappelzetmeel, zout, stabilisatoren (verwerkt Eucheuma-wier, difosfaten, trifosfaten), antioxidanten (natriumascorbaat, natriumerythorbaat, extracten van rozemarijn), specerijen, ui-extr
Niet-alcoholische dranken|FreshZest Royal Citrus|42.0|0.7|0.0|0.0|0.002|8.9|8.9|Sinaasappelsap uit concentraat.
Kruiden en specerijen|Knorr oregano roomsdressing, 50 g|100.0|1.5|7.0|4.5|1.1|7.0|1.0|Plantaardig vet, tarwebloem, aardappelzetmeel, zout, melksuiker, gistextract, melkeiwitten, plantaardige olie, aroma, roompoeder 1,4% (melkvet, magere melk, antioxidanten (E304i, E307)), kruiden (basilicum, oregano, bieslook, peterselie), uienpoeder, spec
Niet-alcoholische dranken|ZB Beverage Hydratone|22.0|0.0|0.0|0.0|0.12|5.7|5.4|Water, suiker, glucosefructosestroop,voedingszuur: citroenzuur, citroensap, natuurlijk citroenaroma, calciumlactaat, magnesiumlactaat, natriumcitraat, natriumchloride, kaliumcitraat, kleurstoffen: concentraat (saffloor en citroen) en E131, natriumfosfaat,
Samengestelde gerechten|Nasi ketjap|113.0|6.6|2.4|0.9|1.14|15.7|9.6|(40%)varkensvleesreepjes (95% varkensvlees, water, (gemodificeerd) aardappelzetmeel, zout, natuurlijk aroma, TARWEVEZEL, stabilisator: E451, zuurteregelaar: natriumcarbonaten, varkenseiwit), water, (10%)ketjap manis(suiker, water, SOJA, zout, kleurstof: k
Melk en melkproducten|Luna Mediterrane Stijl Yoghurt Rode Bes 450 g|137.0|6.1|6.7|4.7|0.1|12.2|11.9|YOGHURT, glucose(-fructose)stroop, 6,1% aardbei(4,9% aardbei, 1,2%aardbeiensap),suiker, maïszetmeel, verdikkingsmiddel: pectine, natuurlijke aroma, kleurend plantenconcentraat (rode biet, zwarte wortel), zuurteregelaar: natriumcitraat.
Vis, schaal- en schelpdieren|Sardinos MSC zonnebloemolie 110 g|177.0|26.2|8.0|1.2|14.3|0.0|0.0|Ansjovisfilets (FAO 41), olijfolie (48%), zout.
Vis, schaal- en schelpdieren|Koningin Haringstukjes|182.0|23.0|10.0|1.7|16.0|0.5|0.0|Gezouten ansjoVISfilet (56%) (ansjoVIS, zout), olijfolie (44%)
Groente|Artisjokkenhartjes 380g|32.0|1.4|0.2|0.099|0.8|5.1|1.0|artisjokken, water, zout, voedingszuur: citroenzuur, antioxidant: E300.
Groente|Gekruide artisjoktoppers|160.0|2.0|13.0|2.0|1.3|7.0|2.0|85% artisjok, zonnebloemolie, kruiden, zout, knoflook, conserveermiddel (E202).
Groente|Vegana Artisjokkuipjes 200gr|121.0|1.7|10.8|1.3|2.3|1.1|0.9|Artisjokken 60%, Zonnebloemolie, Wijnazijn, Extra vierge olijfolie, Gedroogde peterselie, Zeezout, Knoflookpoeder, Extract van kruiden en specerijen, MOSTERD, Natuurlijk laurier aroma, Zuurteregelaars: Citroenzuur, Melkzuur.
Gebak en koek|Koninklijke appelringen 4st/ enkel|283.0|3.8|16.6|9.4|1.0|29.0|9.4|36% appel, TARWEBLOEM, water, plantaardige oliën en vetten (palm, raap, kokos, katoenzaad, zonnebloem (in wisselende verhoudingen)), suiker, rozijnen, gemodificeerd maïszetmeel, zout, emulgator (E471), voedingszuur (E330), kleurstof (E160a), aroma, vitamine A en D3, kaneel.
Gebak en koek|Kleine kaneelappeldonuts 8st/40g|319.0|3.8|19.7|9.8|0.55|31.0|11.9|TARWEbloem, appel 25,4%, plantaardige oliën (palm, gedeeltelijk geharde raapzaad, kokos, zonnebloem), water, suiker, volledig geraffineerde gedeeltelijk geharde sojaolie, gemodificeerd maïszetmeel, zout, emulgator: E471 (niet dierlijk), voedingszuur: citroenzuur, kaneel.
Gebak en koek|R/FR Appelkrullen draai appel/sin|304.0|3.2|18.1|9.4|0.001|31.7|18.7|korstdeeg, korstdeeg[Tarwebloem[TARWEbloem, TARWEmoutmeel], roomboter (MELK), water, Suprasel Bakkerszout[bakkerszout], Broodverbetermiddel[TARWEbloem, dextrose, emulgator[E472e], palm, raapzaad, enzymen (TARWE), meelverbeteraar[E300]]], appel, Kaneelspijs, Kaneelspijs[Amandelspijs[AMANDELEN, suiker, water, EIpoeder, glucosestroop, E202, E415, EI-EIwit (gedroogd), citroen, citroenvezel, zout], water, Kaneel[kaneel]], Kaneelsuiker, Kaneelsuiker[suiker, Kaneel[kaneel]], Plantaardige oliën, Plantaardige oliën[E900, palm, raapzaad, soja, zonnebloem]
Fruit|Goji Besjes 250 g|298.0|11.0|1.5|0.3|0.78|55.0|50.0|Biologische goji bessen Kan sporen van gluten, soja, noten, pinda's, sesam en melk bevatten.
Alcoholische dranken|Kapitan Shandy Pack 6x330ml NL|41.0|0.0|0.0|0.0|0.0|9.0|9.0|koolzuurhoudend water, suiker, bier (GERST), voedingszuur (citroenzuur), natuurlijk aroma (bevat zoethout), kleurstof (karamel E150c).
Suiker, snoep, zoet beleg en zoete sauzen|Chocolade likeurtjes 125 gr|460.0|2.6|24.0|15.0|0.0|56.0|50.0|suiker, cacaomassa, cacaoboter, water, likeuren, alcohol. Cacao tenminste 50% in de chocolade. Allergeneninformatie: Kunnen sporen van melk en noten bevatten.
Suiker, snoep, zoet beleg en zoete sauzen|Kistje chocolikettes 170g keltisch bio|460.0|2.8|21.0|11.0|0.13|57.0|51.0|suiker, cream likeur 22%, glucose-fructosestroop, cacaoboter, cacaomassa, MELKsuiker, volle MELKpoeder, Irisch whisky 2%, gemodificeerd aardappelzetmeel, emulgator: zonnebloemlecithine, aroma's: cream likeur en vanille. Kan sporen van EI, SOJA, PINDA, NOTEN en GLUTEN bevatten.
Suiker, snoep, zoet beleg en zoete sauzen|KISTJE CRÈMEPRAL 150G AMARETTO UTZ|465.0|4.4|23.0|14.0|0.08|52.0|46.0|suiker, advocaat 21% (EI), cacaomassa1, cacaoboter1, glucose-fructosestroop, MELKsuiker, volle MELKpoeder, glucosestroop, palmvet, brandewijn, EIpoeder, emulgator: zonnebloemlecithine, bevochtigingsmiddel: invertase, aroma: vanille. Kan sporen van SOJA, PINDA, NOTEN en GLUTEN bevatten.
Suiker, snoep, zoet beleg en zoete sauzen|CHOCOLADENOTENTRUFFELS|578.0|3.6|40.0|28.0|0.09|47.0|46.0|Suiker, cacacoboter, plantaardie oliën (kokos, palmpit, palm) in wisselende verhoudingen, cacaomassa, volle MELKpoeder, watervrij MELKvet, Marc de Champagne 2,2%, COINTREAU 2,1%, Rémy Martin Cognac Fine Champagne 2,1%, MELKsuiker, emulgator: SOJAlecithine, aroma's.
Peulvruchten||125.0|8.2|0.8|0.2|0.05|18.0|0.5|Zwarte bonen*, water * van biologische oorsprong
Groente||68.0|5.6|0.5|0.2|0.3|7.9|0.8|Tuinbonen, water, zout.
Brood|Focaccio paprikano/oliëf 2st/170g|245.0|6.7|7.9|1.3|1.03|35.86|2.51|TARWEbloem, water, gegrilde paprika 11,5% (rode paprika 11,2%, zonnebloemolie), marinade (koolzaadolie, zout, dextrose, knoflookgranulaat, specerijen [knoflookpoeder, zwarte peper, witte peper], spinaziepoeder, kruiden [bonenkruid, basilicum, dille, peterselie]), groene olijven 3,2% (olijven, water, zout), mozzarella (gepasteuriseerde MELK, zout, zuursel, vegetarisch stremsel), gist, plantaardige oliën (zonnebloem, koolzaad), rijstebloem, zout, ongeraffineerde olijfolie, gebufferd azijn (conserverend ingrediënt), suiker, gedeeltelijk gehard koolzaadvet, enzymen (TARWE), conserveermiddel: E281.
Brood|Kruidenstokbrood|284.0|7.2|10.0|6.2|1.3|40.0|2.5|TARWEBLOEM, water, 15% knoflookboter (75% roomboter (MELK), ui, 5% knoflook, zout, zetmeel (aardappel, tapioca), peterselie, voedingszuur: citroenzuur, natuurlijk knoflookaroma) gist, zout, ROGGEBLOEM, TARWEMOUT, TARWEGLUTEN. Dit product kan sporen van SESAM bevatten.
Noten en zaden|Cacao melknoten|557.0|15.1|38.5|11.9|0.1|35.8|30.6|PINDA'S 49%, MELKchocolade 48% (suiker, volle MELKpoeder, cacaomassa, cacaoboter, WEIpoeder (MELK), emulgator: E322 (SOJA), natuurlijk vanillearoma), glucosesiroop, zonnebloemolie, glansmiddelen: E414, E904. Kan sporen van gluten, noten en sesam bevatten.
Suiker, snoep, zoet beleg en zoete sauzen|Fluweelzachte karamel saus|389.0|2.0|12.0|2.0|0.06|69.0|61.0|glucosestroop, suiker, karamel (suiker,water,glucosestroop), gecondenseerde volle MELK, zonnebloemolie, emulgator(E322 SOJA), aroma, conserveermiddel E202, verdikkingsmiddel E466, natuurlijk aroma (MELK).
Gebak en koek|Berlijnerbol 2st/120g|266.0|5.7|10.8|3.2|0.563|36.0|12.0|banketbakkersroom 47,5% (water, suiker, MELKpoeder, gemodificeerd maïszetmeel, palmolie, verdikkingsmiddelen: E460 en E466, kleurstof: E160a, geleermiddel: E407, aroma), TARWEbloem, water, gepasteuriseerd scharrelEI, plantaardige oliën (zonnebloem, palm, koolzaad, kokos), margarine (plantaardige oliën [palm, gedeeltelijk geharde raapzaad, zonnebloem], water, zout, voedingszuur: E330, emulgator: E471), TARWEgluten, TARWEmoutbloem, meelverbeteraar: E300, enzymen (TARWE), dextrose, suiker, emulgatoren: E471 en E481, aroma, kleurstof: E160a, antioxidant: E300, honing, gist, zout. Berlijnse bol gevuld met banketbakkersroom
Gebak en koek|Rotterdamsebol met frambozenvulling 85g|344.0|4.7|16.0|7.2|0.75|44.5|23.6|Deeg: tarwemeel, water, palmvet, suiker, plantaardige olie (zonnebloem, kokosnoot), gist, dextrose, tarwezetmeel, antioxidanten: E306 en citroenzuur, rijsmiddelen: E450 en E500, zout, scharrelEIpoeder, stabilisatoren: E412, E415 en E466, emulgatoren: E471, E481 en E472e, weipoeder (MELK), kleurstof: E160a, magere MELKpoeder. Vulling 29%: aardbeipuree 12%, suiker, glucosestroop, water, verdikkingsmiddelen: E440, E410 en E327, voedingszuur: citroenzuur, kleurstof: E163. Coating 4,7%: suiker.
Gebak en koek|Pico Berlinerbolletje|417.0|7.7|16.7|2.9|0.0|58.1|26.0|TARWEbloem, multifruit vulling [suiker, glucose-fructosestroop, frambozen, bramen, bosbessen, zwarte bessen, verdikkingsmiddel (E440), zuurteregelaar (E330)], EI, plantaardige olie (raapzaad), water, plantaardige vetten (palm, cacaoboter), TARWEzetmeel, gist, kaliumjodide, lactose (MELK), weipoeder (MELK), emulgatoren (E472e, E471, E322 (SOJA)), meelverbeteraar (E300), stabilisator (E341), antischuimmiddel (E900), enzymen
Peulvruchten|AH Kapoenjebonen 0%|123.0|6.3|2.5|0.2|0.05|16.0|0.6|kikkererwt, water, antioxidant (calciumdinatrium-EDTA [E385]). Waarvan toegevoegde suikers 0.00g per 100 gram en waarvan toegevoegd zout 0.00g per 100 gram
Brood|Brocaccia 250g|262.0|9.0|3.1|0.5|1.45|47.9|2.1|TARWEbloem, water, olijfolie, gejodeerd zout, gist, geïnactiveerd tarwezuurdesem (TARWEbloem, water, startercultuur), rijstemeel, oregano, basilicum, rozemarijn, zeezout, meelverbeteraar: E300, enzymen (TARWE). Kan bevatten: rogge, gerst en haver (gluten), spelt (tarwegluten), mosterd, sesam en lupine.
Brood|Vegetarische focaccia|290.0|8.5|14.0|7.0|0.86|32.0|2.0|43% tarwebloem, 29% bloemkool, roomboter, melk, plantaardige olie (raap, zonnebloem), gist, 2,5% knoflook, rijstmeel, 0,7% peterselie, gejodeerd zout, zout, conserveermiddel (natriumpropionaat [E281]), melkeiwit, tarwezetmeel, zuursel, vegetarisch stremsel.
Samengestelde gerechten|Pastasaus Milano|108.0|3.2|5.5|1.2|1.27|10.5|7.5|54% Tomaten, 12% varkensvlees, uien, tomatenpuree, 7% rundvlees, suiker, raapzaadolie, paneermeel (TARWEBLOEM, zout), gemodificeerd maïszetmeel, zout, knoflook, aroma, antioxidant: E300, kruiden en kruidenextract, voedingszuur : E270, specerij, stabilisator: E450/E451.
Samengestelde gerechten|Plantaria Bolo-Mix 3kg|52.0|4.1|1.1|0.15|0.95|5.6|4.4|INGREDIENTEN : Water, tomatenpulp (24%), Getexturiseerde SOJA- EIWITTENCONCENTRAAT* (22%), tomatenconcentraat (8%), uien (5,6%), wortelen (5,6%), suiker, ARACHIDEOLIE, gemodificeerd maiszetmeel, zout, bouillonpoeder (zout, gehydrolyseerde koolzaad -en maiseiwitten, maltodextrine), kruiden en specerijen (bevat SELDERIJ), voedingszuur: citroenzuur. *oorsprong niet-EU. Kan sporen bevatten van: GLUTEN, EIEREN, NOTEN, MOSTERD EN MELK.
Samengestelde gerechten|Groente Bolloonese 850g|52.0|4.1|1.1|0.15|0.95|5.6|4.4|INGREDIENTEN : Water, tomatenpulp (24%), Getexturiseerde SOJA- EIWITTENCONCENTRAAT* (22%), tomatenconcentraat (8%), uien (5,6%), wortelen (5,6%), suiker, ARACHIDEOLIE, gemodificeerd maiszetmeel, zout, bouillonpoeder (zout, gehydrolyseerde koolzaad -en maiseiwitten, maltodextrine), kruiden en specerijen (bevat SELDERIJ), voedingszuur: citroenzuur. *oorsprong niet-EU. Kan sporen bevatten van: GLUTEN, EIEREN, NOTEN, MOSTERD EN MELK.
Fruit|AH Zonovergoten granaatappelsplintertjes|56.0|1.3|0.2|0.0|0.0|12.0|12.0|Waarvan toegevoegde suikers 0.00g per 100 gram en waarvan toegevoegd zout 0.00g per 100 gram
Suiker, snoep, zoet beleg en zoete sauzen|Sorbetijs Berry Peak 500 ml|131.0|0.3|0.0|0.0|0.003|31.6|31.4|Vruchtensap uit concentraat (witte druif, sinaasappel 22%, appel aardbei 6%, kers 5,5%), suiker, dextrose, water, plantaardige voedingsvezel
Kaas|Feest vurige rooiegoud 50+|390.0|26.0|32.0|21.0|1.73|0.0|0.0|melk, zout, specerijen (o.a. 0,2% peper, 0,2% mosterdzaad), zuursel, vegetarisch stremsel, conserveermiddel (natriumnitraat [E251], ei-lysozym [E1105]).
Kaas|Ricotella|105.0|7.0|7.0|4.9|0.25|3.0|3.0|MELKWEI, gepasteuriseerde KOEMELK, zout.
Kaas|Crambon 60+ met tuinkruiden|280.0|8.0|26.0|17.2|1.53|3.5|2.5|Kwark (MELK), gereconstrueerde magere MELK, water, boter (MELK), MELKEIWITTEN, smeltzout: E452/E450/E451/E339, zout, aroma, 0,2% fijne kruiden, peper, verdikkingsmiddel: E407, conserveermiddel: E200/E202.
Kaas|Lambor 60+ met specerijen|280.0|8.0|26.0|17.2|1.53|3.5|2.5|Kwark (MELK), gereconstrueerde magere MELK, water, boter (MELK), MELKEIWITTEN, smeltzout: E452/E450/E451/E339, zout, aroma, 0,2% fijne kruiden, peper, verdikkingsmiddel: E407, conserveermiddel: E200/E202.
Vlees en gevogelte|Kipmaling 400g fw - vsk|145.0|18.8|7.8|2.91|0.76|0.0|0.0|kippenvlees 98%, voedingszuur: E325.
Vlees en gevogelte|Naturlijke kip gehakt met kruiden|137.0|20.0|6.2|1.8|1.81|0.3|0.16|kippenvlees* 98%, zout, specerijen*, dextrose*, zeezout, antioxidant: E300, gistextract, rijstmeel*, natuurlijk aroma. *Van biologische oorsprong.
Vlees en gevogelte||121.0|21.5|3.9|1.4|0.125|0.1|0.1|100% Konijnenvlees.
Groente|PLP Puntkool|42.0|3.0|1.0|0.2|0.025|4.0|4.0|spitskool
Alcoholische dranken|Jagerwolf 35% + helm 0.7l||||||||
Alcoholische dranken|Jagerkoning 35% 1.75L||||||||
Alcoholische dranken|Boswachterbitter 35% 1l||||||||
Gebak en koek|Crunchertje speculaasbolletjes met mega chocolade|454.0|6.8|15.0|4.2|0.77|71.0|34.0|TARWEBLOEM, suiker, 15% pure chocolade (suiker, cacaomassa, cacaoboter, emulgator (SOJALECITHINE), natuurlijk vanille aroma), raapolie, 4% chocoladepoeder (cacaomassa, suiker, magere cacaopoeder, emulgator (SOJALECITHINE)), glucose-fructosestroop, 2,5% magere cacaopoeder, kruidnootjeskruiden (bevat kaneel), zout, emulgator (SOJALECITHINE), rijsmiddel (natriumbicarbonaat). Kan sporen bevatten van andere glutenbevattende granen, pinda's en melk.
Gebak en koek|Chocolade kruidenmouten mix|487.0|6.0|22.6|12.8|0.688|63.7|41.5|Kruidnoot (TARWEBLOEM, suiker, palmvet, glucose-fructosestroop, specerijen, rijsmiddel: E500/E503/E450, LUPINEMEEL, zout, gebrande suiker), 25% melkchocolade (suiker, cacaoboter, cacaomassa, volle MELKPOEDER, weipoeder (MELK), emulgator: SOJALECITHINE, natuurlijk vanille-aroma), 15% witte chocolade (suiker, cacaoboter, volle MELKPOEDER, magere MELKPOEDER, lactose (MELK), emulgator: SOJALECITHINE, natuurlijk vanille-aroma) 10% pure chocolade (suiker, cacaoboter, cacaomassa, emulgator: SOJALECITHINE, natuurlijk vanille-aroma), glansmiddel: E414. Melk chocolade bevat tenminste 25% cacaobestanddelen. Pure chocolade bevat tenminste 35% cacaobestanddelen. Dit product kan sporen van PINDA'S en andere NOTEN bevatten.
Gebak en koek|Cacaodroom kruidenknabbels|483.0|6.7|22.0|12.5|0.715|63.1|41.1|Kruidnoot (TARWEBLOEM, suiker, plantaardige olie (palm, raap), glucose-fructosestroop, specerijen, rijsmiddel: E500/E503/E450, zout, gebrande suiker), 50% melkchocolade (suiker, cacaoboter, cacaomassa, volle MELKPOEDER, weipoeder (MELK), emulgator: SOJALECITHINE, natuurlijk vanillearoma), 0,5% cacaopoeder. Melkchocolade bevat ten minste 25% cacaobestanddelen. Dit product kan sporen van PINDA en NOTEN bevatten.
Gebak en koek|Knakkenoten ultra puur 250g|481.0|7.6|26.0|15.0|0.59|51.0|29.0| cacaomassa, TARWEBLOEM, suiker, plantaardige oliën (palm, raapzaad), glucosestroop, magere cacaopoeder, specerijen (bevat o.a. kaneel), glansmiddelen (arabische gom, schellak), rijsmiddelen (natriumcarbonaten, ammoniumcarbonaten, difosfasten), zout, emulgator (lecithinen (SOJA)), gebrande suiker, kleurstof (ammoniakkaramel), volle MELKpoeder, invertsuikerstroop. Kan sporen van ei, noten, pinda's en sesam bevatten. Ten minste 70% cacaobestanddelen in de chocolade.
Gebak en koek|GXR Chocolade kruimelnoten puur 300g|476.0|5.538|21.542|12.603|0.674|62.891|39.149|pure chocolade 48% (suiker, cacaomassa¹, cacaoboter¹, emulgator: SOJAlecithine, natuurlijk vanille-aroma), TARWEbloem, suiker, plantaardige oliën (palm, raapzaad), glucosestroop, specerijen (kaneel, nootmuskaat, kruidnagel, piment, gember, korianderzaad, foelie, kardemom), sinaasappelschil, rijsmiddelen: E500, E503 en E450, glansmiddelen: arabische gom en E904 (dierlijk), zout, gebrande suiker, invertsuikerstroop, volleMELKpoeder. ¹Rainforest Alliance Certified. Lees meer op ra.org. Kan bevatten: andere glutenbevattende granen, ei, pinda, noten en sesam.
Fruit|Clementijntjes|45.0|0.7|0.1|0.0|0.0|9.8|8.2|mandarijnen, water
Fruit|Clementines in suikerwater|62.0|0.47|0.1|0.1|0.005|14.5|13.4|mandarijnen, water, suiker.
Graanproducten en bindmiddelen|Zelfrijzend kookmeel|340.0|9.8|1.0|0.39|0.008|70.9|0.618|TARWEBLOEM, rijsmiddel: E500.
Graanproducten en bindmiddelen|Zelfrijzend kookmeel|344.0|10.0|1.1|0.1|1.5|72.0|0.4|tarwebloem, rijsmiddelen: difosfaten, natriumcarbonaten.
Graanproducten en bindmiddelen|Heidekoren tarwemeel|336.0|11.9|1.8|0.4|0.02|64.1|2.5|volkoren TARWEMEEL.
Graanproducten en bindmiddelen|Helegranen tarwesaad|336.0|11.9|1.8|0.4|0.02|64.1|2.5|volkoren TARWEMEEL.
Fruit|EcoHarvest Meloeson Cantaloupe||||||||
Fruit|OJ Honeydew meloen||||||||
Gebak en koek|Vetbollen puur|297.0|6.7|12.8|3.9|1.1|38.2|12.2|TARWEbloem, water, plantaardige olie (zonnebloem, palm, raapzaad, shea), suiker, glucosestroop, margarine (plantaardige olie (palm, kokos, raapzaad), water, emulgator (E471), zuurteregelaar: E330), zout, TARWEGLUTEN, dextrose, weipoeder (MELK), scharrelKIPPENEI, emulgatoren: E471/E322, SOJAbloem, TARWEzetmeel, conserveermiddelen: E282/E202, rijsmiddelen: E500/E450, verdikkingsmiddelen: E466/E415, meelverbeteraar: E300, enzymen (GLUTEN), aroma.
Groente|Taste Me Beijing bok choy||||||||
Groente|Boksoi|19.0|1.5|0.2|0.0|0.16|2.2|1.2|Pak choi
Groente|Laksai|14.0|1.0|0.2|0.0|0.0|1.5|1.5|
Groente|Köhler Peper Salade 2500 g|36.0|1.0|0.2|0.1|1.1|6.0|5.5|rode paprika, natuurazijn, glucose-fructosestroop, suiker, zout.
Hartige sauzen|Tomelli SALSA VERDE Dip 140 GR|325.0|3.1|31.0|5.3|2.0|7.1|5.7|Extra olijfloie verkregen bij de eerste persing 29%, tomaat 28%, tomatenpuree 22%, RICOTTA KAAS 8,7% (MELK, ROOM, zout, zuurteregelaar: melkzuur), basilicum, CASHEWNOOT 2%, zout, fructose, zuurteregelaar: melkzuur, pijnboompitten 0,5%, truffel 0,5%, truffelaroma 0,1%, antioxidant: ascorbinezuur.
Hartige sauzen|445 ml Piccadoro|39.0|1.7|1.0|0.0|0.68|4.9|0.7|Augurk, WORTEL, bloemkool, ui, bloem (TARWE, GLUTEN), MOSTERDMEEL, azijn, zout, SOJA-EIWIT, verdikkingsmiddel: guarpitmeel, zoetstof: sacharine, kleurstof: geelwortelextract/saffloer
Hartige sauzen|720 ml Zuurkruiden|39.0|1.7|1.0|0.0|0.68|4.9|0.7|water, augurk, wortel, TARWEBLOEM (GLUTEN), uien, bloemkool, MOSTERDMEEL, azijn, kleurstof : geelwortelextract, zout, verdikkingsmiddel: guarpitmeel, SOJA-EIWIT, zoetstof: sacharine, kleurstof: saffloer
Hartige sauzen|Vreugdelilly|55.0|2.0|0.5|0.2|0.74|7.9|0.7|water, 25,5% groenten (augurk, bloemkool, ui), TARWEBLOEM, MOSTERDMEEL, conserveermiddel: azijnzuur, zout, SOJA-EIWIT, verdikkingsmiddel: guarpitmeel, zoetstof: sacharine, kleurstof: geel wortelextract en saffloer, natuurlijk aroma.
Groente|Polterein|11.0|1.0|0.0|0.0|0.075|1.0|0.0|Postelein.
Hartig broodbeleg|BH Saladeluxe garnalen-kruiden|261.0|6.0|23.0|1.9|1.35|7.5|3.1|33% garnaal, raapolie, water, 6,7% witvis, zetmeel (maïs, tarwe, erwt, aardappel), suiker, vrije-uitloopeigeel, 1,6% knoflook, gerehydrateerd vrije-uitloopei-eiwit, azijn, zout, kruiden (0,4% peterselie, 0,2% dille), voedingszuur (melkzuur [E270], citroenzuur [E330]), gemodificeerd zetmeel (maïs, aardappel, tapioca), citroensap, kleurstof (bietenrood [E162], bèta-apo-8'-carotenal (c30) [E160e], lycopeen [E160d]), conserveermiddel (natriumdisulfiet [E223], kaliumsorbaat [E202], natriumbenzoaat [E211], kaliumdisulfiet [E224]), soja-eiwit, verdikkingsmiddel (xanthaangom [E415], guarpitmeel [E412]), natuurlijk aroma (schaaldieren), specerijen (o.a. mosterd), gistextract, citrusvezel.  Waarvan toegevoegde suikers 2.8g per 100 gram en waarvan toegevoegd zout 0.79g per 100 gram
Hartig broodbeleg|Joona Selderijsalade 1Kg|236.0|1.0|21.6|1.5|1.1|7.7|7.1|61% KNOLSELDERIJ, koolzaadolie, water, suiker, natuurazijn, zout, gemodificeerd zetmeel, conserveermiddelen (kaliumsorbaat, natriumbenzoaat), specerijen (MOSTERD), gistpoeder, natuurlijk aroma (SELDERIJ), verdikkingsmiddel (xanthaangom), antioxidanten (ascorbinezuur, NATRIUMDISULFIET), voedingszuur (citroenzuur). Kan sporen bevatten van ei, gluten, melk, noten, pinda's, sesamzaad, schaaldieren, soja en vis.
Hartig broodbeleg|Seldero's Salade|177.0|1.5|14.0|1.6|1.2|10.0|8.6|52% KNOLSELDERIJ, water, raapzaadolie, suiker, roomkaas (KARNEMELK, room (MELK), zout, zuursel), azijn, maïszetmeel, VRIJE-UITLOOPKIPPENEI-EIGEEL, zout, citroensap, gemodificeerd maïszetmeel, conserveermiddel: E202/E211/E224 (SULFIET), verdikkingsmiddel: E415, voedingszuur: E330, antioxidant: E300/E223 (SULFIET).
Kruiden en specerijen|Zeevruchtenjus|122.0|1.5|0.0|0.0|13.9|29.0|19.0|water, suiker, zout, fructosesiroop, gemodificeerd maïszetmeel, voedingszuur: E330, smaakversterker: E621, OESTERextract 0,1%, kleurstof: E150c, aroma, stabilisator: E415, conserveermiddel: E211.
Groente|Knolwortel (5) Zonder Kruid||||||||
Groente|Kroonselderij stukjes 4mm 1200 gram|37.8|2.0|0.0|0.0|0.2|5.0|0.0|KNOLSELDERIJ, antioxidanten: E300, voedingszuur: citroenzuur.
Soepen|Runderoorstoof 570ml zak|36.0|1.5|0.4|0.133|0.7|6.0|1.0|water, gegaarde rundvleesblokjes 4,1% (rundvlees Beter Leven 2 sterren 3,6%, water, aardappelzetmeel, zout, rundereiwit, witte peper), SELDERIJ 3,4%, uien 2,8%, tomatenconcentraat 2,2%, TARWEbloem, gemodificeerd maïszetmeel, maïszetmeel, rode porto 1,2%, natuurlijke aroma's (SELDERIJ), ossenstaartbouillon 1% (ossenstaart 0,5%, water), SOJAsaus (melasse, water, gehydrolyseerd SOJAeiwit, zout, azijn), zout, laurier, zwarte peper, gebrande suikerstroop, lavaswortel.
Brood|Luxe Granenbroodje|302.0|9.7|8.5|1.8|0.68|42.0|22.0|27% volkoren tarwemeel, water, 9% amandel, rozijn, suiker, voedingsvezel (inuline, citrus), krent, bakkersgist, tarwegluten, dextrose, botervet, glucose-fructosestroop, sinaasappelschil, citroenschil, glucosestroop, weipoeder, wei-eiwitconcentraat, gejodeerd zout, bloem (soja, rogge), tarwezetmeel, vrije-uitloopei, vrije-uitloopei-eiwit, emulgator (natriumstearoyl-2-lactylaat [E481], mono- en diglyceriden van vetzuren, veresterd met monoacetyl- en diacetylwijnsteenzuur [E472e]), tarwezuurdesempoeder, conserveermiddel (kaliumsorbaat [E202], calciumpropionaat [E282]), plantaardige olie (koolzaad, zonnebloem), natuurlijk aroma, moutmeel (gerst, tarwe), kleurstof (curcumine [E100], annatto norbixine [E160b(ii)]), abrikozenpuree, melkeiwit, aroma, natuurlijk vanillearoma, verdikkingsmiddel (pectine [E440]), roggezemel, zuurteregelaar (citroenzuur [E330],natriumcitraat [E331]), azijn, voedingszuur (melkzuur [E270]), meelverbeteraar (ascorbinezuur [E300]). Waarvan toegevoegde suikers 9.2g per 100 gram en waarvan toegevoegd zout 0.56g per 100 gram
Brood|Vierstol|325.0|8.5|7.5|1.0|0.55|54.0|29.0|tarwebloem, 21% rozijn, suiker, 8,5% amandel, water, 4% krent, 4% hazelnoot, bakkersgist, sinaasappelschil, tarwegluten, stabilisator (sorbitol [E420]), veldbonenmeel, scharrelei-eiwit, glucose-fructosestroop, weipoeder, dextrose, emulgator (mono- en diglyceriden van vetzuren, veresterd met monoacetyl- en diacetylwijnsteenzuur [E472e], natriumstearoyl-2-lactylaat [E481], mono- en diglyceriden van vetzuren [E471]), gejodeerd zout, scharrelei, plantaardige olie (koolzaad, katoenzaad, zonnebloem), roggebloem, wei-eiwitconcentraat, verdikkingsmiddel (cellulosegom [E466]), vanillearoma, aroma, rijsmiddel (natriumcarbonaat [E500]), natuurlijk aroma, kleurstof (caroteen [E160a], riboflavine [E101]), tarwemoutmeel, zuurteregelaar (citroenzuur [E330]), meelverbeteraar (ascorbinezuur [E300]). Poedersuiker: suiker, antiklontermiddel (calciumfosfaat [E341]).
Brood|Vieringsbrood met notenspijs|343.0|7.9|10.2|4.3|0.6|53.6|29.0|TARWEBLOEM, 22% rozijnen, 19% amandelspijs (AMANDELEN, suiker, SCHARRELEI, stabilisator: sorbitolen, verdikkingsmiddel: E466, natuurlijk citroen aroma), dextrose, water, bakkersgist, 3,2% krenten, TARWEGLUTEN, weipoeder (MELK), plantaardige vetten (geheel gehard) (kokos, palm), 1,4% ROOMBOTER (MELK), AMANDELEN, HAZELNOTEN, TARWEZETMEEL, plantaardige vetten (kokos, palm), emulgator: E471/ E472e (TARWE)/ E481/ E482, sinaasappelschil, bakkerszout, veldbonenmeel, ROGGEBLOEM, suiker, glucose-fructosestroop, plantaardige oliën (raapzaad, zonnebloem, katoenzaad), TARWEMOUTMEEL, conserveermiddel: E282, natuurlijk aroma, kleurstof: E101/ carotenen, enzym (TARWE), zuurteregelaar: citroenzuur.
Vlees en gevogelte|Reuzestruisbiefstuk|104.0|21.5|1.5|0.5|0.01|0.4|0.0|100% Struisvogelvlees.
Vis, schaal- en schelpdieren|Kreftel nuggets|290.0|6.3|24.0|2.8|1.63|12.0|3.9|25% witvis, plantaardige olie (zonnebloem, raap), vrije-uitloopei-eiwit, water, zetmeel (tarwe, aardappel), suiker, zout, specerijen, semigedroogde tomaat, voedingszuur (azijnzuur [E260], citroenzuur [E330]), natuurlijke aroma's (schaaldieren), knoflook, zeezout, kruiden, agavesiroop, kleurstof (lycopeen [E160d]), conserveermiddel (kaliumsorbaat [E202]), azijn, citrusvezel.
Hartige sauzen|Paprika spread 200gr|268.0|4.46|19.7|2.4|3.0|12.3|11.3|30,5% Gedroogde tomaat, zonnebloemolie, groene olijven, 13,7% tomaten, 9,2% tomatensap, paprika, suiker, kaaspoeder (KOEMELK, zout, zuursel, stremsel, kleurstof: 160b, conserveermiddel: E251), ANSJOVIS, zout, basilicum, gedroogde ui, knoflookpoeder, conserveermiddel: E202/E220 (SULFIET), voedingszuur: E270/citroenzuur, azijn, antioxidant: E300, zuurteregelaar: E509.
Hartige sauzen|Zongerijpte Tomatenpasta|268.0|4.46|19.695|2.4|3.0|12.3|11.3|30,5% Gedroogde tomaat, zonnebloemolie, groene olijven, 13,7% tomaten, 9,2% tomatensap, paprika, suiker, kaaspoeder (KOEMELK, zout, zuursel, stremsel, kleurstof: 160b, conserveermiddel: E251), ANSJOVIS, zout, basilicum, gedroogde ui, knoflookpoeder, conserveermiddel: E202/E220 (SULFIET), voedingszuur: E270/E330, azijn, antioxidant: E300, zuurteregelaar: E509. Dit product kan sporen van NOTEN bevatten.
Hartige sauzen|Fenna feestsmaak sumak saus|235.0|1.2|20.0|1.5|1.3|11.0|6.8|raapolie, water, MAGERE YOGHURT 18%, azijn, komkommer 9,6%, knoflook 4,3%, glucose-fructosestroop, gemodificeerd maiszetmeel, ui, suiker, VRIJE UITLOOP EI en VRIJE UITLOOP EIGEEL, zout, maiszetmeel, kruiden, voedingszuur: melkzuur, natuurlijk aroma, zeezout, conserveermiddel: kaliumsorbaat, verdikkingsmiddel: guarpitmeel, antioxidant: calciumdinatrium EDTA.
Hartige sauzen|Tzatzoko|126.0|2.4|11.2|6.2|0.9|3.6|1.8|Water, 25% verse komkommer, gedeeltelijk gehard plantaardig vet (palm), 5% Griekse yoghurt (MELK), plantaardige olie (SOJA, zonnebloem), MELKEIWIT, magere MELKPOEDER, brandewijnazijn, 1% knoflook, gemodificeerd maïszetmeel, maïszetmeel, zout, conserveermiddel: E211/E202, stabilisator: E415/E412, yoghurtculturen, rundergelatine.
Alcoholische dranken|Zestium bokma citroenlikeur vx||||||||
Melk en melkproducten|Yoghurt Anatolische stijl|120.0|3.5|10.0|7.0|0.1|3.5|3.5|volle yoghurt*.
Melk en melkproducten|Yoghurt Oosterse flair 1kg|123.0|3.4|10.0|6.1|0.13|4.2|4.2|Yoghurt (MELK).
Suiker, snoep, zoet beleg en zoete sauzen|DL Hoppers & Mice|382.0|0.8|4.6|2.9|0.3|84.0|68.0|Waarvan toegevoegde suikers 68g per 100 gram °Rainforest Alliance gecertificeerd. Zie voor meer informatie ra.org
Noten en zaden|NATURE Hempzaad 250g|592.0|31.6|48.8|4.6|0.013|4.7|1.5|hennepzaad¹. ¹Van biologische oorsprong. Kan bevatten: pinda, amandel, hazelnoot, walnoot, cashewnoot, pecannoot, paranoot, pistachenoot en sesam.
Noten en zaden|Ziachaad|479.0|18.2|36.9|3.3|0.01|1.5|1.5|100% Chiazaad. De maximale inname per dag is 15 gram. Dit product kan sporen van PINDA en NOTEN bevatten.
Gebak en koek|ProfiSmaak proteïnereep gezouten karamel|357.0|37.0|15.0|9.0|0.62|28.0|3.1|MELKeiwit, MELKchocolade met zoetstof 25% (zoetstof [maltitol]), cacaoboter, MELKpoeder, cacaomassa, emulgator (SOJAlecithine), aroma), collageenhydrolysaat, bevochtigingsmiddel (glycerol), isomalto-oligosaccharide, water, SOJAchips (SOJA-eiwitisolaat, tapiocazetmeel, gerstemoutextract (GLUTEN), zout), palmvet, witte chocolade met zoetstof 10% (zoetstof [maltitol]), cacaoboter, MELKpoeder, emulgator (SOJAlecithine), natuurlijk aroma), chocoladepoeder (cacaopoeder, cacaomassa, suiker), natuurlijk aroma, zout, vitamines (vitamine C [ascorbinezuur], vitamine E [tocoferolacetaat], vitamine B6 [pyridoxine hydrochloride], vitamine B12 [cyanocobalamine], vitamine B1 [thiamine hydrochloride], vitamine B2 [riboflavine], niacine, panthotheenzuur, foliumzuur), zoetstof (sucralose). Kan bevatten TARWE, EI, NOTEN, PINDA'S en SESAMZAAD.
Gebak en koek|Maxon Protein Bar Sea Salt Toffee|351.0|40.0|12.0|5.9|1.3|23.0|3.6|Proteïnemix (melkproteïne, sojaproteïne, gehydrolyseerd tarwegluten), karamel laag (20%) (vulmiddel (polydextrose), sojaolie, magere melkpoeder, zoetstoffen (xylitol, sucralose), emulgator (sojalecithine) smaakstoffen), melkchocolade met zoetstof (18%) (zoetstof (maltitol), cacaoboter, volle melkpoeder, cacaomassa, emulgator (sojalecithine), aroma's), gelatinehydrolysaat, vochtmiddel (glycerol), sojacrisps 4,0%( sojaeiwit, tapiocazetmeel, zout), cacaoboter, sojaolie, koolhydraten met laag vetgehalte, zeezout, aroma's, zout, zoetstof (sucralose), emulgator (sojalecithine)
Gebak en koek|PB Power Protein Vanille Almond Fusion|323.0|30.0|11.0|4.8|0.15|24.0|2.9|MELKchocolade met zoetstof (18%) [zoetstof (maltitolen), cacaoboter, volle MELKpoeder, cacaomassa, botervet (MELK), emulgator (lecithine (SOJA)), natuurlijk aroma], calciumcaseïnaat (MELK), oligofructosestroop, bevochtigingsmiddel (glycerol), oplosbare glucovezel (resistente maltodextrine), wei-eiwitisolaat (MELK), MELKEIWITTEN, gehydroliseerd weieiwit (MELK), inuline, AMANDELstukjes (3%), koolzaadolie, natuurlijk vanille aroma, aroma, emulgator (lecithine (SOJA)). Kan sporen bevatten van: PINDA, HAZELNOTEN, GLUTEN.
Brood|NATUUR MAISKROKANT|394.0|7.0|1.5|0.5|0.32|87.0|0.5|maïs*, zeezout. *van gecontroleerd biologische landbouw
Brood|Grote maïswafels met lijnzaad en himalayazout|382.0|8.9|2.8|0.4|0.53|77.4|1.4|Maïsgrut, 30% maïs, 2% chaizaad, 0,5% zeezout. Dit product kan sporen van SOJA bevatten.
Kaas|Vandermeer Feestkaasjes Edam fenegriek 500g|381.0|25.8|30.9|18.9|2.06|0.0|0.0|gepasteuriseerde MELK, zout, 1% komijn, zuursel (bevat MELK), dierlijk stremsel, conserveermiddel: natriumnitraat (E251), kleurstof: carotenen
Brood|Malt Tarvo bussnebrood|214.49|7.93|0.93|0.15|0.92|42.17|1.3|TARWEBLOEM, VOLKORENTARWEMEEL, gist, bakkerszout, meelverbeteraar(E920, E300), TARWEMOUTMEEL, dextrose, SOJABLOEM, suiker, gerstemoutextract (TARWE), geheel gehard en plantaardig vet (palm), plantaardige olie (raapzaad), plantaardig vet (palm), stabilisator(E415), glucosestroop, erwteneiwit.
Hartige snacks en zoutjes|Poezen puur|500.0|4.0|25.0|2.5|1.4|64.0|1.5|aardappelpoeder (SULFIET), 23% zonnebloemolie, aardappelzetmeel, gemodificeerd tapiocazetmeel, paneermeel (TARWE), gemodificeerd aardappelzetmeel, zout, suiker, gistextract,specerijen, emulgator (SOJAlecithine), uipoeder, antiklontermiddel (E551). Gemaakt in een bedrijf waar ook PINDA'S en NOTEN worden verwerkt.
Hartige snacks en zoutjes|Cracky Hula Loops Grill Delight 75 g|485.0|3.8|22.0|1.9|2.9|66.0|0.8|Aardappelzetmeel (35%), aardappelpoeder (29%), zonnebloemolie, rijstbloem, maïsbloem, aroma (tarwe, melk), zout, smaakversterkers (mononatriumglutamaat, Dinatrium5'-ribonucleotiden), uipoeder, tomatenpoeder, kleurstof (paprika-extract), gistextract
Hartige snacks en zoutjes|Pommiks crème fraîche|529.0|3.0|30.0|2.4|3.5|61.0|3.7|aardappelzetmeel, zonnebloemolie, aardappelpoeder (28%), zout, suiker, zoete WEIPOEDER, uipoeder, ROOMPOEDER, peterselie, paprikapoeder, kurkumapoedr, natuurlijke smaakstof (bevat MELKPRODUCTEN), gistextract, zuur: citroenzuur. Kan gluten bevatten.
Graanproducten en bindmiddelen|Voorgegaard Quinoa mix & klaar|164.0|6.0|1.6|0.25|0.75|30.0|1.49|Voorgekookte couscous (water, durum TARWE), zonnebloemolie, zeezout, limoensap, kurkuma, emulgator: zonnebloemlecithine.
Graanproducten en bindmiddelen|Edel couscous 400 g|377.0|13.0|0.9|0.1|0.05|79.0|0.5|durum TARWEgriesmeel*. *=biologisch. Kan sporen bevatten van andere glutenbevattende granen, pinda's, noten, sesamzaad, melk.
Graanproducten en bindmiddelen|Sterbrok Couscous 300 gram|373.0|12.3|1.3|0.6|0.01|76.9|1.8|Parelcouscous (TARWE). Kan sporen van melk bevatten.
Suiker, snoep, zoet beleg en zoete sauzen|Niele zomerdubbeltjes 220g|335.0|3.9|0.0|0.0|0.13|80.0|61.0|suiker, glucosestroop (bevat SULFIET), gemodificeerd zetmeel, water, gelatine (bevat SULFIET), zoethoutwortelextract, salmiakzout, zetmeel, natuurlijke aroma's, kleurstof (plantaardige koolstof).
Suiker, snoep, zoet beleg en zoete sauzen|Snoepstad gevarieerde drop 400 gram|330.0|3.9|0.2|0.2|0.0|78.3|55.1|suiker, glucosestroop, gemodificeerd zetmeel (TARWE, aardappel, erwt, rietsuikermelasse, gelatine, TARWEbloem, salmiakzout, zoethoutwortelextract, TARWEzetmeel, kleurstof: E150c, invertsuikerstroop, plantaardig vet (kokos, geheel gehard), aroma, plantaardige olie (kokos), glansmiddel: bijenwas.
Suiker, snoep, zoet beleg en zoete sauzen|Klaver drop|341.0|9.0|0.5|0.5|0.0|76.0|49.0|Ingrediënten, suiker, gemodificeerd TARWEZETMEEL, glucosestroop, gelatine, zoethoutwortelextract, salmiakzout, kleurstof: E150C, natuurlijke aroma's, plantaardige olie (palm), glansmiddel: bijenwas.
Suiker, snoep, zoet beleg en zoete sauzen||337.0|8.2|0.2|0.2|0.25|75.0|46.0|suiker, glucosestroop, gemodificeerd zetmeel, gelatine (SULFIET), melado, zoethoutwortelextract 3%, salmiakzout 2,3%, zetmeel, gekarameliseerde suiker, plantaardige oliën (kokos, koolzaad), honing 0,1%, aroma's, glansmiddelen (bijenwas, carnaubawas).
Hartige snacks en zoutjes|Snackies Pom-björk paprika|527.0|3.5|30.6|2.7|1.5|58.3|4.0|Zonnebloemolie,aardappelpoeder 30%,aardappelzetmeel, gemodificeerd zetmeel (tapioca, aardappel)suiker, aroma, zout, zure ROOMpoeder, specerijen (paprikapoeder 0,4%),voedingszuur (melkzuur, citroenzuur), gistextract, emulgator,(SOJA-lecithine),WEIpoeder, kleurstof(paprika-extract).
Hartige snacks en zoutjes|Krukels pesto|529.0|3.0|30.0|2.4|3.1|61.0|2.3|aardappelzetmeel, zonnebloemolie, aardappelpoeder (28%), zout, paprikapoeder, zoete WEIPOEDER, kurkumapoeder, suiker, uipoeder, KAASPOEDER, tomaatpoeder, witte peper, aroma, rookaroma, gistextract, kleurstof: paprika-extract. Kan gluten bevatten.
Samengestelde gerechten|Vleeskroketjes paprikasaus|245.0|12.0|15.0|6.0|1.8|15.0|11.0|59% varkensvlees, tomatenpuree, water, suiker, aardappelzetmeel, specerijen, voedingsvezel (erwt, bamboe), melasse, zout, groente (ui, prei, paprika), voedingszuur (E326), rijstbloem, natuurlijke aroma's, dextrose, 0,4% rode chilipeper, plantaardige olie (raap, zonnebloem), azijn, gemodificeerd aardappelzetmeel, gehydrolyseerd raapeiwit, sojaboon, gedroogde aardappel, conserveermiddel (E202), verdikkingsmiddel (guarpitmeel), preipoeder, gekaramelliseerde suiker, maltodextrine.
Hartig broodbeleg|Hummus zonnige tomatenfeest|285.0|4.5|25.0|3.0|0.8|8.0|0.9|44% kikkererwt, zonnebloemolie, water, 10% sesampasta, 7% zongedroogde tomaat, 1,5% zongedroogdetomatenpuree, specerijen, zout, zeezout, azijn, voedingszuur (citroenzuur), conserveermiddel (E202, E223), antioxidant (ascorbinezuur).
Hartig broodbeleg|Hummus Met Groentekruid|253.0|6.5|20.0|2.3|1.5|9.2|1.5|gekookte kikkererwten 53 % (ki kererwten, water), zonnebloemolie, rode paprika's 13 %, sesamzaadpasta 8,5 %, water, citroensap, suiker, zout, knoflook, azijn, peper, komijn, voedingszuur (citroenzuur), conserveermiddelen (kalium orbaat, natriumbenzoaat).
Kaas|NERO Balans Belegd|130.0|17.0|5.0|3.6|1.9|3.9|3.9|39% kaas (waarvan 7% oude kaas), water, magere yoghurt, magere melkpoeder, melkeiwitten, smeltzouten (E452, E451, E339), zout
Samengestelde gerechten|Geroosterde Kipvleeskroketjes in chili-churri saus|180.0|12.0|7.4|2.5|2.4|16.9|7.9|kippenvlees (57%), water, suiker, TARWEbloem, zetmeel (TARWE), zout, specerijen (bevat MOSTERD), ui, prei, paprika, kruiden (bevat peulvruchten en koriander), emulgatoren (E450, E451), gemodificeerd maïszetmeel, citrusvezel, paprika, koolzaadolie, kleurstoffen (E162, E160c), dextrose, gehydrolyseerd eiwit (maïs, koolzaad, SOJA), conserveermiddelen (E262, E211, E202, E250), antioxidanten (E316, E331, E392), gistextract, gist, voedingszuren (E260, E330, E270), MELKeiwit, granulaat (knoflook, paprika), ui, SOJAbonen, TARWE, natuurlijk knoflookaroma, natuurazijn, glucosestroop, natuurlijk aroma, gekarameliseerde suiker, gehydrolyseerd raapzaad, maltodextrine, zonnebloemolie, uipoeder, knoflookextract.
Vlees en gevogelte|Knapperzpek|570.0|55.0|39.0|14.0|2.8|0.1|0.1|97% varkensspek met zwoerd, zout.
Vlees en gevogelte|Knakspel Snekkar Zilte/zw. Peppahs 75g|525.0|68.0|27.0|10.0|3.0|1.5|0.5| 94% varkenszwoerd, zeezout, dextrose, aardappelzetmeel, zout, zwarte peper, gistextract, knoflook, ui, natuurlijke aroma, plantaardige olie (raapzaadolie).
Vlees en gevogelte|Krokantenspekjes Paprika 75g|525.0|67.0|27.0|9.5|35.0|3.5|2.0| 91% varkenszwoerd, aroma, dextrose, zeezout, zout, aardappelzetmeel, paprika, gistextract, kleurstof (paprika extract), knoflook, ui, cayennepeper.
Groente|natuurvriendelijke bloemkool|26.0|1.9|0.2|0.0|0.02|3.0|2.4|Bloemkool.* *van biologische oorsprong
Groente|Mini koolroosjes|26.0|1.9|0.2|0.0|0.02|3.0|2.4|bloemkool 100%
Vlees en gevogelte|Smaakbites 100g|579.0|57.0|39.0|14.0|2.5|0.0|0.0|varkensspek met zwoerd 97%, zeezout.
Vleesvervangers en zuivelvervangers|Deluxe vega kubusjes|176.0|19.3|6.6|3.4|1.403|8.2|1.7|Water, 14% plantaardige eiwitten (SOJA, TARWE), VRIJEUITLOOPKIPPENEI-EIWIT, zetmeel (aardappel, TARWE), palmvet, natuurlijk aroma (EI), azijn, MELKEIWITTEN, zonnebloemolie, specerijen, dextrose, zout, voedingszuur: citroenzuur, ijzer, vitamine B12.
Hartige sauzen|Roerbaksaus spicy ginger|178.0|0.7|0.6|0.05|4.23|41.5|34.5|water, dextrose, suiker, maltodextrine, zout, 4% sambal (rode pepers, zout, voedingszuur: azijnzuur, conserveermiddel: E211), 0,1% cayennepeper, knoflook,gemodificeerd maïszetmeel, gehydrolyseerd maïs- en SOJAEIWIT, aroma (GLUTEN), raapolie, voedingszuur: azijnzuur/citroenzuur, kleurstof: paprika-extract, verdikkingsmiddel: xanthaangom, conserveermiddel: E202.
Groente|Sneeuwberg slamelange|18.0|1.07|0.192|0.078|0.047|2.23|1.81|72% IJsbergsla, wortel, witte kool, rode sla. Dit product kan sporen van SELDERIJ bevatten.
Hartige sauzen|NL Sojasap|26.0|2.2|0.0|0.0|12.88|4.2|0.2|water, zout, tarwe, 3,5% sojaboon, maltodextrine. Waarvan toegevoegde suikers 0.00g per 100 milliliter en waarvan toegevoegd zout 12.88g per 100 milliliter
Hartige sauzen|FOODMEX SOJA SPRITZ 180ML|78.0|9.4|0.0|0.0|15.2|10.0|0.0|Ingrediënten Water, SOJABOON, TARWE, zout, conserveermiddel E211. E door de E.G. goedgekeurde hulpstof.
Hartige sauzen|Glutenvrije Sojanaat|90.0|8.0|0.0|0.0|14.0|9.0|2.0|water, 23% SOJABONEN*, TARWE*, zout. *Ingrediënten van biologische oorsprong.
Hartige sauzen|Zen Sojasaus Pure|60.0|9.1|0.0|0.0|13.0|5.5|0.0|water, 16% SOJABONEN, TARWE, zout.
Noten en zaden|Zomerbes melange|555.0|13.2|38.6|4.2|0.02|34.4|25.7|30% gezoete cranberry's (rietsuiker, cranberry, zonnebloemolie), 25% CASHEWNOTEN, 25% AMANDELEN, 20% WALNOTEN, plantaardige oliën (PINDA, zonnebloem). Dit product kan sporen van PINDA'S en andere NOTEN bevatten.
Noten en zaden|Zomerse bosbessenmix ongezouten|596.0|16.0|45.0|4.9|0.0|28.0|19.0|42% amandel, suiker, 15% hazelnoot, 10% cashewnoot, 9% gedroogde cranberry, 5% pecannoot, zonnebloemolie.
Noten en zaden|Kruidige notenmelange met tijm|595.0|9.0|45.0|6.5|0.5|36.0|24.0|24% cashewnoot, 22% pecannoot, 20% macadamianoot, ananassiroop, 11% cranberry, zonnebloemolie, 0,5% zeezout, ananassapconcentraat, 0,2% rozemarijn.
Vleesvervangers en zuivelvervangers|PLANTEN carpaccio SJ|129.0|4.6|10.0|2.9|1.35|4.3|0.5|gehydrolyseerd plantaardig eiwit (85% gerehydrateerd soja-eiwit, gerehydrateerd tarwe-eiwit), plantaardige olie (zonnebloem, kokos), basilicumconcentraat, pijnboompit, natuurlijke aroma's, specerijen, gemodificeerd aardappelzetmeel, zetmeel (aardappel, tapioca, maïs), geleermiddel (konjac [E425], carrageen [E407]), witte boon, zout, zuurteregelaar (appelzuur [E296], kaliumchloride [E508], citroenzuur [E330]), kleurstof (karamel [E150a]), stabilisator (guarpitmeel [E412]), kleurend radijsconcentraat, voedingszuur (melkzuur [E270]), conserveermiddel (melkzuur [E270]), wijnazijn, SOJAboon, kleurend wortelextract, rijst, ijzer, rook, gistextract, vitamine B12, verdikkingsmiddel (xanthaangom [E415])
Vleesvervangers en zuivelvervangers|Becal melk almond/vanille 1000 ml|54.0|3.0|3.5|0.4|0.13|2.5|2.4|Water, SOJABOON 6,9%, plantaardige oliën (zonnebloem, lijnzaad), suiker, emulgator (calciumcarbonaat), stabilisatoren (gellangom, guargum), zout, zuurteregelaar (dikaliumfosfaat), natuurlijk bourbon vanillearoma, natuurlijk aroma, kleurstof (bètacaroteen), vitamines B2, B12 en D.
Vleesvervangers en zuivelvervangers|Organische sojaboon-chocolademelk|69.0|3.4|2.4|0.7|0.14|8.1|7.8|sojabasis* (water, gepelde sojabonen* (7,8%)), ruwe rietsuiker*, magere cacao* (1,3%), chocolade* (1,1%), zeezout, stabilisator johannesbroodpitmeel), Bourbon vanille-extract *= afkomstig van biologische landbouw
Vleesvervangers en zuivelvervangers|Kokosmelkdrank|19.0|0.1|0.9|0.8|0.1|2.6|1.9|Water, 5% kokosmelk (kokoscrème, water), 3,8% rijst, verdikkingsmiddel: E412/E418, zuurteregelaar: E340, tricalciumfosfaat, emulgator: E322, zout, aroma, vitamines (vitamine B2, B12, D2).
Kruiden en specerijen|Fish Taquito|273.0|10.0|5.0|1.0|17.1|39.0|9.6|Kruiden en specerijen (paprika, gember, korianderblad, chilipeper, zwarte peper, guajillo chilipeper), ui, zout, knoflook, rode paprika, limoensappoeder, mangopoeder, tomaat, antiklontermiddel (siliciumdioxide).
Kruiden en specerijen|mengsel voor zeevruchten|271.0|8.8|5.1|0.9|26.9|43.6|6.5|zout, groenten (12% ui, 10% knoflook, 3% geroosterde knoflook), rijstebloem, specerijen (9% MOSTERDZAAD, venkelzaad, foelie, kardemom), specerijenextract, kruiden (3% dille, 3% peterselie, SELDERIJBLAD), natuurlijk aroma.
Kruiden en specerijen|Select Chef Mosselmix. 10g|280.0|35.9|6.34||10.0|||Ui, prei, selderij, wortel, peper, peterselie, laurier, tomaat, knoflook, tijm, zonnebloemolie en zout.
Kruiden en specerijen|Vistro Mix voor Gebakken Filet 24 g|297.0|15.7|2.7|0.4|18.75|47.0|22.4|Tarwebloem, smaakversterker: mononatriumglutamaat, dextrose, specerijen 14.5% (paprika, uienpoeder 3%, korianderzaad, gember, mosterdmeel, cayennepeper, komijn), zout 10.5%, aroma (bevat gerst, tarwe), zetmeel, peterselie, antiklontermiddel: siliciumdioxide, zonnebloemolie, Totale gehalte aan kruiden en specerijen: 15.5%.
Kruiden en specerijen|Meesterpot Hollandse mix voor mosselen|318.0|12.4|6.2|1.6|9.9|45.8|32.2|52% groenten (ui, tomaat, prei, wortel, knoflook), kruiden (bieslook, peterselie, dragon, dille), specerijen (peper, MOSTERDzaad, venkelzaad, kurkuma), zout, dextrose, smaakversterker: mononatriumglutamaat.
Kruiden en specerijen|Droogmarinade peperboot|206.0|6.8|6.1|1.6|39.1|23.9|4.1|specerijen (20% paprika, koriander, pepers, gember, kurkuma, foelie, komijn, chilies, nootmuskaat), zout, rijstebloem, groenten (ui, knoflook), kruiden.
Kruiden en specerijen|Zonnegoud Marinade 1kg|223.0|8.54|7.29|1.54|21.24|25.64|0.98|Zoutvervanger (zout 19,8%, dieetzout 18,2% [kaliumchloride], aroma), specerijen (koriander, paprikapoeder, kurkuma, zwarte peper, witte peper, komijnzaad, foenegriek, gember, piment, chillies, foelie, kardemom), rijstebloem, natuurlijke aroma's, gistextract, verdikkingsmiddel: E412, voedingszuur: citroenzuur, aroma, zout, antioxidant: E331, maltodextrine, zonnebloemolie.
Vleesvervangers en zuivelvervangers|KinderSmakje soja groeidrank 1+ 1l|59.0|1.2|2.4|0.2|0.083|7.8|2.2|water, maltodextrine, plantaardige oliën (koolzaadolie, zonnebloemolie), dextrose, 2% SOJAEIWIT, voedingsvezel (fructo-oligosacchariden), minerale zouten (trikaliumcitraat, magnesiumsubcarbonaat, tricalciumdicitraat, pentacalciumtrifosfaat, trinatriumcitraat, ijzerlactaat, zinksulfaat, kopersulfaat, mangaansulfaat, natriumseleniet), vitamines (ascorbinezuur (C), dl-alfa-tocoferolacetaat (E), niacine (B3), calcium-D-pantotenaat (B5), cholecalciferol (D), retinylacetaat (A), cyanocobalamine (B12), foliumzuur (M), thiaminehydrochloride (B1), riboflavine (B2), piridoxinehydrochloride (B6), fytomenadion (K), biotine (H)), aroma
Gebak en koek|Appelbroesel 4 stuks|317.79|0.0|17.0|0.0|0.0|36.0|0.0|appel, roomboter (MELK), TARWEBLOEM, suiker, rozijnen, zuurteregelaar(E330), kruiden en specerijen (kaneel), krenten, kleurstof(E160a), gemodificeerd zetmeel(E1422), bakkerszout, antioxidant(E300)
Gebak en koek|Kleine perenflapjes|408.0|5.4|23.0|17.0|0.38|44.0|14.0|TARWEbloem, 21% ROOMBOTER, 21% appel, water, suiker, krent, rozijn, gemodificeerd maiszetmeel, gejodeerd zout, kaneel, plantaardige olie (zonnebloem, raap), kleurstof (caroteen, E150c), aroma, zout, magereMELKpoeder, scharrelEIgeelpoeder, antioxidant (ascorbinezuur), zuurteregelaar (citroenzuur), verdikkingsmiddel (xanthaangom). Waarvan toegevoegde suikers 13g per 100 gram
Peulvruchten|nierbonen|100.0|8.0|0.7|0.3|0.0|12.0|0.5|kidneybonen, water
Vlees en gevogelte|Runderbal met uitjes 2st/100g|294.0|17.5|19.5|7.9|2.2|10.0|2.6|varkensvlees 84%, ui 5%, aardappelzetmeel, voedingsvezel (aardappel, bamboe, erwt, citroen, limoen), voedingszuren: E326, E262 en citroenzuur, gemodificeerd aardappelzetmeel, zout, specerijen, gehydrolyseerd koolzaadeiwit, dextrose, suiker, kruiden, zonnebloemolie, gebrande suiker, antioxidant: E301, aroma's, natuurlijk aroma, maltodextrine, rijstmeel, stabilisator: E450.
Vlees en gevogelte|Kruidige vleesballetjes 220g|285.0|16.0|21.0|8.6|1.93|6.5|0.7|varkensvlees 88%, aardappelzetmeel, voedingsvezels (aardappel, bamboe, erwt, citrus), voedingszuren: E262, E326 en citroenzuur, gemodificeerd aardappelzetmeel, zout, specerijen, gehydrolyseerd koolzaadeiwit, dextrose, suiker, kruiden, zonnebloemolie, stabilisator: E450, antioxidant: E301, natuurlijk aroma, aroma, rijstmeel, gistextract, gebrande suiker, maltodextrine.
Vlees en gevogelte|Kruidige Gehaktballetjes 210g|254.0|14.7|17.8|7.2|1.75|8.2|4.0|pittige gehaktballetjes 84,5% (varkensvlees 72,7%, specerijen, zout, TARWEmeel, kruiden, vezels [TARWE, erwten, limoen, citroen], rode paprika, aardappelzetmeel, voedingszuren: E326 en citroenzuur, TARWEbloem, suiker, gehydrolyseerd koolzaadeiwit, zonnebloemolie, aroma's, gebrande suiker, maltodextrine, antioxidant: E301, gistextract, GERSTemoutextract, stabilisator: E450, dextrose), pittige saus 15,5% (water, suiker, azijn, gemodificeerd maïszetmeel, specerijen, paprikagranulaat, groenten [rode paprika, tomatenpuree, ui], zout, natuurlijke aroma's, peterselie, voedingszuur: melkzuur, stabilisator: E415, citroensap, extract van paprika, verdikkingsmiddel: E412, conserveermiddelen: E211 en E202).
Vleesvervangers en zuivelvervangers|Cheeseburger 2pk/150g|303.0|15.7|23.8|9.59|1.46|6.4|0.64|varkensvlees 76%, paneermeel 7,7% (TARWEbloem, zout, gist, kurkuma, kleurstof: E100), Franse Emmentaler 7,3% (gepasteuriseerde MELK, zout, startercultuur, vegetarisch stremsel), water, zout, dextrose, specerijen (witte peper, nootmuskaat, foelie), scharrelEIpoeder, antioxidanten: E300, E301, E331 en citroenzuur, conserveermiddel: E262. Kan bevatten: soja, selderij en mosterd.
Vleesvervangers en zuivelvervangers|Rondo broccoli brie 180g|189.0|10.4|7.7|4.0|1.49|18.4|0.5|bladspinazie 28,6%, kaas 23% (melk, zout, zuursel, vegetarisch stremsel), witte rijst 19,1%, tarwebloem, water, zetmeel (aardappel, tarwe, maïs), zonnebloemolie, vrije uitloopeiwitpoeder, zout, verdikkingsmiddel: E461, tarwegluten, witte peper, basilicum, aroma's, aardappelvezel, knoflookpuree, maltodextrine, mineraal: ijzer(II)gluconaat, vitamine B12.
Kruiden en specerijen|Sivla mojito citrus marinade zk|259.0|5.6|2.1|0.4|25.12|49.3|26.8|Zout 26%, specerijen 24,2% (gedroogde knoflook, paprika, gedroogde ui, komijn, zwarte peper, pikante Spaanse peper), suiker, groene paprika, natuurlijk limoenaroma, gemodificeerd zetmeel, gedroogde sinaasappelschil, voedingszuur: citroenzuur, kruiden 2,8% (munt, oregano, peterselie), anti-klontermiddel: siliciumdioxyde. Totale gehalte aan specerijen en kruiden: 27%.
Vleesvervangers en zuivelvervangers|Plantaardige knapperlingen|141.0|1.9|5.4|0.5|1.14|18.4|1.1|39% Rijst, water, bloem (TARWE, rijst), raapzaadolie, verdikkingsmiddel: E461, specerijen, gedroogde groenten (ui, tomaat), aroma, zetmeel (TARWE, maïs), dextrine, zout, suikerrietvezel, gistextract, dillezaad, rijsmiddel: E500, gebufferd azijnpoeder (conserverend ingrediënt), voedingszuur: citroenzuur, gist.
Graanproducten en bindmiddelen|CHOCO CRUNCH 330g|386.0|6.3|1.9|0.9|0.65|84.0|17.0|Rijst, suiker, glucosesiroop, cacaopoeder met verlaagd vetgehalte, zout, cacaomassa, GERSTEMOUTEXTRACT, aroma's. VITAMINEN EN MINERALEN: Niacine, ijzer, vitamine B6, riboflavine, thiamine, foliumzuur, vitamine D, vitamine B12.
Vlees en gevogelte|Koop - Nederlandse vleesbolletjes|317.0|15.8|25.0|9.23|2.07|7.1|1.2|varkensvlees, varkensseparatorvlees, TARWEbloem, zout, voedingszuren: E326/E262, dextrose, plantaardige olie (zonnebloem), ui, aardappelzetmeel, specerijen, smaakversterker: E621, gehydrolyseerd maïs eiwit, gist. Voor 100 gram eindproduct is 61 gram varkensvlees en 39 gram varkensseparatorvlees gebruikt.
Vlees en gevogelte|Hanzens heerlijk gehaktbolletjes|328.0|12.7|27.9|10.3|2.02|5.5|1.4|varkensvlees* 82%, ui, TARWEBLOEM, varkensvet*, zout, plantaardige vezel, voedingszuren: E326, E262, dextrose, aardappelzetmeel, zonnebloemolie, stabilisatoren: E451, E450, specerijen, gehydrolyseerd maïs eiwit, gist. * = Beter Leven keurmerk 1 ster.
Suiker, snoep, zoet beleg en zoete sauzen|BERTHELD'S CLASSIC SWIRL|424.0|0.3|8.4|5.7|1.0|86.9|71.6|suiker, glucosestroop, ROOM (7,4%), gecondenseerde WEI, BOTER (4,8%), rietsuikerstroop, zout, emulgator: lecithinen (SOJA), aroma.
Suiker, snoep, zoet beleg en zoete sauzen|WERTHER'S HERITAGE ROLL_DELIGHT|424.0|0.3|8.4|5.7|1.0|86.9|71.6|suiker, glucosestroop, ROOM (7,4%), gecondenseerde WEI, BOTER (4,8%), rietsuikerstroop, zout, emulgator: lecithinen (SOJA), aroma.
Vleesvervangers en zuivelvervangers|Valisse filet direct 150 g|131.0|15.2|4.1|0.6|1.5|6.2|1.4|74% magere melk, tarwezetmeel, zonnebloemolie, verdikkingsmiddel (calciumalginaat, methylcellulose), tarwegluten, stabilisator (kaliumlactaat, polyfosfaat), vrije uitloop kippenei-eiwit, tarwebloem, havervezel, maïszetmeel , erwteneiwit, glucosestroop, dextrose, aroma, peper, knoflook, zout, ijzer
Vleesvervangers en zuivelvervangers|NATURE DELIGHT plantaardige Filet Royale|260.0|9.4|21.0|2.2|1.8|7.0|0.7|Water, plantaardige oliën (zonnebloem, raapzaad), gerehydrateerd SOJA-eiwit (17%), gerehydrateerd TARWE-eiwit (15%), ui, zetmeel (aardappel, rijst), glucosestroop, zout, scharrelEI-eiwitpoeder, erwtvezel, aroma's, MOSTERDzaad, gist, gistextract, paprika, azijn, gehydrolyseerd eiwit (TARWE, SOJA, maïs), scharrelEIgeel, stabilisatoren (guarpitmeel, Arabische gom, xanthaangom, E450, E451, E452, E466), kruiden en specerijen, kleurstoffen (caroteen, paprika-extract, E163, E172), champignon, suiker, dextrose, zuurteregelaars (citroenzuur, E327), MELKeiwit, TARWEbloem, antioxidant (ascorbinezuur), conserveermiddelen (kaliumsorbaat, E211) Kan sporen van SESAM en SELDERIJ bevatten.
Vleesvervangers en zuivelvervangers|Smaeck Plant-Based Crème Parisien Naturel 150 g|280.0|10.0|23.3|1.8|1.7|5.7|4.5|Magere melk 45%, plantaardige oliën (koolzaad, raapzaad), water, scharreleigeel, verdikkingsmiddelen E404 E412 E415 E461, getextureerd tarwe-eiwit, aroma's (bevat melk, mosterd), dextrose, specerijen (bevat mosterd), zout, vrije uitloop kippenei-eiwit, azijn, tomatenpuree, melkeiwitten, suiker, havervezel, stabilisatoren E331 E452, gedroogde groente (champignon, tomaat), voedingszuren E260 E326 E330, glucose- en fructosestroop, gefermenteerde suiker, gehydrolyseerde plantaardige eiwitten (bevat soja), gistextract, gemodificeerd maïszetmeel, maltodextrine, rijstzetmeel, conserveermiddel E202, specerijextracten (selderij, paprika, chilipeper, knoflook), lavas, ijzer
Vleesvervangers en zuivelvervangers|Groenwurstjes|150.0|7.0|10.0|1.1|2.15|5.0|2.0|water, groente (ui, wortel), zonnebloempit, zonnebloemolie, verdikkingsmiddel (methylcellulose [E461], carrageen [E407], konjac [E425]), zout, aroma, dextrose, specerijen, voedingszuur (melkzuur [E270]), kleurstof (ijzeroxide en -hydroxide [E172]), zuurteregelaar (kaliumlactaat [E326]), rook, conserveermiddel (kaliumacetaat [E261]).
Vleesvervangers en zuivelvervangers|Plant Power Sausijtjes 160g|275.0|22.0|18.0|1.8|1.2|7.3|0.7|water, gehydrateerd eiwit* 20% (erwt en tuinbon), TARWEGLUTEN*, zonnebloemolie*, kikkererwtenmeel* 3%, aardappelzetmeel*, tapiocazetmeel*, tuinbonenmeel* 3%, TARWEbloem*, zout, natuurlijk aroma, kruiden*, uipoeder*. *=biologisch. Kan sporen bevatten van andere glutenbevattende granen, sesamzaad.
Vleesvervangers en zuivelvervangers|Plantarische Bratje 2st.|153.0|15.0|7.8|1.2|1.7|5.3|1.3|SOJASTRUCTUUR 67% (water, SOJA-EIWIT, TARWE-EIWIT), ui, raapzaadolie, vrije-uitloop KIPPENEI-EIWIT, aroma, zetmeel (aardappelzetmeel, tapiocazetmeel), kruiden, specerijen, zout, suiker, dextrose, kleurstof (karamel), ijzer, vitamine B12. Geproduceerd in een bedrijf waar noten en pinda's worden verwerkt.
Vleesvervangers en zuivelvervangers|Green Harmony Plant-Based Sausages Vienna|182.0|17.5|10.1|0.9|1.9|4.9|1.0|Water, Geisoleerdesoja-eiwit (10,86%), koolzaadolie, tarwe eiwit (gluten) (7,28%), gemodificeerd zetmeel, zout, aroma, verdikkingsmiddel: carrageenan, rode paprika poeder, kleurstoffen: ijzeroxide en ijzerhydroxide, rooksmaak.
Vleesvervangers en zuivelvervangers|Vegera Lupin Vegetarisch Frisse Worstkruiden 4 stuks 170 g|213.0|15.6|10.7|3.0|2.2|10.8|2.6|57% gerehydrateerd lupine- en erwten-eiwit, 12% kaas, zonne- bloemolie, aardappelzetmeel, water, kippenei-eiwit [vrije uitloop], dextrose, zout, aardappelvezels, rode paprika, rijstebloem, aardappeleiwit, ui, kruiden en specerijen, aroma's (bevat soja), rode bietenpoeder, maltodextrine, uienpoeder, tarwevezels, gistextract, gedroogde glucosestroop, tomaat, knoflookpoeder, suiker, chilipoeder, knoflook, tomatenpoeder, wortelpoeder, ijzer, vitamine B12
Samengestelde gerechten|Maaltijdsalade geitenkaas quinoa 400g|109.0|4.11|5.062|2.365|0.74|11.029|3.465|couscous 25% (couscous [TARWE], water, ui, tomaat, olijfolie, zout, tomatenpuree, korianderblad, kurkuma, zwarte peper, gistextract, Spaanse peper, knoflook, gember), slamix (romaine sla, radicchio rosso, rucola), fetakaas 12,5% (schapenMELK, geitenMELK, zout, zuursel, vegetarisch stremsel), yoghurt-knoflookdressing (water, magere yoghurt [MELK], raapzaadolie, suiker, azijn, scharrelEIgeel, mosterd [water, MOSTERDzaad, azijn, zout, kurkuma], zout, knoflook, verdikkingsmiddelen: E412 en E415), granaatappelpitjes, komkommer, rode ui, gegrilde rode paprika, gegrilde courgette, gegrilde aubergine.
Samengestelde gerechten|BL Luxe Kruidige Kipsalade 450 g|223.8|5.72|16.34|1.53|1.23|12.33|1.66|Gekookte penne (29%)(water, pasta (durum tarwegries) (GLUTEN)), groente (SELDERIJ) (zilverui, augurk, selderij (SELDERIJ), wortel), kippenvlees (17%), plantaardige olie (raapzaad), water, scharrelei (EI), zout, kruiden & specerijen, voedingszuur (E326, E330, E385, E260), glucosestroop, conserveermiddel (E211, E202, E250), stabilisator (E451), antioxidant (SULFIET) (E301, E223 (SULFIET)), lactose (MELK), gistextract, verdikkingsmiddel (E412), azijn, glucose-fructosestroop, mosterd (MOSTERD) (water, mosterdzaad (MOSTERD), azijn, specerijen), suiker, gemodificeerd zetmeel (maïs), aroma, kleurstof (E160a), zoetstof (E954), ui.
Samengestelde gerechten|AH Mega salade pasta kalkoen-speck|173.0|7.3|9.1|1.4|0.83|15.0|2.7|water, groente (15% rode paprika, 8,5% maïs, 2,7% rucola), durumtarwegriesmeel, 11% kipfilet, plantaardige olie (koolzaad, zonnebloem), 6,7% varkensvlees, kruiden (o.a. 1,4% peterselie), 1,5% magere yoghurt, zout, suiker, natuurlijk aroma, specerijen, antioxidant (natriumascorbaat [E301], extracten van rozemarijn [E392]), azijn, gemodificeerd maïszetmeel, voedingsvezel (aardappel, citrus, bamboe), dextrose, rook, conserveermiddel (natriumnitriet [E250]), verdikkingsmiddel (xanthaangom [E415]), rozemarijnextract. Waarvan toegevoegde suikers 0.6g per 100 gram en waarvan toegevoegd zout 0.82g per 100 gram
Samengestelde gerechten|Maaltijdsalade kalkoen mango|110.0|5.583|3.677|0.456|0.509|12.842|1.607|27% Slamix (groene eikenbladsla, rode eikenbladsla, peen, witte kool, rucola) 23% gekookte volkoren pasta (TARWEGRIESMEEL, water, zout, raapzaadolie), 18% roma tomaten, 15% gegaarde kip (kip, aardappelzetmeel, zout, dextrose), 12% avocadodressing (water, groenten [1,3% avocadopuree [avocado, limoensap], ui, knoflook, tomaat (bevat zuurteregelaar: E300)], koolzaadolie, maiszetmeel, natuurazijn, glucose-fructosestroop [honing, invertsuiker], zout, SCHARRELEIGEELPOEDER, natuurlijk aroma, verdikkingsmiddel: E415/E412, kleurstof:E141/E161b, jalapeno-extract), 3,8% tortillachips (maïsbloem, zonnebloemolie, zout, uipoeder, maltodextrine, gistextract, specerijen, dextrose, knoflookpoeder, tomatenpoeder, suiker, voedingszuur: citroenzuur, kleurstof: paprikaextract, aroma's), 1,1% bruscettamix (tomaat, paneermeel [TARWEMEEL, gist, specerijen (paprika, kurkuma), zout, dextrose], rode paprika, kruiden [oregano, basilicum, peterselie, salie], wortel, olijfolie, knoflook, zongedroogde tomaat poeder, ui, zout, zwarte peper, paprika-extract, zonnebloemolie, aroma, basilicumextract). Kan sporen bevatten van pindas, noten en sesam.
Samengestelde gerechten|Salademix quinoa/basilicum kip 350g|129.0|5.5|8.9|2.6|0.58|5.6|3.9|gekookte parelcouscous 14,3% (water, TARWEbloem), gekruide gegaarde kippendij 13,2% (kippendij 12,6%, zout, witte peper, aardappelzetmeel, dextrose, conserveermiddel: E261, zuurteregelaar: citroenzuur), courgette 12,9%, komkommer 10,7%, romana sla 8,6%, pruimtomaat 5,7%, pestodressing 5,7% (koolzaadolie, basilicum, peterselie, extra vierge olijfolie, zout, smeltkaaspoeder [kaaspoeder (cheddarkaas [gepasteuriseerde MELK, zout, vegetarisch stremsel, kleurstoffen: E160b(i) en E160b(ii), zuursel], kaas [gepasteuriseerde MELK, zout, vegetarisch stremsel, conserveermiddel: E251, kleurstoffen: carotenen, E160b(i) en E160b(ii), zuursel]), smeltzout: E339], natuurazijn, knoflookpoeder, voedingszuur: citroenzuur, conserveermiddel: E202), rode paprika 4,3%, gele paprika 4,3%, groene pesto 3,9% (olijfolie, basilicum, boter [MELK], zonnebloemolie, Parmigiano Reggiano [rauwe MELK, zout, zuursel, dierlijk stremsel], Pecorino Romano [gethermiseerde schapenMELK, zout, dierlijk stremsel], WALNOOT, zout, knoflookpuree, pijnboompitten, antioxidant: E300), kaasschilfers 3,7% (gepasteuriseerde MELK, zout, vegetarisch stremsel, zuursel), spinazie 2,9%, radicchio rosso 2,9%, halfgedroogde tomaat 2,9% (halfgedroogde tomaat, zonnebloemolie, zout, knoflook, oregano, basilicum, majoraan, rozemarijn), rucola 1,4%, rode ui 1,4%, water, conserveermiddelen: azijnzuur en E261, zout, specerijenextract (nootmuskaat, zwarte peper, witte peper), rozemarijnextract. Kan bevatten: gerst (gluten), spelt (tarwegluten), ei, soja, selderij, mosterd en sesam.
Samengestelde gerechten|Prime Feast maaltijd salade van de maand exotische kip 400gram|114.0|4.8|5.7|0.7|0.8|10.4|3.5|28% slamix (radicchio rosso, lollo rosso, witte kool, cancan sla), 25% gekookte gele noodles (water, TARWEBLOEM, zout, aardappelzetmeel, kleurstof: curcumine, raapzaadolie), 13% rundvleesreepjes (12% rundvlees, dextrose, zuurteregelaar: E500, zout, gemodificeerd tapiocazetmeel, peper, gemberpoeder, antioxidant: E331/E407, melasse, suiker, maïsstroop, azijn, gemodificeerd maïszetmeel, ui, knoflook, gehydrolyseerd SOJA eiwit, conserveermiddel: melkzuur, natuurlijk aroma, rijst, citrusvezel, gehydrolyseerd maïs eiwit, aspergilus oryzae), 12% sesamdressing (plantaardige oliën (koolzaad, 0,5% SESAM), water, suiker, 0,8% SESAMzaad, sojasaus (water, SOJA, TARWE, zout), natuurazijn, misopasta (water, SOJAbonen, rijstextract, zout, gist), zeezout, dijon MOSTERD (water, MOSTERDzaad, natuurazijn, zout, voedingszuur: E330, antioxidant: E224), vrije-uitloopEIGEELpoeder, gistextract, verdikkingsmiddel: E415), 8,8% peen, 7,5% radijs, 6,3% rode paprika.
Samengestelde gerechten|Prime feast maaltijdsalade kalkoen 400gram|107.0|5.5|5.1|0.5|0.4|9.2|2.0|35% slamix (ijsbergsla, lollo rosso, wortel, witte kool), 28% gekookte pasta (water, TARWEGRIESMEEL, raapzaadolie, zout), 16% gegaarde kip (kip, aardappelzetmeel, zout, dextrose), 12% yoghurtdressing (raapzaadolie, water, yoghurt), (MELK), KARNEMELKPOEDER, natuurazijn, suiker, maiszetmeel, zout, gefermenteerd rietsuiker, EIGEELPOEDER (scharrel), gepasteuriseerd citroensap, bieslook, peper, gedroogde ui, gedroogde knoflook), 4,4% komkommer, 4,4% wortel. Allergenen: TARWE (GLUTEN), MELK, EI.
Samengestelde gerechten|westerse mihoen goreng met lu yong kai 450 gr|142.0|5.84|4.68|1.14|0.83|18.71|4.21|60% Bami Goreng: 65% gekookte TARWEMIE (water, TARWEMIE (durum TARWE, water)), 13% prei, 8% ham (60% varkensvlees*, water, aardappelzetmeel, zout, varkenseiwit, stabilisator: E407/E450/E451, antioxidant: E301, natuurlijk aroma, conserveermiddel: E250), 8% VRIJE-UITLOOPKIPPENEI**, volledig geraffineerde sojaolie, 1,9% gemarineerd gegaard varkensvlees (93% varkensvlees, water, zout, suiker, gember, anijszaad, venkelzaad, peperkorrels, kaneel, peper), suiker, zout, gistextract (gistextract, zout, zonnebloemolie). 40% Foe Yong Hai: 34% gebakken VRIJE-UITLOOPKIPPENEI**, water, 8% champignons, suiker, 4% tomatenpuree, 4,% ui, 4% wortel, 4% bamboescheuten, 3% doperwten, 3% prei, TARWEMEEL, azijn (water, azijn, kleurstof: karamel), plantaardige oliën (volledig geraffineerde soja, raapzaad, SESAM), zout, gistextract (gistextract, zout, zonnebloemolie), margarine (water, plantaardige oliën (zonnebloem, lijnzaad, palm, koolzaad), gemodificeerd maïszetmeel, emulgator: E322/E471, conserveermiddel: E202, voedingszuur: E330, natuurlijk aroma, vitamines (vitamine A, D)), witte peper. * = Beter Leven keurmerk 1 ster ** = Beter Leven keurmerk 2 sterren Dit product kan sporen van PINDA'S bevatten.
Samengestelde gerechten|VOLGEVULDE NOEDELS SATE|168.0|8.7|7.5|1.3|1.0|15.6|5.6|56% rijkgevulde bami (25,7% gekookte TARWEmie (water, durumTARWE), 6,7% gemarineerde gegaarde kip (6,1% kippendij*, suiker, tomatenpuree, water, zout, SOJA-eiwit, SOJAbonen, TARWEmeel, gedroogde zoete aardappel, gember, specerijen, kleurstof: E150a, gemodificeerd maïszetmeel, knoflook, SESAMzaadpasta, specerijen, chilipeper), 4,5% broccoli, 4,5% vrije UITLOOPEI**, 2,2% ui, 2,2% wortel, 2,2% gele paprika, 2,2% rode paprika, plantaardige oliën (volledig geraffineerde soja, raapzaad, SESAM), 1,1% paksoi, 1,1% peultjes, suiker, zout, water, gistextract, gemodificeerd maïszetmeel, OESTERextracten (WEEKDIER), kleurstof: E150c). 44% saté ajam (water, 12,2% gemarineerde gegaarde kip (11,7% kipfilet*, volledig geraffineerde sojaolie, sambal (gemalen chilipepers, zout, water), suiker, citroensap, knoflook, koriander, komijnzaad, zout, water, SOJA-eiwit, kurkuma, kleurstof: E150a), 7,3% gemalen PINDA, suiker, ui, volledig geraffineerde sojaolie, tomatenpuree, TARWEmeel, knoflook, gember, zout, gehydrolyseerd SOJA- en maïseiwit, aroma (bevat SELDERIJ), gistextract, sambal (gemalen chilipepers, zout, water), azijn, kleurstof: E150a/E150c). * = Beter Leven keurmerk 1 ster. ** = Beter Leven keurmerk 2 ster
Brood|Fluweellichte crackers puur|380.0|13.0|3.5|0.7|1.63|72.0|5.2|98% TARWEMEEL, weipoeder (MELK), suiker, zonnebloemolie, zout.
Samengestelde gerechten|Rijst Kipsaté 450g|144.0|6.595|4.917|1.403|0.858|17.662|6.309|nasi met groenten 40% (nasi goreng 27,9% [rijst 25% (water, rijst), ketjap (melasse, water, sojasaus [water, SOJAbonen, TARWE, zout], zout, azijn, salmiakzout), sojasaus (water, SOJAbonen, TARWE, zout), rode peper, knoflookpuree (knoflook, water, azijn, zout), nasi kruiden (maltodextrine, TARWEzetmeel, gedroogde ui, natuurlijk aroma [SOJA], gefrituurde knoflook [knoflook, zonnebloemolie], zout, specerijen [komijn, chilipeper, witte peper, koriander]), zonnebloemolie], prei 4,9%, gekookte wortel 3,8%, roerei 3,3% [scharrelEI 2,6%, water, koolzaadolie, aardappelzetmeel, zout, geconcentreerde citroensap, specerijen (witte peper, kurkuma, paprikapoeder)], gebufferd azijnpoeder [conserverend ingrediënt]), oerap-oerap 31,1% (wortel 12,8%, sperziebonen 12,8%, oerapsaus 4,8% [water, suiker, ui, sojasaus (water, SOJAbonen, zout, alcoholazijn), rode peper, geraspte kokos, citroensap, rijstazijn, gemodificeerd maïszetmeel, specerijen (gember, laos, witte peper, knoflook), kokosmelkpoeder (kokosmelk, maltodextrine, MELKeiwitten), zout, natuurlijk aroma, conserveermiddelen: E202 en E211], gemalen kokos, gebufferd azijn [conserverend ingrediënt]), saté met kippendij 28,9% (satésaus 14,4% [water, zonnebloempitten, suiker, dextrose, rietsuiker, zout, natuurazijn, gemodificeerd aardappelzetmeel, specerijen (knoflookpoeder, gemberpoeder, cayennepeper), citroengras, paprikagranulaat, voedingszuur: melkzuur, gebrande suiker, verdikkingsmiddel: E412, conserveermiddel: E202, natuurlijk citroenaroma, aroma], kippenvlees 14%, gebufferd azijnpoeder [conserverend ingrediënt], gemodificeerd maïszetmeel, TARWEbloem, rijstebloem). Kan bevatten: selderij.
Vleesvervangers en zuivelvervangers|Lekkr Gegrind Smeltkaas Traditie 150 g|249.0|1.3|17.0|14.8|2.0|22.8|0.0|Water, geraffineerdekokosolie (17,5%), gemodificeerd aardappelzetmeel, zetmeel, antiklontermiddel: aardappelzetmeel, zeezout, aardappeleiwit, olijfextract, aroma, kleurstof: caroteen
Vleesvervangers en zuivelvervangers|Vegya Artisan Block Set|268.0|1.4|17.0|8.8|1.99|27.0|0.2|Water, 25% tapiocazetmel, 10% kokosolie, plantaardige oliën (saffloerolie, koolzaadolie in verschillendeverhoudingen), natuurlijke aroma's, kikkererwteneiwit, zout, verdikkingsmiddel: calciumfosfaten, zuur: melkzuur, stabilisatoren: konjak, xantaangom, geconcentreerd pompoensap, gistextract
Samengestelde gerechten|Maaltijdsalade kip en kaas met quinoa|119.0|4.193|6.646|0.984|0.364|10.061|2.069|28% Pasta (water, durumgriesmeel (TARWE)), 19% dressing (water, raapolie, witte wijn (SULFIET), azijn, suiker, gemodificeerd maïszetmeel, verdikkingsmiddel: E412/E1414/E401/E410/E407, gedroogde groenten (spinazie, ui), zout, kruiden en specerijen (basilicum, peper, peterselie), SCHARRELEIGEELPOEDER, knoflook, gistextract, conserveermiddel: E202/E211, stabilisator: E514, natuurlijk citroenaroma, kleurstof: E160a, zwarte peperextract), ijsbergsla, 10% SCHARRELEI (SCHARRELEI, zout, voedingszuur: E330, conserveermiddel: E260), wortel, andijvie, 5,0% rode paprika, 5,0% gele paprika, 3,0% bacon (varkensvlees, zout, suiker, antioxidant: E301/E392, conserveermiddel: E250). Dit product kan sporen van NOTEN, PINDA'S en SESAM bevatten.
Samengestelde gerechten|Pasta schotel zeevruchten|230.0|6.3|14.2|1.3|1.26|18.8|4.3|45% gekookte pasta penne (water, TARWEgriesmeel, scharrelEI-EIWIT), plantaardige oliën (raap-, extra vergine olijf-), 11% tonijn (VIS), 9% rode paprika, water, 4% olijf, 4% groene paprika, suiker, azijn, specerijen (MOSTERD), zout, honing, voedingszuur: E270/E300/E330, conserveermiddel: E202/E211, natuurlijke aroma's, aardappelzetmeel, verdikkingsmiddel: E415, stabilisator: E579. Kan sporen bevatten van NOTEN en PINDA's. Uit een MSC gecertificeerde duurzame visserij. www.msc.org/nl (MSC-C-54799)
Samengestelde gerechten|Boerderij aardappelsalade, 700 gram|161.0|1.8|9.7|0.8|1.49|15.5|3.3|aardappel 65,6%, water, raapzaadolie, zilverui, suiker, azijn, zout, scharreleigeel, maïszetmeel, lactose (melk), gemodificeerd maïszetmeel, gistextract, conserveermiddelen: E200, E202 en E211, specerijen, verdikkingsmiddelen: E415 en E412, voedingszuur: melkzuur, uipoeder, knoflookpoeder, gedroogde ui, citroensapconcentraat, glucosestroop, mosterdzaad, uienextract, natuurlijke aroma's.
Peulvruchten|Oogst No. 2 Peulvruchten mix|150.0|11.0|0.89|0.17|0.06|18.3|1.5|een mix van zwarte, zwarte ogen, witte, rode, kievits en bruine bonen. Kan sporen van soja en gluten bevatten.
Melk en melkproducten|HENDRIKS KVARNO Puur Lactosevrij|60.0|11.3|0.2|0.1|0.1|3.3|3.3|Gepasteuriseerde MELK, lactase, melkzuurbacteriën, microbieel stremsel.
Groente|groene vuur pepertjes|28.0|1.1|0.3|0.1|0.1|4.9|2.3|groene pepers, water, azijn, zout, voedingszuur: E270
Groente|Sambal schijven gesneden 215g|20.0|0.8|0.5|0.1|4.1|4.3|2.8|Jalapeno-pepers (55%), water, azijn, zout, verstevigingsmiddel (E509), knoflook.
Groente|Sugary Pep Gold Zoete Chili 2900gram|90.0|2.0|0.0|0.0|0.48|21.0|17.0|Gele zoete pepers, water, suiker, azijn, zout, antioxidant: ascorbinezuur, acidulant: citroenzuur, verstevigingsmiddel: E509.
Soepen|Karwijsoep|29.0|0.5|1.0|0.4|0.79|4.3|2.8|Water, 28% pompoen, 15% groenten (9,3% wortel, BLEEKSELDERIJ, ui, peterselie), aardappel, suiker, 1,1% slagroom (MELK), gemodificeerd maïszetmeel, zout, raapzaadolie, natuurlijk aroma, knoflook, zwarte peper, nootmuskaat.
Vleeswaren|Varkensbroodje grove ui/knoflook|240.0|15.0|18.0|7.5|2.2|4.2|1.1|varkensvlees 90%, zout, TARWEbloem, voedingszuren: E262, E326, E330, gedroogde ui 1,1%, gehydrolyseerd koolzaadeiwit, aardappelzetmeel, dextrose, vezels (TARWE, erwt, aardappel, bamboe, limoen, citroen), specerijen, stabilisatoren: E450, E451, E452, gistextract, kruiden, bieslook 0,02%, antioxidant: E301, gemodificeerd aardappelzetmeel, maltodextrine, suiker, aroma, glucosestroop, gebrande suiker, natuurlijk aroma, conserveermiddelen: E250, E252, rook. Varkensrollade met gehaktvulling (17%), bacon (5%), gedroogde ui en bieslook. Varkensvleesproduct.
Suiker, snoep, zoet beleg en zoete sauzen|Powero energie puur|364.0|0.0|0.6|0.6|0.1|91.0|82.0|Dextrose (89 %), Maltodextrin, Acidifier (Citric Acid), Anti-caking Agent (Magnesium salts of fatty acids),flavouring
Gebak en koek|Kruimeltje sprinkelzoet|420.0|4.0|7.5|3.5|1.03|83.0|51.0|Kruidnoten: TARWEBLOEM, suiker, plantaardige oliën (palm, raap), glucose-fructosestroop, kruidnootjeskruiden (bevat kaneel), rijsmiddelen (E500, E 450), gebrande suiker, zout, emulgator (SOJALECITHINE). Suikerwerk: suiker, glucose-fructosestroop, glucosestroop, gelatine, dextrose, kleurstoffen (E120, E140, E131, E160a, E163), natuurlijke aroma's, gemodificeerd zetmeel, saffloerextract, voedingszuur (E330), kurkuma-extract, brandnetel- en spinazie-extract, vlierbessenconcentraat, plantaardig vet (palm). Gemaakt in een bakkerij waar ook andere gluten, pinda's en melk worden verwerkt.
